INFO    | Storing crashdata in: /tmp/android-vansh/emu-crash-34.1.20.db, detection is enabled for process: 45414
INFO    | Android emulator version 34.1.20.0 (build_id 11610631) (CL:N/A)
INFO    | Found systemPath /Users/vansh/Library/Android/sdk/system-images/android-30/google_apis_playstore/arm64-v8a/
WARNING | Please update the emulator to one that supports the feature(s): Vulkan
WARNING | FeatureControl is requesting a non existing feature.
cannot add library /Users/vansh/Library/Android/sdk/emulator/qemu/darwin-aarch64/lib64/vulkan/libvulkan.dylib: failed
added library /Users/vansh/Library/Android/sdk/emulator/lib64/vulkan/libvulkan.dylib
initialize: Supports id properties, got a vulkan device UUID
INFO    | Storing crashdata in: /tmp/android-vansh/emu-crash-34.1.20.db, detection is enabled for process: 45414
INFO    | Duplicate loglines will be removed, if you wish to see each individual line launch with the -log-nofilter flag.
INFO    | Warning: QMetaObject::connectSlotsByName: No matching signal for on_new_posture_requested(int) ((null):0, (null))
INFO    | Warning: QMetaObject::connectSlotsByName: No matching signal for on_dismiss_posture_selection_dialog() ((null):0, (null))
INFO    | Warning: QMetaObject::connectSlotsByName: No matching signal for on_new_resizable_requested(PresetEmulatorSizeType) ((null):0, (null))
INFO    | Warning: QMetaObject::connectSlotsByName: No matching signal for on_dismiss_resizable_dialog() ((null):0, (null))
INFO    | Warning: QMetaObject::connectSlotsByName: No matching signal for on_sleep_timer_done() ((null):0, (null))
INFO    | Crash reports will be automatically uploaded to: https://clients2.google.com/cr/report
library_mode host gpu mode host
Initializing hardware OpenGLES emulation supportandroid_startOpenglesRenderer: gpu infoI0414 10:35:33.269748 a301f00 HealthMonitor.cpp:279] HealthMonitor disabled.
createGlobalVkEmulation:964 Selecting Vulkan device: SwiftShader Device (LLVM 10.0.0)
I0414 10:35:33.346840 a301f00 VkCommonOperations.cpp:1226] Initializing VkEmulation features:
I0414 10:35:33.346846 a301f00 VkCommonOperations.cpp:1227]     glInteropSupported: false
I0414 10:35:33.346847 a301f00 VkCommonOperations.cpp:1228]     useDeferredCommands: true
I0414 10:35:33.346848 a301f00 VkCommonOperations.cpp:1230]     createResourceWithRequirements: true
I0414 10:35:33.346849 a301f00 VkCommonOperations.cpp:1231]     useVulkanComposition: false
I0414 10:35:33.346850 a301f00 VkCommonOperations.cpp:1232]     useVulkanNativeSwapchain: false
I0414 10:35:33.346851 a301f00 VkCommonOperations.cpp:1233]     enable guestRenderDoc: false
I0414 10:35:33.346852 a301f00 VkCommonOperations.cpp:1234]     ASTC LDR emulation mode: 2
I0414 10:35:33.346853 a301f00 VkCommonOperations.cpp:1235]     enable ETC2 emulation: true
I0414 10:35:33.346854 a301f00 VkCommonOperations.cpp:1236]     enable Ycbcr emulation: false
I0414 10:35:33.346855 a301f00 VkCommonOperations.cpp:1237]     guestUsesAngle: false
I0414 10:35:33.346855 a301f00 VkCommonOperations.cpp:1238]     useDedicatedAllocations: false
I0414 10:35:33.347309 a301f00 FrameBuffer.cpp:486] Graphics Adapter Vendor Google (Apple)
I0414 10:35:33.347311 a301f00 FrameBuffer.cpp:487] Graphics Adapter Android Emulator OpenGL ES Translator (Apple M1)
I0414 10:35:33.347312 a301f00 FrameBuffer.cpp:488] Graphics API Version OpenGL ES 3.0 (4.1 Metal - 89.4)
I0414 10:35:33.347313 a301f00 FrameBuffer.cpp:489] Graphics API Extensions GL_OES_EGL_sync GL_OES_EGL_image GL_OES_EGL_image_external GL_OES_depth24 GL_OES_depth32 GL_OES_element_index_uint GL_OES_texture_float GL_OES_texture_float_linear GL_OES_compressed_paletted_texture GL_OES_compressed_ETC1_RGB8_texture GL_OES_depth_texture GL_OES_texture_npot GL_OES_rgb8_rgba8 GL_EXT_color_buffer_float GL_EXT_color_buffer_half_float GL_EXT_texture_format_BGRA8888 GL_APPLE_texture_format_BGRA8888 
I0414 10:35:33.347314 a301f00 FrameBuffer.cpp:490] Graphics Device Extensions N/A
WARNING | The emulator now requires a signed jwt token for gRPC access! Use the -grpc flag if you really want an open unprotected grpc port
INFO    | Using security allow list from: /Users/vansh/Library/Android/sdk/emulator/lib/emulator_access.json
WARNING | *** Basic token auth should only be used by android-studio ***
INFO    | The active JSON Web Key Sets can be found here: /Users/vansh/Library/Caches/TemporaryItems/avd/running/45414/jwks/a4d86600-d6c5-4454-9438-1ae9de292932/active.jwk
INFO    | Scanning /Users/vansh/Library/Caches/TemporaryItems/avd/running/45414/jwks/a4d86600-d6c5-4454-9438-1ae9de292932 for jwk keys.
INFO    | Started GRPC server at 127.0.0.1:8554, security: Local, auth: +token
INFO    | Advertising in: /Users/vansh/Library/Caches/TemporaryItems/avd/running/pid_45414.ini
I0414 10:35:34.696752 4dc3000 FrameBuffer.cpp:3707] setDisplayConfigs w 1080 h 2400 dpiX 420 dpiY 420
I0414 10:35:34.696805 4dc3000 FrameBuffer.cpp:3720] setDisplayActiveConfig 0
WARNING | Cold boot:  requested by the user
OpenGL Vendor=[Google (Apple)]OpenGL Renderer=[Android Emulator OpenGL ES Translator (Apple M1)]OpenGL Version=[OpenGL ES 3.0 (4.1 Metal - 89.4)]INFO    | Warning: delivering touch release to same window QWindow(0x0) not QWidgetWindow(0x12b889de0, name="EmulatorContainerClassWindow") ((null):0, (null))
INFO    | Warning: skipping QEventPoint(id=1 ts=0 pos=0,0 scn=1071.3,157.521 gbl=1071.3,157.521 Released ellipse=(1x1 ∡ 0) vel=0,0 press=-1071.3,-157.521 last=-1071.3,-157.521 Δ 1071.3,157.521) : no target window ((null):0, (null))
INFO    | Warning: delivering touch release to same window QWindow(0x0) not QWidgetWindow(0x12b889de0, name="EmulatorContainerClassWindow") ((null):0, (null))
INFO    | Warning: skipping QEventPoint(id=1 ts=0 pos=0,0 scn=1031.45,156.281 gbl=1031.45,156.281 Released ellipse=(1x1 ∡ 0) vel=0,0 press=-1031.45,-156.281 last=-1031.45,-156.281 Δ 1031.45,156.281) : no target window ((null):0, (null))
INFO    | Boot completed in 21744 ms
INFO    | Increasing screen off timeout, logcat buffer size to 2M.
E0414 10:35:57.852385 fd83000 FrameBuffer.cpp:3790] Failed to find ColorBuffer:8
E0414 10:35:57.852741 fd83000 FrameBuffer.cpp:3790] Failed to find ColorBuffer:11
E0414 10:35:57.852769 fd83000 FrameBuffer.cpp:3790] Failed to find ColorBuffer:27
E0414 10:35:57.852776 fd83000 FrameBuffer.cpp:3790] Failed to find ColorBuffer:5
E0414 10:35:57.852781 fd83000 FrameBuffer.cpp:3790] Failed to find ColorBuffer:8
E0414 10:35:57.852786 fd83000 FrameBuffer.cpp:3790] Failed to find ColorBuffer:11
E0414 10:35:57.852790 fd83000 FrameBuffer.cpp:3790] Failed to find ColorBuffer:5
E0414 10:35:57.852795 fd83000 FrameBuffer.cpp:3790] Failed to find ColorBuffer:8
E0414 10:35:57.853154 fd83000 FrameBuffer.cpp:3790] Failed to find ColorBuffer:11
E0414 10:35:57.853161 fd83000 FrameBuffer.cpp:3790] Failed to find ColorBuffer:30
E0414 10:35:57.853168 fd83000 FrameBuffer.cpp:3790] Failed to find ColorBuffer:5
E0414 10:35:57.853172 fd83000 FrameBuffer.cpp:3790] Failed to find ColorBuffer:8
E0414 10:35:57.853179 fd83000 FrameBuffer.cpp:3790] Failed to find ColorBuffer:11
E0414 10:35:57.853184 fd83000 FrameBuffer.cpp:3790] Failed to find ColorBuffer:13
E0414 10:35:57.853188 fd83000 FrameBuffer.cpp:3790] Failed to find ColorBuffer:5
E0414 10:35:57.853192 fd83000 FrameBuffer.cpp:3790] Failed to find ColorBuffer:8
E0414 10:35:57.853197 fd83000 FrameBuffer.cpp:3790] Failed to find ColorBuffer:11
E0414 10:35:57.853201 fd83000 FrameBuffer.cpp:3790] Failed to find ColorBuffer:5
E0414 10:35:57.853219 fd83000 FrameBuffer.cpp:3790] Failed to find ColorBuffer:8
E0414 10:35:57.853224 fd83000 FrameBuffer.cpp:3790] Failed to find ColorBuffer:11
E0414 10:35:57.853254 fd83000 FrameBuffer.cpp:3790] Failed to find ColorBuffer:5
E0414 10:35:57.853260 fd83000 FrameBuffer.cpp:3790] Failed to find ColorBuffer:8
E0414 10:35:57.853265 fd83000 FrameBuffer.cpp:3790] Failed to find ColorBuffer:11
E0414 10:35:57.853270 fd83000 FrameBuffer.cpp:3790] Failed to find ColorBuffer:5
E0414 10:35:57.853274 fd83000 FrameBuffer.cpp:3790] Failed to find ColorBuffer:8
E0414 10:35:57.853282 fd83000 FrameBuffer.cpp:3790] Failed to find ColorBuffer:11
E0414 10:35:57.853286 fd83000 FrameBuffer.cpp:3790] Failed to find ColorBuffer:5
E0414 10:35:57.853332 fd83000 FrameBuffer.cpp:3790] Failed to find ColorBuffer:8
E0414 10:35:57.853388 fd83000 FrameBuffer.cpp:3790] Failed to find ColorBuffer:11
E0414 10:35:57.853402 fd83000 FrameBuffer.cpp:3790] Failed to find ColorBuffer:5
E0414 10:35:57.853409 fd83000 FrameBuffer.cpp:3790] Failed to find ColorBuffer:8
E0414 10:35:57.853416 fd83000 FrameBuffer.cpp:3790] Failed to find ColorBuffer:11
E0414 10:35:57.853420 fd83000 FrameBuffer.cpp:3790] Failed to find ColorBuffer:5
E0414 10:35:57.853424 fd83000 FrameBuffer.cpp:3790] Failed to find ColorBuffer:8
E0414 10:35:57.853428 fd83000 FrameBuffer.cpp:3790] Failed to find ColorBuffer:11
E0414 10:35:57.853432 fd83000 FrameBuffer.cpp:3790] Failed to find ColorBuffer:5
E0414 10:35:57.853435 fd83000 FrameBuffer.cpp:3790] Failed to find ColorBuffer:8
E0414 10:35:57.853439 fd83000 FrameBuffer.cpp:3790] Failed to find ColorBuffer:11
E0414 10:35:57.853442 fd83000 FrameBuffer.cpp:3790] Failed to find ColorBuffer:5
E0414 10:35:57.853446 fd83000 FrameBuffer.cpp:3790] Failed to find ColorBuffer:8
E0414 10:35:57.853450 fd83000 FrameBuffer.cpp:3790] Failed to find ColorBuffer:11
E0414 10:35:57.853453 fd83000 FrameBuffer.cpp:3790] Failed to find ColorBuffer:5
E0414 10:35:57.853457 fd83000 FrameBuffer.cpp:3790] Failed to find ColorBuffer:8
E0414 10:35:57.853460 fd83000 FrameBuffer.cpp:3790] Failed to find ColorBuffer:11
E0414 10:35:57.853464 fd83000 FrameBuffer.cpp:3790] Failed to find ColorBuffer:5
E0414 10:35:57.853468 fd83000 FrameBuffer.cpp:3790] Failed to find ColorBuffer:8
E0414 10:35:57.853471 fd83000 FrameBuffer.cpp:3790] Failed to find ColorBuffer:11
E0414 10:35:57.853474 fd83000 FrameBuffer.cpp:3790] Failed to find ColorBuffer:5
E0414 10:35:57.853477 fd83000 FrameBuffer.cpp:3790] Failed to find ColorBuffer:8
E0414 10:35:57.853480 fd83000 FrameBuffer.cpp:3790] Failed to find ColorBuffer:11
E0414 10:35:57.853483 fd83000 FrameBuffer.cpp:3790] Failed to find ColorBuffer:5
E0414 10:35:57.853486 fd83000 FrameBuffer.cpp:3790] Failed to find ColorBuffer:8
E0414 10:35:57.853489 fd83000 FrameBuffer.cpp:3790] Failed to find ColorBuffer:11
E0414 10:35:57.853492 fd83000 FrameBuffer.cpp:3790] Failed to find ColorBuffer:5
E0414 10:35:57.853495 fd83000 FrameBuffer.cpp:3790] Failed to find ColorBuffer:8
E0414 10:35:57.853498 fd83000 FrameBuffer.cpp:3790] Failed to find ColorBuffer:11
E0414 10:35:57.853501 fd83000 FrameBuffer.cpp:3790] Failed to find ColorBuffer:5
E0414 10:35:57.853504 fd83000 FrameBuffer.cpp:3790] Failed to find ColorBuffer:8
E0414 10:35:57.853507 fd83000 FrameBuffer.cpp:3790] Failed to find ColorBuffer:11
E0414 10:35:57.853510 fd83000 FrameBuffer.cpp:3790] Failed to find ColorBuffer:5
E0414 10:35:57.853513 fd83000 FrameBuffer.cpp:3790] Failed to find ColorBuffer:8
E0414 10:35:57.853523 fd83000 FrameBuffer.cpp:3790] Failed to find ColorBuffer:11
E0414 10:35:57.853535 fd83000 FrameBuffer.cpp:3790] Failed to find ColorBuffer:5
E0414 10:35:57.853541 fd83000 FrameBuffer.cpp:3790] Failed to find ColorBuffer:8
E0414 10:35:57.853557 fd83000 FrameBuffer.cpp:3790] Failed to find ColorBuffer:11
E0414 10:35:57.853562 fd83000 FrameBuffer.cpp:3790] Failed to find ColorBuffer:5
E0414 10:35:57.853567 fd83000 FrameBuffer.cpp:3790] Failed to find ColorBuffer:8
E0414 10:35:57.853572 fd83000 FrameBuffer.cpp:3790] Failed to find ColorBuffer:11
E0414 10:35:57.853576 fd83000 FrameBuffer.cpp:3790] Failed to find ColorBuffer:5
E0414 10:35:57.853580 fd83000 FrameBuffer.cpp:3790] Failed to find ColorBuffer:8
E0414 10:35:57.853585 fd83000 FrameBuffer.cpp:3790] Failed to find ColorBuffer:11
E0414 10:35:57.853589 fd83000 FrameBuffer.cpp:3790] Failed to find ColorBuffer:5
E0414 10:35:57.853594 fd83000 FrameBuffer.cpp:3790] Failed to find ColorBuffer:8
E0414 10:35:57.853598 fd83000 FrameBuffer.cpp:3790] Failed to find ColorBuffer:11
E0414 10:35:57.853602 fd83000 FrameBuffer.cpp:3790] Failed to find ColorBuffer:5
E0414 10:35:57.853605 fd83000 FrameBuffer.cpp:3790] Failed to find ColorBuffer:8
E0414 10:35:57.853608 fd83000 FrameBuffer.cpp:3790] Failed to find ColorBuffer:11
E0414 10:35:57.853617 fd83000 FrameBuffer.cpp:3790] Failed to find ColorBuffer:5
E0414 10:35:57.853620 fd83000 FrameBuffer.cpp:3790] Failed to find ColorBuffer:8
E0414 10:35:57.853623 fd83000 FrameBuffer.cpp:3790] Failed to find ColorBuffer:11
E0414 10:35:57.853626 fd83000 FrameBuffer.cpp:3790] Failed to find ColorBuffer:5
E0414 10:35:57.853629 fd83000 FrameBuffer.cpp:3790] Failed to find ColorBuffer:8
E0414 10:35:57.853632 fd83000 FrameBuffer.cpp:3790] Failed to find ColorBuffer:11
E0414 10:35:57.853635 fd83000 FrameBuffer.cpp:3790] Failed to find ColorBuffer:5
E0414 10:35:57.853638 fd83000 FrameBuffer.cpp:3790] Failed to find ColorBuffer:8
E0414 10:35:57.853641 fd83000 FrameBuffer.cpp:3790] Failed to find ColorBuffer:11
E0414 10:35:57.853644 fd83000 FrameBuffer.cpp:3790] Failed to find ColorBuffer:5
E0414 10:35:57.853647 fd83000 FrameBuffer.cpp:3790] Failed to find ColorBuffer:8
E0414 10:35:57.853650 fd83000 FrameBuffer.cpp:3790] Failed to find ColorBuffer:11
E0414 10:35:57.853652 fd83000 FrameBuffer.cpp:3790] Failed to find ColorBuffer:5
E0414 10:35:57.853655 fd83000 FrameBuffer.cpp:3790] Failed to find ColorBuffer:8
E0414 10:35:57.853658 fd83000 FrameBuffer.cpp:3790] Failed to find ColorBuffer:11
E0414 10:35:57.853661 fd83000 FrameBuffer.cpp:3790] Failed to find ColorBuffer:5
E0414 10:35:57.853664 fd83000 FrameBuffer.cpp:3790] Failed to find ColorBuffer:8
E0414 10:35:57.853667 fd83000 FrameBuffer.cpp:3790] Failed to find ColorBuffer:11
E0414 10:35:57.853670 fd83000 FrameBuffer.cpp:3790] Failed to find ColorBuffer:5
E0414 10:35:57.853673 fd83000 FrameBuffer.cpp:3790] Failed to find ColorBuffer:8
E0414 10:35:57.853676 fd83000 FrameBuffer.cpp:3790] Failed to find ColorBuffer:11
E0414 10:35:57.853679 fd83000 FrameBuffer.cpp:3790] Failed to find ColorBuffer:5
E0414 10:35:57.853682 fd83000 FrameBuffer.cpp:3790] Failed to find ColorBuffer:8
E0414 10:35:57.853685 fd83000 FrameBuffer.cpp:3790] Failed to find ColorBuffer:11
E0414 10:35:57.853687 fd83000 FrameBuffer.cpp:3790] Failed to find ColorBuffer:5
E0414 10:35:57.853690 fd83000 FrameBuffer.cpp:3790] Failed to find ColorBuffer:8
E0414 10:35:57.853693 fd83000 FrameBuffer.cpp:3790] Failed to find ColorBuffer:11
E0414 10:35:57.853696 fd83000 FrameBuffer.cpp:3790] Failed to find ColorBuffer:5
E0414 10:35:57.853699 fd83000 FrameBuffer.cpp:3790] Failed to find ColorBuffer:8
E0414 10:35:57.853702 fd83000 FrameBuffer.cpp:3790] Failed to find ColorBuffer:11
E0414 10:35:57.853705 fd83000 FrameBuffer.cpp:3790] Failed to find ColorBuffer:5
E0414 10:35:57.853708 fd83000 FrameBuffer.cpp:3790] Failed to find ColorBuffer:8
E0414 10:35:57.853711 fd83000 FrameBuffer.cpp:3790] Failed to find ColorBuffer:11
E0414 10:35:57.853715 fd83000 FrameBuffer.cpp:3790] Failed to find ColorBuffer:5
E0414 10:35:57.853718 fd83000 FrameBuffer.cpp:3790] Failed to find ColorBuffer:8
E0414 10:35:57.853722 fd83000 FrameBuffer.cpp:3790] Failed to find ColorBuffer:11
E0414 10:35:57.853726 fd83000 FrameBuffer.cpp:3790] Failed to find ColorBuffer:5
E0414 10:35:57.853729 fd83000 FrameBuffer.cpp:3790] Failed to find ColorBuffer:8
E0414 10:35:57.853733 fd83000 FrameBuffer.cpp:3790] Failed to find ColorBuffer:11
E0414 10:35:57.853736 fd83000 FrameBuffer.cpp:3790] Failed to find ColorBuffer:5
E0414 10:35:57.853740 fd83000 FrameBuffer.cpp:3790] Failed to find ColorBuffer:8
E0414 10:35:57.853743 fd83000 FrameBuffer.cpp:3790] Failed to find ColorBuffer:11
E0414 10:35:57.853747 fd83000 FrameBuffer.cpp:3790] Failed to find ColorBuffer:5
E0414 10:35:57.853750 fd83000 FrameBuffer.cpp:3790] Failed to find ColorBuffer:8
E0414 10:35:57.853754 fd83000 FrameBuffer.cpp:3790] Failed to find ColorBuffer:11
E0414 10:35:57.853757 fd83000 FrameBuffer.cpp:3790] Failed to find ColorBuffer:5
E0414 10:35:57.853761 fd83000 FrameBuffer.cpp:3790] Failed to find ColorBuffer:8
E0414 10:35:57.853765 fd83000 FrameBuffer.cpp:3790] Failed to find ColorBuffer:11
E0414 10:35:57.853768 fd83000 FrameBuffer.cpp:3790] Failed to find ColorBuffer:5
E0414 10:35:57.853771 fd83000 FrameBuffer.cpp:3790] Failed to find ColorBuffer:8
E0414 10:35:57.853774 fd83000 FrameBuffer.cpp:3790] Failed to find ColorBuffer:11
E0414 10:35:57.853783 fd83000 FrameBuffer.cpp:3790] Failed to find ColorBuffer:5
E0414 10:35:57.853786 fd83000 FrameBuffer.cpp:3790] Failed to find ColorBuffer:8
E0414 10:35:57.853790 fd83000 FrameBuffer.cpp:3790] Failed to find ColorBuffer:11
E0414 10:35:57.853793 fd83000 FrameBuffer.cpp:3790] Failed to find ColorBuffer:5
E0414 10:35:59.584942 fd83000 FrameBuffer.cpp:3790] Failed to find ColorBuffer:70
E0414 10:35:59.585152 fd83000 FrameBuffer.cpp:3790] Failed to find ColorBuffer:23
E0414 10:35:59.585312 fd83000 FrameBuffer.cpp:3790] Failed to find ColorBuffer:25
E0414 10:35:59.585322 fd83000 FrameBuffer.cpp:3790] Failed to find ColorBuffer:23
E0414 10:35:59.585330 fd83000 FrameBuffer.cpp:3790] Failed to find ColorBuffer:25
E0414 10:35:59.585341 fd83000 FrameBuffer.cpp:3790] Failed to find ColorBuffer:23
E0414 10:35:59.585360 fd83000 FrameBuffer.cpp:3790] Failed to find ColorBuffer:25
E0414 10:35:59.585366 fd83000 FrameBuffer.cpp:3790] Failed to find ColorBuffer:23
E0414 10:35:59.585373 fd83000 FrameBuffer.cpp:3790] Failed to find ColorBuffer:25
E0414 10:35:59.585379 fd83000 FrameBuffer.cpp:3790] Failed to find ColorBuffer:23
E0414 10:35:59.585385 fd83000 FrameBuffer.cpp:3790] Failed to find ColorBuffer:25
E0414 10:35:59.585391 fd83000 FrameBuffer.cpp:3790] Failed to find ColorBuffer:23
E0414 10:35:59.585398 fd83000 FrameBuffer.cpp:3790] Failed to find ColorBuffer:25
E0414 10:35:59.585403 fd83000 FrameBuffer.cpp:3790] Failed to find ColorBuffer:23
INFO    | Warning: delivering touch release to same window QWindow(0x0) not QWidgetWindow(0x12b889de0, name="EmulatorContainerClassWindow") ((null):0, (null))
INFO    | Warning: skipping QEventPoint(id=0 ts=0 pos=0,0 scn=1090.98,658.787 gbl=1090.98,658.787 Released ellipse=(1x1 ∡ 0) vel=0,0 press=-1090.98,-658.787 last=-1090.98,-658.787 Δ 1090.98,658.787) : no target window ((null):0, (null))
INFO    | Warning: delivering touch release to same window QWindow(0x0) not QWidgetWindow(0x12b889de0, name="EmulatorContainerClassWindow") ((null):0, (null))
INFO    | Warning: skipping QEventPoint(id=0 ts=0 pos=0,0 scn=1265.57,763.057 gbl=1265.57,763.057 Released ellipse=(1x1 ∡ 0) vel=0,0 press=-1265.57,-763.057 last=-1265.57,-763.057 Δ 1265.57,763.057) : no target window ((null):0, (null))
E0414 10:37:36.341044 fd83000 FrameBuffer.cpp:3790] Failed to find ColorBuffer:178
E0414 10:37:36.341564 fd83000 FrameBuffer.cpp:3790] Failed to find ColorBuffer:181
E0414 10:37:36.341752 fd83000 FrameBuffer.cpp:3790] Failed to find ColorBuffer:180
E0414 10:37:36.342192 fd83000 FrameBuffer.cpp:3790] Failed to find ColorBuffer:178
E0414 10:37:36.342207 fd83000 FrameBuffer.cpp:3790] Failed to find ColorBuffer:181
E0414 10:37:36.342214 fd83000 FrameBuffer.cpp:3790] Failed to find ColorBuffer:180
E0414 10:37:36.353214 fd83000 FrameBuffer.cpp:3790] Failed to find ColorBuffer:178
E0414 10:37:36.353246 fd83000 FrameBuffer.cpp:3790] Failed to find ColorBuffer:181
E0414 10:37:36.353252 fd83000 FrameBuffer.cpp:3790] Failed to find ColorBuffer:180
E0414 10:37:36.353256 fd83000 FrameBuffer.cpp:3790] Failed to find ColorBuffer:178
E0414 10:37:36.353260 fd83000 FrameBuffer.cpp:3790] Failed to find ColorBuffer:181
E0414 10:37:36.353265 fd83000 FrameBuffer.cpp:3790] Failed to find ColorBuffer:180
E0414 10:37:36.353269 fd83000 FrameBuffer.cpp:3790] Failed to find ColorBuffer:178
E0414 10:37:36.353272 fd83000 FrameBuffer.cpp:3790] Failed to find ColorBuffer:181
E0414 10:37:36.353276 fd83000 FrameBuffer.cpp:3790] Failed to find ColorBuffer:180
E0414 10:37:36.353280 fd83000 FrameBuffer.cpp:3790] Failed to find ColorBuffer:178
E0414 10:37:36.353284 fd83000 FrameBuffer.cpp:3790] Failed to find ColorBuffer:181
E0414 10:37:36.353288 fd83000 FrameBuffer.cpp:3790] Failed to find ColorBuffer:180
E0414 10:37:36.353292 fd83000 FrameBuffer.cpp:3790] Failed to find ColorBuffer:178
E0414 10:37:36.353296 fd83000 FrameBuffer.cpp:3790] Failed to find ColorBuffer:181
E0414 10:37:36.353321 fd83000 FrameBuffer.cpp:3790] Failed to find ColorBuffer:191
E0414 10:37:36.353327 fd83000 FrameBuffer.cpp:3790] Failed to find ColorBuffer:190
E0414 10:37:36.353341 fd83000 FrameBuffer.cpp:3790] Failed to find ColorBuffer:191
E0414 10:37:36.353344 fd83000 FrameBuffer.cpp:3790] Failed to find ColorBuffer:190
E0414 10:37:36.353348 fd83000 FrameBuffer.cpp:3790] Failed to find ColorBuffer:191
E0414 10:37:36.353351 fd83000 FrameBuffer.cpp:3790] Failed to find ColorBuffer:190
E0414 10:37:36.353354 fd83000 FrameBuffer.cpp:3790] Failed to find ColorBuffer:191
E0414 10:37:36.353358 fd83000 FrameBuffer.cpp:3790] Failed to find ColorBuffer:190
E0414 10:37:36.353365 fd83000 FrameBuffer.cpp:3790] Failed to find ColorBuffer:191
E0414 10:37:36.353369 fd83000 FrameBuffer.cpp:3790] Failed to find ColorBuffer:190
E0414 10:37:36.353374 fd83000 FrameBuffer.cpp:3790] Failed to find ColorBuffer:191
E0414 10:37:36.353377 fd83000 FrameBuffer.cpp:3790] Failed to find ColorBuffer:190
E0414 10:37:36.353381 fd83000 FrameBuffer.cpp:3790] Failed to find ColorBuffer:191
E0414 10:37:36.353385 fd83000 FrameBuffer.cpp:3790] Failed to find ColorBuffer:190
E0414 10:37:37.219485 fd83000 FrameBuffer.cpp:3790] Failed to find ColorBuffer:195
E0414 10:37:47.449389 fd83000 FrameBuffer.cpp:3790] Failed to find ColorBuffer:227
E0414 10:37:47.449624 fd83000 FrameBuffer.cpp:3790] Failed to find ColorBuffer:231
INFO    | Warning: delivering touch release to same window QWindow(0x0) not QWidgetWindow(0x12b889de0, name="EmulatorContainerClassWindow") ((null):0, (null))
INFO    | Warning: skipping QEventPoint(id=0 ts=0 pos=0,0 scn=1177.1,757.753 gbl=1177.1,757.753 Released ellipse=(1x1 ∡ 0) vel=0,0 press=-1177.1,-757.753 last=-1177.1,-757.753 Δ 1177.1,757.753) : no target window ((null):0, (null))
E0414 10:38:12.134443 fd83000 FrameBuffer.cpp:3790] Failed to find ColorBuffer:254
E0414 10:38:12.134736 fd83000 FrameBuffer.cpp:3790] Failed to find ColorBuffer:257
E0414 10:38:12.134847 fd83000 FrameBuffer.cpp:3790] Failed to find ColorBuffer:258
E0414 10:38:12.134857 fd83000 FrameBuffer.cpp:3790] Failed to find ColorBuffer:260
E0414 10:38:12.134864 fd83000 FrameBuffer.cpp:3790] Failed to find ColorBuffer:261
E0414 10:38:12.134871 fd83000 FrameBuffer.cpp:3790] Failed to find ColorBuffer:258
E0414 10:38:12.134876 fd83000 FrameBuffer.cpp:3790] Failed to find ColorBuffer:260
E0414 10:38:12.134903 fd83000 FrameBuffer.cpp:3790] Failed to find ColorBuffer:261
E0414 10:38:12.134910 fd83000 FrameBuffer.cpp:3790] Failed to find ColorBuffer:258
E0414 10:38:12.134915 fd83000 FrameBuffer.cpp:3790] Failed to find ColorBuffer:260
E0414 10:38:12.134920 fd83000 FrameBuffer.cpp:3790] Failed to find ColorBuffer:261
E0414 10:38:12.134925 fd83000 FrameBuffer.cpp:3790] Failed to find ColorBuffer:258
E0414 10:38:12.134948 fd83000 FrameBuffer.cpp:3790] Failed to find ColorBuffer:260
E0414 10:38:12.134953 fd83000 FrameBuffer.cpp:3790] Failed to find ColorBuffer:261
E0414 10:38:12.134957 fd83000 FrameBuffer.cpp:3790] Failed to find ColorBuffer:258
E0414 10:38:12.134961 fd83000 FrameBuffer.cpp:3790] Failed to find ColorBuffer:260
E0414 10:38:12.134966 fd83000 FrameBuffer.cpp:3790] Failed to find ColorBuffer:261
E0414 10:38:12.134970 fd83000 FrameBuffer.cpp:3790] Failed to find ColorBuffer:258
E0414 10:38:12.134975 fd83000 FrameBuffer.cpp:3790] Failed to find ColorBuffer:260
E0414 10:38:12.134979 fd83000 FrameBuffer.cpp:3790] Failed to find ColorBuffer:261
E0414 10:38:12.134984 fd83000 FrameBuffer.cpp:3790] Failed to find ColorBuffer:258
E0414 10:38:12.134988 fd83000 FrameBuffer.cpp:3790] Failed to find ColorBuffer:260
E0414 10:38:12.134993 fd83000 FrameBuffer.cpp:3790] Failed to find ColorBuffer:261
E0414 10:38:12.134997 fd83000 FrameBuffer.cpp:3790] Failed to find ColorBuffer:258
INFO    | Warning: delivering touch release to same window QWindow(0x0) not QWidgetWindow(0x12b889de0, name="EmulatorContainerClassWindow") ((null):0, (null))
INFO    | Warning: skipping QEventPoint(id=0 ts=0 pos=0,0 scn=1124.1,749.975 gbl=1124.1,749.975 Released ellipse=(1x1 ∡ 0) vel=0,0 press=-1124.1,-749.975 last=-1124.1,-749.975 Δ 1124.1,749.975) : no target window ((null):0, (null))
E0414 10:38:36.050157 fd83000 FrameBuffer.cpp:3790] Failed to find ColorBuffer:282
E0414 10:38:36.051179 fd83000 FrameBuffer.cpp:3790] Failed to find ColorBuffer:286
E0414 10:38:36.051277 fd83000 FrameBuffer.cpp:3790] Failed to find ColorBuffer:288
E0414 10:38:36.051287 fd83000 FrameBuffer.cpp:3790] Failed to find ColorBuffer:289
E0414 10:38:36.051291 fd83000 FrameBuffer.cpp:3790] Failed to find ColorBuffer:286
E0414 10:38:36.051312 fd83000 FrameBuffer.cpp:3790] Failed to find ColorBuffer:288
E0414 10:38:36.051317 fd83000 FrameBuffer.cpp:3790] Failed to find ColorBuffer:289
E0414 10:38:36.051321 fd83000 FrameBuffer.cpp:3790] Failed to find ColorBuffer:286
E0414 10:38:36.051325 fd83000 FrameBuffer.cpp:3790] Failed to find ColorBuffer:288
E0414 10:38:36.051345 fd83000 FrameBuffer.cpp:3790] Failed to find ColorBuffer:289
E0414 10:38:36.051350 fd83000 FrameBuffer.cpp:3790] Failed to find ColorBuffer:286
E0414 10:38:36.051358 fd83000 FrameBuffer.cpp:3790] Failed to find ColorBuffer:288
E0414 10:38:36.051362 fd83000 FrameBuffer.cpp:3790] Failed to find ColorBuffer:289
E0414 10:38:36.051366 fd83000 FrameBuffer.cpp:3790] Failed to find ColorBuffer:286
E0414 10:38:36.051369 fd83000 FrameBuffer.cpp:3790] Failed to find ColorBuffer:288
E0414 10:38:36.051373 fd83000 FrameBuffer.cpp:3790] Failed to find ColorBuffer:289
E0414 10:38:36.051376 fd83000 FrameBuffer.cpp:3790] Failed to find ColorBuffer:286
E0414 10:38:36.051379 fd83000 FrameBuffer.cpp:3790] Failed to find ColorBuffer:288
E0414 10:38:36.051382 fd83000 FrameBuffer.cpp:3790] Failed to find ColorBuffer:289
INFO    | Warning: delivering touch release to same window QWindow(0x0) not QWidgetWindow(0x12b889de0, name="EmulatorContainerClassWindow") ((null):0, (null))
INFO    | Warning: skipping QEventPoint(id=0 ts=0 pos=0,0 scn=1186.38,752.966 gbl=1186.38,752.966 Released ellipse=(1x1 ∡ 0) vel=0,0 press=-1186.38,-752.966 last=-1186.38,-752.966 Δ 1186.38,752.966) : no target window ((null):0, (null))
E0414 10:38:55.928285 84b7000 FrameBuffer.cpp:1856] bad color buffer handle 0x12e
INFO    | Warning: delivering touch release to same window QWindow(0x0) not QWidgetWindow(0x12b889de0, name="EmulatorContainerClassWindow") ((null):0, (null))
INFO    | Warning: skipping QEventPoint(id=0 ts=0 pos=0,0 scn=1095.57,792.97 gbl=1095.57,792.97 Released ellipse=(1x1 ∡ 0) vel=0,0 press=-1095.57,-792.97 last=-1095.57,-792.97 Δ 1095.57,792.97) : no target window ((null):0, (null))
E0414 10:39:01.015122 fd83000 FrameBuffer.cpp:3790] Failed to find ColorBuffer:296
E0414 10:39:01.015177 fd83000 FrameBuffer.cpp:3790] Failed to find ColorBuffer:297
E0414 10:39:01.015201 fd83000 FrameBuffer.cpp:3790] Failed to find ColorBuffer:296
E0414 10:39:01.015216 fd83000 FrameBuffer.cpp:3790] Failed to find ColorBuffer:297
E0414 10:39:01.015286 fd83000 FrameBuffer.cpp:3790] Failed to find ColorBuffer:313
E0414 10:39:01.015293 fd83000 FrameBuffer.cpp:3790] Failed to find ColorBuffer:306
E0414 10:39:01.015298 fd83000 FrameBuffer.cpp:3790] Failed to find ColorBuffer:308
E0414 10:39:01.015303 fd83000 FrameBuffer.cpp:3790] Failed to find ColorBuffer:313
E0414 10:39:01.015307 fd83000 FrameBuffer.cpp:3790] Failed to find ColorBuffer:306
E0414 10:39:01.015311 fd83000 FrameBuffer.cpp:3790] Failed to find ColorBuffer:308
E0414 11:04:38.373410 fd83000 FrameBuffer.cpp:3790] Failed to find ColorBuffer:317
E0414 11:04:38.375760 fd83000 FrameBuffer.cpp:3790] Failed to find ColorBuffer:318
E0414 11:04:38.375775 fd83000 FrameBuffer.cpp:3790] Failed to find ColorBuffer:320
E0414 11:04:38.375780 fd83000 FrameBuffer.cpp:3790] Failed to find ColorBuffer:321
E0414 11:04:38.375785 fd83000 FrameBuffer.cpp:3790] Failed to find ColorBuffer:318
E0414 11:04:38.375789 fd83000 FrameBuffer.cpp:3790] Failed to find ColorBuffer:320
E0414 11:04:38.375793 fd83000 FrameBuffer.cpp:3790] Failed to find ColorBuffer:321
E0414 11:04:38.375798 fd83000 FrameBuffer.cpp:3790] Failed to find ColorBuffer:318
E0414 11:04:38.375802 fd83000 FrameBuffer.cpp:3790] Failed to find ColorBuffer:320
E0414 11:04:38.375806 fd83000 FrameBuffer.cpp:3790] Failed to find ColorBuffer:321
E0414 11:04:38.375810 fd83000 FrameBuffer.cpp:3790] Failed to find ColorBuffer:318
E0414 11:04:38.375826 fd83000 FrameBuffer.cpp:3790] Failed to find ColorBuffer:320
E0414 11:04:38.375829 fd83000 FrameBuffer.cpp:3790] Failed to find ColorBuffer:321
E0414 11:04:38.375833 fd83000 FrameBuffer.cpp:3790] Failed to find ColorBuffer:318
E0414 11:04:38.375835 fd83000 FrameBuffer.cpp:3790] Failed to find ColorBuffer:320
E0414 11:04:38.375838 fd83000 FrameBuffer.cpp:3790] Failed to find ColorBuffer:321
E0414 11:04:38.375841 fd83000 FrameBuffer.cpp:3790] Failed to find ColorBuffer:318
E0414 11:04:38.375844 fd83000 FrameBuffer.cpp:3790] Failed to find ColorBuffer:320
E0414 11:04:38.375847 fd83000 FrameBuffer.cpp:3790] Failed to find ColorBuffer:321
E0414 11:04:38.375850 fd83000 FrameBuffer.cpp:3790] Failed to find ColorBuffer:318
E0414 11:04:38.375853 fd83000 FrameBuffer.cpp:3790] Failed to find ColorBuffer:320
E0414 11:04:38.375856 fd83000 FrameBuffer.cpp:3790] Failed to find ColorBuffer:321
E0414 11:04:38.375859 fd83000 FrameBuffer.cpp:3790] Failed to find ColorBuffer:318
E0414 11:04:38.375862 fd83000 FrameBuffer.cpp:3790] Failed to find ColorBuffer:320
E0414 11:04:38.375865 fd83000 FrameBuffer.cpp:3790] Failed to find ColorBuffer:321
E0414 11:04:38.375868 fd83000 FrameBuffer.cpp:3790] Failed to find ColorBuffer:318
E0414 11:04:38.375871 fd83000 FrameBuffer.cpp:3790] Failed to find ColorBuffer:320
E0414 11:04:38.375874 fd83000 FrameBuffer.cpp:3790] Failed to find ColorBuffer:321
E0414 11:04:38.375877 fd83000 FrameBuffer.cpp:3790] Failed to find ColorBuffer:318
E0414 11:04:38.375880 fd83000 FrameBuffer.cpp:3790] Failed to find ColorBuffer:320
E0414 11:04:38.375883 fd83000 FrameBuffer.cpp:3790] Failed to find ColorBuffer:321
INFO    | Warning: QMetaObject::connectSlotsByName: No matching signal for on_rgbcSensorValueWidget_valueChanged() ((null):0, (null))
INFO    | Warning: QMetaObject::connectSlotsByName: No matching signal for on_posture_valueChanged(int) ((null):0, (null))
INFO    | Info: 

GLImplementation: 
Surface Type: OpenGL
Surface Profile: CoreProfile
Surface Version: 4.1
Using Default SG Backend: no
Using Software Dynamic GL: no
Using Angle: no

Init Parameters:
  *  application-name Emulator 
  *  browser-subprocess-path /Users/vansh/Library/Android/sdk/emulator/lib64/qt/libexec/QtWebEngineProcess 
  *  disable-features DnsOverHttpsUpgrade,ConsolidatedMovementXY,InstalledApp,BackgroundFetch,WebOTP,WebPayments,WebUSB,PictureInPicture 
  *  disable-gpu  
  *  disable-speech-api  
  *  enable-features TracingServiceInProcess 
  *  enable-threaded-compositing  
 ((null):0, (null))
INFO    | Warning: No functional TLS backend was found ((null):0, (null))
INFO    | Warning: No functional TLS backend was found ((null):0, (null))
 (2x)
INFO    | Warning: No TLS backend is available ((null):0, (null))
INFO    | Warning: No functional TLS backend was found ((null):0, (null))
INFO    | Warning: No functional TLS backend was found ((null):0, (null))
 (3x)
INFO    | Warning: No TLS backend is available ((null):0, (null))
INFO    | Warning: No functional TLS backend was found ((null):0, (null))
INFO    | Warning: No functional TLS backend was found ((null):0, (null))
 (2x)
INFO    | Warning: delivering touch release to same window QWindow(0x0) not QWidgetWindow(0x12b889de0, name="EmulatorContainerClassWindow") ((null):0, (null))
INFO    | Warning: skipping QEventPoint(id=1 ts=0 pos=0,0 scn=1345.77,632.687 gbl=1345.77,632.687 Released ellipse=(1x1 ∡ 0) vel=0,0 press=-1345.77,-632.687 last=-1345.77,-632.687 Δ 1345.77,632.687) : no target window ((null):0, (null))
INFO    | Warning: Google Maps JavaScript API has been loaded directly without loading=async. This can result in suboptimal performance. For best-practice loading patterns please see https://goo.gle/js-api-loading (https://maps.googleapis.com/maps/api/js?libraries=places&key=AIzaSyABrfflV49aFWF4Kohsf1VSx68td8f-sFY&callback=initMap&v=3.53:1434, (null))
INFO    | Warning: Google Maps JavaScript API has been loaded directly without loading=async. This can result in suboptimal performance. For best-practice loading patterns please see https://goo.gle/js-api-loading (https://maps.googleapis.com/maps/api/js?libraries=places&key=AIzaSyABrfflV49aFWF4Kohsf1VSx68td8f-sFY&callback=initMap&v=3.53:1434, (null))

INFO    | Warning: As of March 1st, 2025, google.maps.places.Autocomplete is not available to new customers. Please use google.maps.places.PlaceAutocompleteElement instead. At this time, google.maps.places.Autocomplete is not scheduled to be discontinued, but google.maps.places.PlaceAutocompleteElement is recommended over google.maps.places.Autocomplete. While google.maps.places.Autocomplete will continue to receive bug fixes for any major regressions, existing bugs in google.maps.places.Autocomplete will not be addressed. At least 12 months notice will be given before support is discontinued. Please see https://developers.google.com/maps/legacy for additional details and https://developers.google.com/maps/documentation/javascript/places-migration-overview for the migration guide. (https://maps.googleapis.com/maps/api/js?libraries=places&key=AIzaSyABrfflV49aFWF4Kohsf1VSx68td8f-sFY&callback=initMap&v=3.53:60, (null))
INFO    | Warning: As of March 1st, 2025, google.maps.places.AutocompleteService is not available to new customers. Please use google.maps.places.AutocompleteSuggestion instead. At this time, google.maps.places.AutocompleteService is not scheduled to be discontinued, but google.maps.places.AutocompleteSuggestion is recommended over google.maps.places.AutocompleteService. While google.maps.places.AutocompleteService will continue to receive bug fixes for any major regressions, existing bugs in google.maps.places.AutocompleteService will not be addressed. At least 12 months notice will be given before support is discontinued. Please see https://developers.google.com/maps/legacy for additional details and https://developers.google.com/maps/documentation/javascript/places-migration-overview for the migration guide. (https://maps.googleapis.com/maps/api/js?libraries=places&key=AIzaSyABrfflV49aFWF4Kohsf1VSx68td8f-sFY&callback=initMap&v=3.53:61, (null))
INFO    | Warning: google.maps.DirectionsService is deprecated as of February 25th, 2026. Please use google.maps.routes.Route.computeRoutes instead. At this time, google.maps.DirectionsService is not scheduled to be discontinued, but google.maps.routes.Route.computeRoutes is recommended over google.maps.DirectionsService.route. While google.maps.DirectionsService will continue to receive bug fixes for any major regressions, existing bugs in google.maps.DirectionsService will not be addressed. At least 12 months notice will be given before support is discontinued. Please see https://developers.google.com/maps/legacy for additional details and https://developers.google.com/maps/documentation/javascript/routes/routes-js-migration for the migration guide. (https://maps.googleapis.com/maps/api/js?libraries=places&key=AIzaSyABrfflV49aFWF4Kohsf1VSx68td8f-sFY&callback=initMap&v=3.53:1525, (null))
INFO    | Warning: As of March 1st, 2025, google.maps.places.AutocompleteService is not available to new customers. Please use google.maps.places.AutocompleteSuggestion instead. At this time, google.maps.places.AutocompleteService is not scheduled to be discontinued, but google.maps.places.AutocompleteSuggestion is recommended over google.maps.places.AutocompleteService. While google.maps.places.AutocompleteService will continue to receive bug fixes for any major regressions, existing bugs in google.maps.places.AutocompleteService will not be addressed. At least 12 months notice will be given before support is discontinued. Please see https://developers.google.com/maps/legacy for additional details and https://developers.google.com/maps/documentation/javascript/places-migration-overview for the migration guide. (https://maps.googleapis.com/maps/api/js?libraries=places&key=AIzaSyABrfflV49aFWF4Kohsf1VSx68td8f-sFY&callback=initMap&v=3.53:61, (null))
INFO    | Warning: As of March 1st, 2025, google.maps.places.Autocomplete is not available to new customers. Please use google.maps.places.PlaceAutocompleteElement instead. At this time, google.maps.places.Autocomplete is not scheduled to be discontinued, but google.maps.places.PlaceAutocompleteElement is recommended over google.maps.places.Autocomplete. While google.maps.places.Autocomplete will continue to receive bug fixes for any major regressions, existing bugs in google.maps.places.Autocomplete will not be addressed. At least 12 months notice will be given before support is discontinued. Please see https://developers.google.com/maps/legacy for additional details and https://developers.google.com/maps/documentation/javascript/places-migration-overview for the migration guide. (https://maps.googleapis.com/maps/api/js?libraries=places&key=AIzaSyABrfflV49aFWF4Kohsf1VSx68td8f-sFY&callback=initMap&v=3.53:60, (null))
E0414 11:04:47.017518 fd83000 FrameBuffer.cpp:3790] Failed to find ColorBuffer:322
E0414 11:04:47.017872 fd83000 FrameBuffer.cpp:3790] Failed to find ColorBuffer:325
E0414 11:04:47.017900 fd83000 FrameBuffer.cpp:3790] Failed to find ColorBuffer:322
E0414 11:04:47.017907 fd83000 FrameBuffer.cpp:3790] Failed to find ColorBuffer:325
E0414 11:04:47.017912 fd83000 FrameBuffer.cpp:3790] Failed to find ColorBuffer:322
E0414 11:04:47.017915 fd83000 FrameBuffer.cpp:3790] Failed to find ColorBuffer:325
E0414 11:04:47.017919 fd83000 FrameBuffer.cpp:3790] Failed to find ColorBuffer:322
E0414 11:04:47.017922 fd83000 FrameBuffer.cpp:3790] Failed to find ColorBuffer:325
E0414 11:04:47.017926 fd83000 FrameBuffer.cpp:3790] Failed to find ColorBuffer:322
E0414 11:04:47.017929 fd83000 FrameBuffer.cpp:3790] Failed to find ColorBuffer:325
E0414 11:04:47.017933 fd83000 FrameBuffer.cpp:3790] Failed to find ColorBuffer:322
E0414 11:04:47.017936 fd83000 FrameBuffer.cpp:3790] Failed to find ColorBuffer:325
E0414 11:04:47.017939 fd83000 FrameBuffer.cpp:3790] Failed to find ColorBuffer:322
E0414 11:04:47.017942 fd83000 FrameBuffer.cpp:3790] Failed to find ColorBuffer:325
E0414 11:04:47.017946 fd83000 FrameBuffer.cpp:3790] Failed to find ColorBuffer:322
E0414 11:04:47.017949 fd83000 FrameBuffer.cpp:3790] Failed to find ColorBuffer:325
INFO    | Warning: Google Maps JavaScript API warning: RetiredVersion https://developers.google.com/maps/documentation/javascript/error-messages#retired-version (https://maps.googleapis.com/maps/api/js?libraries=places&key=AIzaSyABrfflV49aFWF4Kohsf1VSx68td8f-sFY&callback=initMap&v=3.53:30, (null))
E0414 11:05:01.266762 fd83000 FrameBuffer.cpp:3790] Failed to find ColorBuffer:343
E0414 11:05:01.267568 fd83000 FrameBuffer.cpp:3790] Failed to find ColorBuffer:347
INFO    | Warning: Google Maps JavaScript API warning: RetiredVersion https://developers.google.com/maps/documentation/javascript/error-messages#retired-version (https://maps.googleapis.com/maps/api/js?libraries=places&key=AIzaSyABrfflV49aFWF4Kohsf1VSx68td8f-sFY&callback=initMap&v=3.53:30, (null))

INFO    | Warning: delivering touch release to same window QWindow(0x0) not QWidgetWindow(0x12b889de0, name="EmulatorContainerClassWindow") ((null):0, (null))
INFO    | Warning: skipping QEventPoint(id=1 ts=0 pos=0,0 scn=1116.21,706.519 gbl=1116.21,706.519 Released ellipse=(1x1 ∡ 0) vel=0,0 press=-1116.21,-706.519 last=-1116.21,-706.519 Δ 1116.21,706.519) : no target window ((null):0, (null))
INFO    | Warning: delivering touch release to same window QWindow(0x0) not QWidgetWindow(0x12b889de0, name="EmulatorContainerClassWindow") ((null):0, (null))
INFO    | Warning: skipping QEventPoint(id=0 ts=0 pos=0,0 scn=1085.02,774.708 gbl=1085.02,774.708 Released ellipse=(1x1 ∡ 0) vel=0,0 press=-1085.02,-774.708 last=-1085.02,-774.708 Δ 1085.02,774.708) : no target window ((null):0, (null))
E0414 11:05:52.216995 fd83000 FrameBuffer.cpp:3790] Failed to find ColorBuffer:350
E0414 11:05:52.217054 fd83000 FrameBuffer.cpp:3790] Failed to find ColorBuffer:353
E0414 11:05:52.217161 fd83000 FrameBuffer.cpp:3790] Failed to find ColorBuffer:350
E0414 11:05:52.217172 fd83000 FrameBuffer.cpp:3790] Failed to find ColorBuffer:353
E0414 11:05:52.217179 fd83000 FrameBuffer.cpp:3790] Failed to find ColorBuffer:350
E0414 11:05:52.217196 fd83000 FrameBuffer.cpp:3790] Failed to find ColorBuffer:353
E0414 11:05:52.217200 fd83000 FrameBuffer.cpp:3790] Failed to find ColorBuffer:350
E0414 11:05:52.217204 fd83000 FrameBuffer.cpp:3790] Failed to find ColorBuffer:353
E0414 11:05:52.217208 fd83000 FrameBuffer.cpp:3790] Failed to find ColorBuffer:350
E0414 11:05:52.217212 fd83000 FrameBuffer.cpp:3790] Failed to find ColorBuffer:353
E0414 11:05:52.217315 fd83000 FrameBuffer.cpp:3790] Failed to find ColorBuffer:350
E0414 11:05:52.217445 fd83000 FrameBuffer.cpp:3790] Failed to find ColorBuffer:353
E0414 11:05:52.217470 fd83000 FrameBuffer.cpp:3790] Failed to find ColorBuffer:350
E0414 11:05:52.217483 fd83000 FrameBuffer.cpp:3790] Failed to find ColorBuffer:353
E0414 11:05:52.217513 fd83000 FrameBuffer.cpp:3790] Failed to find ColorBuffer:350
E0414 11:05:52.217526 fd83000 FrameBuffer.cpp:3790] Failed to find ColorBuffer:353
INFO    | Warning: delivering touch release to same window QWindow(0x0) not QWidgetWindow(0x12b889de0, name="EmulatorContainerClassWindow") ((null):0, (null))
INFO    | Warning: skipping QEventPoint(id=1 ts=0 pos=0,0 scn=1383.2,665.191 gbl=1383.2,665.191 Released ellipse=(1x1 ∡ 0) vel=0,0 press=-1383.2,-665.191 last=-1383.2,-665.191 Δ 1383.2,665.191) : no target window ((null):0, (null))
E0414 11:06:44.734775 fd83000 FrameBuffer.cpp:3790] Failed to find ColorBuffer:374
E0414 11:06:44.737858 fd83000 FrameBuffer.cpp:3790] Failed to find ColorBuffer:378
E0414 11:10:20.613470 fd83000 FrameBuffer.cpp:3790] Failed to find ColorBuffer:436
E0414 11:10:20.614347 fd83000 FrameBuffer.cpp:3790] Failed to find ColorBuffer:440
E0414 11:10:29.846189 fd83000 FrameBuffer.cpp:3790] Failed to find ColorBuffer:445
E0414 11:10:29.846455 fd83000 FrameBuffer.cpp:3790] Failed to find ColorBuffer:446
E0414 11:10:29.846472 fd83000 FrameBuffer.cpp:3790] Failed to find ColorBuffer:443
E0414 11:10:29.846480 fd83000 FrameBuffer.cpp:3790] Failed to find ColorBuffer:445
E0414 11:10:29.846487 fd83000 FrameBuffer.cpp:3790] Failed to find ColorBuffer:446
E0414 11:10:29.846494 fd83000 FrameBuffer.cpp:3790] Failed to find ColorBuffer:443
E0414 11:10:29.846500 fd83000 FrameBuffer.cpp:3790] Failed to find ColorBuffer:445
E0414 11:10:29.846507 fd83000 FrameBuffer.cpp:3790] Failed to find ColorBuffer:446
E0414 11:10:29.846513 fd83000 FrameBuffer.cpp:3790] Failed to find ColorBuffer:443
E0414 11:10:29.846519 fd83000 FrameBuffer.cpp:3790] Failed to find ColorBuffer:445
E0414 11:10:29.846525 fd83000 FrameBuffer.cpp:3790] Failed to find ColorBuffer:446
E0414 11:10:29.846531 fd83000 FrameBuffer.cpp:3790] Failed to find ColorBuffer:443
E0414 11:10:29.846537 fd83000 FrameBuffer.cpp:3790] Failed to find ColorBuffer:445
E0414 11:10:29.846542 fd83000 FrameBuffer.cpp:3790] Failed to find ColorBuffer:446
E0414 11:10:29.846548 fd83000 FrameBuffer.cpp:3790] Failed to find ColorBuffer:443
E0414 11:10:29.846554 fd83000 FrameBuffer.cpp:3790] Failed to find ColorBuffer:445
INFO    | Warning: delivering touch release to same window QWindow(0x0) not QWidgetWindow(0x12b889de0, name="EmulatorContainerClassWindow") ((null):0, (null))
INFO    | Warning: skipping QEventPoint(id=0 ts=0 pos=0,0 scn=1053.71,697.181 gbl=1053.71,697.181 Released ellipse=(1x1 ∡ 0) vel=0,0 press=-1053.71,-697.181 last=-1053.71,-697.181 Δ 1053.71,697.181) : no target window ((null):0, (null))
E0414 11:10:38.801089 fd83000 FrameBuffer.cpp:3790] Failed to find ColorBuffer:467
E0414 11:10:38.801986 fd83000 FrameBuffer.cpp:3790] Failed to find ColorBuffer:471
INFO    | Warning: delivering touch release to same window QWindow(0x0) not QWidgetWindow(0x12b889de0, name="EmulatorContainerClassWindow") ((null):0, (null))
INFO    | Warning: skipping QEventPoint(id=1 ts=0 pos=0,0 scn=1414.73,440.945 gbl=1414.73,440.945 Released ellipse=(1x1 ∡ 0) vel=0,0 press=-1414.73,-440.945 last=-1414.73,-440.945 Δ 1414.73,440.945) : no target window ((null):0, (null))
INFO    | Warning: delivering touch release to same window QWindow(0x0) not QWidgetWindow(0x12b889de0, name="EmulatorContainerClassWindow") ((null):0, (null))
INFO    | Warning: skipping QEventPoint(id=1 ts=0 pos=0,0 scn=1408.27,343.266 gbl=1408.27,343.266 Released ellipse=(1x1 ∡ 0) vel=0,0 press=-1408.27,-343.266 last=-1408.27,-343.266 Δ 1408.27,343.266) : no target window ((null):0, (null))
INFO    | Warning: delivering touch release to same window QWindow(0x0) not QWidgetWindow(0x12b889de0, name="EmulatorContainerClassWindow") ((null):0, (null))
INFO    | Warning: skipping QEventPoint(id=0 ts=0 pos=0,0 scn=1111.62,515.642 gbl=1111.62,515.642 Released ellipse=(1x1 ∡ 0) vel=0,0 press=-1111.62,-515.642 last=-1111.62,-515.642 Δ 1111.62,515.642) : no target window ((null):0, (null))
INFO    | Warning: delivering touch release to same window QWindow(0x0) not QWidgetWindow(0x12b889de0, name="EmulatorContainerClassWindow") ((null):0, (null))
INFO    | Warning: skipping QEventPoint(id=0 ts=0 pos=0,0 scn=1098.9,253.458 gbl=1098.9,253.458 Released ellipse=(1x1 ∡ 0) vel=0,0 press=-1098.9,-253.458 last=-1098.9,-253.458 Δ 1098.9,253.458) : no target window ((null):0, (null))
INFO    | Warning: delivering touch release to same window QWindow(0x0) not QWidgetWindow(0x12b889de0, name="EmulatorContainerClassWindow") ((null):0, (null))
INFO    | Warning: skipping QEventPoint(id=1 ts=0 pos=0,0 scn=1124.02,275.403 gbl=1124.02,275.403 Released ellipse=(1x1 ∡ 0) vel=0,0 press=-1124.02,-275.403 last=-1124.02,-275.403 Δ 1124.02,275.403) : no target window ((null):0, (null))
INFO    | Warning: delivering touch release to same window QWindow(0x0) not QWidgetWindow(0x12b889de0, name="EmulatorContainerClassWindow") ((null):0, (null))
INFO    | Warning: skipping QEventPoint(id=0 ts=0 pos=0,0 scn=648.3,734.107 gbl=648.3,734.107 Released ellipse=(1x1 ∡ 0) vel=0,0 press=-648.3,-734.107 last=-648.3,-734.107 Δ 648.3,734.107) : no target window ((null):0, (null))
INFO    | Warning: delivering touch release to same window QWindow(0x0) not QWidgetWindow(0x12b889de0, name="EmulatorContainerClassWindow") ((null):0, (null))
INFO    | Warning: skipping QEventPoint(id=0 ts=0 pos=0,0 scn=1073.74,765.146 gbl=1073.74,765.146 Released ellipse=(1x1 ∡ 0) vel=0,0 press=-1073.74,-765.146 last=-1073.74,-765.146 Δ 1073.74,765.146) : no target window ((null):0, (null))
INFO    | Warning: delivering touch release to same window QWindow(0x0) not QWidgetWindow(0x12b889de0, name="EmulatorContainerClassWindow") ((null):0, (null))
INFO    | Warning: skipping QEventPoint(id=0 ts=0 pos=0,0 scn=905.964,123.54 gbl=905.964,123.54 Released ellipse=(1x1 ∡ 0) vel=0,0 press=-905.964,-123.54 last=-905.964,-123.54 Δ 905.964,123.54) : no target window ((null):0, (null))
INFO    | Warning: delivering touch release to same window QWindow(0x0) not QWidgetWindow(0x12b889de0, name="EmulatorContainerClassWindow") ((null):0, (null))
INFO    | Warning: skipping QEventPoint(id=0 ts=0 pos=0,0 scn=1185.03,125.081 gbl=1185.03,125.081 Released ellipse=(1x1 ∡ 0) vel=0,0 press=-1185.03,-125.081 last=-1185.03,-125.081 Δ 1185.03,125.081) : no target window ((null):0, (null))
E0414 11:53:27.590079 fd83000 FrameBuffer.cpp:3790] Failed to find ColorBuffer:515
INFO    | Warning: delivering touch release to same window QWindow(0x0) not QWidgetWindow(0x12b889de0, name="EmulatorContainerClassWindow") ((null):0, (null))
INFO    | Warning: skipping QEventPoint(id=0 ts=0 pos=0,0 scn=882.591,587.252 gbl=882.591,587.252 Released ellipse=(1x1 ∡ 0) vel=0,0 press=-882.591,-587.252 last=-882.591,-587.252 Δ 882.591,587.252) : no target window ((null):0, (null))
E0414 11:53:58.269514 fd83000 FrameBuffer.cpp:3790] Failed to find ColorBuffer:542
E0414 11:53:58.269694 fd83000 FrameBuffer.cpp:3790] Failed to find ColorBuffer:545
E0414 11:53:58.269710 fd83000 FrameBuffer.cpp:3790] Failed to find ColorBuffer:546
E0414 11:53:58.269760 fd83000 FrameBuffer.cpp:3790] Failed to find ColorBuffer:548
E0414 11:53:58.269767 fd83000 FrameBuffer.cpp:3790] Failed to find ColorBuffer:549
E0414 11:53:58.269771 fd83000 FrameBuffer.cpp:3790] Failed to find ColorBuffer:546
E0414 11:53:58.269776 fd83000 FrameBuffer.cpp:3790] Failed to find ColorBuffer:548
E0414 11:53:58.269792 fd83000 FrameBuffer.cpp:3790] Failed to find ColorBuffer:549
E0414 11:53:58.269796 fd83000 FrameBuffer.cpp:3790] Failed to find ColorBuffer:546
E0414 11:53:58.269799 fd83000 FrameBuffer.cpp:3790] Failed to find ColorBuffer:548
E0414 11:53:58.269803 fd83000 FrameBuffer.cpp:3790] Failed to find ColorBuffer:549
E0414 11:53:58.269807 fd83000 FrameBuffer.cpp:3790] Failed to find ColorBuffer:546
E0414 11:53:58.269810 fd83000 FrameBuffer.cpp:3790] Failed to find ColorBuffer:548
E0414 11:53:58.269813 fd83000 FrameBuffer.cpp:3790] Failed to find ColorBuffer:549
E0414 11:58:52.515955 fd83000 FrameBuffer.cpp:3790] Failed to find ColorBuffer:557
E0414 11:58:52.516234 fd83000 FrameBuffer.cpp:3790] Failed to find ColorBuffer:540
E0414 11:58:52.516884 fd83000 FrameBuffer.cpp:3790] Failed to find ColorBuffer:564
INFO    | Warning: delivering touch release to same window QWindow(0x0) not QWidgetWindow(0x12b889de0, name="EmulatorContainerClassWindow") ((null):0, (null))
INFO    | Warning: skipping QEventPoint(id=0 ts=0 pos=0,0 scn=1237.88,137.703 gbl=1237.88,137.703 Released ellipse=(1x1 ∡ 0) vel=0,0 press=-1237.88,-137.703 last=-1237.88,-137.703 Δ 1237.88,137.703) : no target window ((null):0, (null))
INFO    | Critical: web channel closed (https://maps.googleapis.com/maps/api/js?libraries=places&key=AIzaSyABrfflV49aFWF4Kohsf1VSx68td8f-sFY&callback=initMap&v=3.53:430, (null))
E0414 13:25:20.820819 fd83000 FrameBuffer.cpp:3790] Failed to find ColorBuffer:592
INFO    | Critical: web channel closed (https://maps.googleapis.com/maps/api/js?libraries=places&key=AIzaSyABrfflV49aFWF4Kohsf1VSx68td8f-sFY&callback=initMap&v=3.53:430, (null))

INFO    | Warning: delivering touch release to same window QWindow(0x0) not QWidgetWindow(0x12b889de0, name="EmulatorContainerClassWindow") ((null):0, (null))
INFO    | Warning: skipping QEventPoint(id=0 ts=0 pos=0,0 scn=1103.66,94.1843 gbl=1103.66,94.1843 Released ellipse=(1x1 ∡ 0) vel=0,0 press=-1103.66,-94.1843 last=-1103.66,-94.1843 Δ 1103.66,94.1843) : no target window ((null):0, (null))
E0414 13:28:02.066205 fd83000 FrameBuffer.cpp:3790] Failed to find ColorBuffer:591
E0414 13:28:02.066685 fd83000 FrameBuffer.cpp:3790] Failed to find ColorBuffer:600
E0414 13:28:02.066693 fd83000 FrameBuffer.cpp:3790] Failed to find ColorBuffer:590
E0414 13:28:02.066833 fd83000 FrameBuffer.cpp:3790] Failed to find ColorBuffer:602
E0414 13:28:02.066849 fd83000 FrameBuffer.cpp:3790] Failed to find ColorBuffer:600
E0414 13:28:02.066855 fd83000 FrameBuffer.cpp:3790] Failed to find ColorBuffer:602
E0414 13:28:02.066860 fd83000 FrameBuffer.cpp:3790] Failed to find ColorBuffer:600
E0414 13:28:02.066864 fd83000 FrameBuffer.cpp:3790] Failed to find ColorBuffer:602
E0414 13:28:02.066869 fd83000 FrameBuffer.cpp:3790] Failed to find ColorBuffer:600
E0414 13:28:02.066873 fd83000 FrameBuffer.cpp:3790] Failed to find ColorBuffer:602
E0414 13:28:02.066878 fd83000 FrameBuffer.cpp:3790] Failed to find ColorBuffer:600
E0414 13:28:02.066882 fd83000 FrameBuffer.cpp:3790] Failed to find ColorBuffer:602
E0414 13:28:02.066886 fd83000 FrameBuffer.cpp:3790] Failed to find ColorBuffer:600
E0414 13:28:02.066890 fd83000 FrameBuffer.cpp:3790] Failed to find ColorBuffer:602
E0414 13:28:02.066894 fd83000 FrameBuffer.cpp:3790] Failed to find ColorBuffer:600
E0414 13:28:02.066898 fd83000 FrameBuffer.cpp:3790] Failed to find ColorBuffer:602
E0414 13:28:02.066902 fd83000 FrameBuffer.cpp:3790] Failed to find ColorBuffer:600
E0414 13:28:02.066906 fd83000 FrameBuffer.cpp:3790] Failed to find ColorBuffer:602
E0414 13:28:02.066911 fd83000 FrameBuffer.cpp:3790] Failed to find ColorBuffer:600
E0414 13:28:02.066915 fd83000 FrameBuffer.cpp:3790] Failed to find ColorBuffer:602
E0414 13:28:02.066919 fd83000 FrameBuffer.cpp:3790] Failed to find ColorBuffer:600
E0414 13:28:02.067061 fd83000 FrameBuffer.cpp:3790] Failed to find ColorBuffer:602
E0414 13:28:02.067067 fd83000 FrameBuffer.cpp:3790] Failed to find ColorBuffer:600
E0414 13:28:02.067072 fd83000 FrameBuffer.cpp:3790] Failed to find ColorBuffer:602
E0414 13:28:02.067079 fd83000 FrameBuffer.cpp:3790] Failed to find ColorBuffer:600
E0414 13:28:02.067117 fd83000 FrameBuffer.cpp:3790] Failed to find ColorBuffer:602
E0414 13:28:02.067141 fd83000 FrameBuffer.cpp:3790] Failed to find ColorBuffer:600
E0414 13:28:02.067145 fd83000 FrameBuffer.cpp:3790] Failed to find ColorBuffer:602
E0414 13:28:02.067156 fd83000 FrameBuffer.cpp:3790] Failed to find ColorBuffer:600
E0414 13:28:02.067214 fd83000 FrameBuffer.cpp:3790] Failed to find ColorBuffer:602
E0414 13:33:44.895211 fd83000 FrameBuffer.cpp:3790] Failed to find ColorBuffer:612
E0414 13:33:44.895834 fd83000 FrameBuffer.cpp:3790] Failed to find ColorBuffer:615
E0414 13:33:44.895849 fd83000 FrameBuffer.cpp:3790] Failed to find ColorBuffer:614
E0414 13:33:44.895856 fd83000 FrameBuffer.cpp:3790] Failed to find ColorBuffer:612
E0414 13:33:44.895864 fd83000 FrameBuffer.cpp:3790] Failed to find ColorBuffer:615
E0414 13:33:44.895870 fd83000 FrameBuffer.cpp:3790] Failed to find ColorBuffer:614
E0414 13:33:44.896147 fd83000 FrameBuffer.cpp:3790] Failed to find ColorBuffer:610
E0414 13:33:44.896154 fd83000 FrameBuffer.cpp:3790] Failed to find ColorBuffer:608
E0414 13:33:44.896159 fd83000 FrameBuffer.cpp:3790] Failed to find ColorBuffer:611
E0414 13:33:44.896164 fd83000 FrameBuffer.cpp:3790] Failed to find ColorBuffer:610
E0414 13:33:44.896170 fd83000 FrameBuffer.cpp:3790] Failed to find ColorBuffer:608
E0414 13:33:44.896175 fd83000 FrameBuffer.cpp:3790] Failed to find ColorBuffer:611
E0414 13:33:44.896181 fd83000 FrameBuffer.cpp:3790] Failed to find ColorBuffer:610
E0414 13:33:44.896185 fd83000 FrameBuffer.cpp:3790] Failed to find ColorBuffer:608
E0414 13:33:44.896192 fd83000 FrameBuffer.cpp:3790] Failed to find ColorBuffer:611
E0414 13:33:44.896197 fd83000 FrameBuffer.cpp:3790] Failed to find ColorBuffer:610
E0414 13:33:44.896206 fd83000 FrameBuffer.cpp:3790] Failed to find ColorBuffer:608
E0414 13:33:49.395492 fd83000 FrameBuffer.cpp:3790] Failed to find ColorBuffer:616
E0414 13:33:49.395539 fd83000 FrameBuffer.cpp:3790] Failed to find ColorBuffer:619
E0414 13:33:49.395550 fd83000 FrameBuffer.cpp:3790] Failed to find ColorBuffer:618
E0414 13:33:49.395558 fd83000 FrameBuffer.cpp:3790] Failed to find ColorBuffer:616
E0414 13:33:49.395564 fd83000 FrameBuffer.cpp:3790] Failed to find ColorBuffer:619
E0414 13:33:49.395570 fd83000 FrameBuffer.cpp:3790] Failed to find ColorBuffer:618
E0414 13:33:49.395575 fd83000 FrameBuffer.cpp:3790] Failed to find ColorBuffer:616
E0414 13:33:49.395580 fd83000 FrameBuffer.cpp:3790] Failed to find ColorBuffer:619
E0414 13:33:49.395585 fd83000 FrameBuffer.cpp:3790] Failed to find ColorBuffer:618
E0414 13:33:49.395590 fd83000 FrameBuffer.cpp:3790] Failed to find ColorBuffer:616
E0414 13:33:49.395595 fd83000 FrameBuffer.cpp:3790] Failed to find ColorBuffer:619
E0414 13:33:49.395600 fd83000 FrameBuffer.cpp:3790] Failed to find ColorBuffer:618
E0414 13:33:49.395605 fd83000 FrameBuffer.cpp:3790] Failed to find ColorBuffer:616
E0414 13:33:49.395610 fd83000 FrameBuffer.cpp:3790] Failed to find ColorBuffer:619
E0414 13:33:49.395615 fd83000 FrameBuffer.cpp:3790] Failed to find ColorBuffer:618
E0414 13:33:49.395620 fd83000 FrameBuffer.cpp:3790] Failed to find ColorBuffer:616
E0414 13:33:49.395625 fd83000 FrameBuffer.cpp:3790] Failed to find ColorBuffer:619
E0414 13:33:49.395630 fd83000 FrameBuffer.cpp:3790] Failed to find ColorBuffer:618
E0414 13:33:49.395635 fd83000 FrameBuffer.cpp:3790] Failed to find ColorBuffer:616
E0414 13:33:49.395640 fd83000 FrameBuffer.cpp:3790] Failed to find ColorBuffer:619
E0414 13:33:49.395644 fd83000 FrameBuffer.cpp:3790] Failed to find ColorBuffer:618
E0414 13:33:49.395649 fd83000 FrameBuffer.cpp:3790] Failed to find ColorBuffer:616
E0414 13:33:49.395655 fd83000 FrameBuffer.cpp:3790] Failed to find ColorBuffer:619
E0414 13:33:49.395660 fd83000 FrameBuffer.cpp:3790] Failed to find ColorBuffer:618
E0414 13:33:49.395664 fd83000 FrameBuffer.cpp:3790] Failed to find ColorBuffer:616
E0414 13:33:49.395669 fd83000 FrameBuffer.cpp:3790] Failed to find ColorBuffer:619
E0414 13:33:49.395674 fd83000 FrameBuffer.cpp:3790] Failed to find ColorBuffer:618
E0414 13:33:49.395707 fd83000 FrameBuffer.cpp:3790] Failed to find ColorBuffer:616
E0414 13:33:49.395712 fd83000 FrameBuffer.cpp:3790] Failed to find ColorBuffer:619
E0414 13:33:49.395721 fd83000 FrameBuffer.cpp:3790] Failed to find ColorBuffer:618
E0414 13:34:11.195566 fd83000 FrameBuffer.cpp:3790] Failed to find ColorBuffer:620
E0414 13:34:11.195821 fd83000 FrameBuffer.cpp:3790] Failed to find ColorBuffer:623
E0414 13:34:11.195847 fd83000 FrameBuffer.cpp:3790] Failed to find ColorBuffer:622
E0414 13:34:11.195855 fd83000 FrameBuffer.cpp:3790] Failed to find ColorBuffer:620
E0414 13:34:11.195861 fd83000 FrameBuffer.cpp:3790] Failed to find ColorBuffer:623
E0414 13:34:11.195866 fd83000 FrameBuffer.cpp:3790] Failed to find ColorBuffer:622
E0414 13:34:11.195870 fd83000 FrameBuffer.cpp:3790] Failed to find ColorBuffer:620
E0414 13:34:11.195874 fd83000 FrameBuffer.cpp:3790] Failed to find ColorBuffer:623
E0414 13:34:11.195878 fd83000 FrameBuffer.cpp:3790] Failed to find ColorBuffer:622
E0414 13:34:11.195882 fd83000 FrameBuffer.cpp:3790] Failed to find ColorBuffer:620
E0414 13:34:11.195886 fd83000 FrameBuffer.cpp:3790] Failed to find ColorBuffer:623
E0414 13:34:11.195890 fd83000 FrameBuffer.cpp:3790] Failed to find ColorBuffer:622
E0414 13:34:11.195895 fd83000 FrameBuffer.cpp:3790] Failed to find ColorBuffer:620
E0414 13:34:11.195899 fd83000 FrameBuffer.cpp:3790] Failed to find ColorBuffer:623
E0414 13:34:11.195903 fd83000 FrameBuffer.cpp:3790] Failed to find ColorBuffer:622
E0414 13:34:11.195907 fd83000 FrameBuffer.cpp:3790] Failed to find ColorBuffer:620
E0414 13:34:11.195911 fd83000 FrameBuffer.cpp:3790] Failed to find ColorBuffer:623
E0414 13:34:11.195915 fd83000 FrameBuffer.cpp:3790] Failed to find ColorBuffer:622
E0414 13:34:11.195919 fd83000 FrameBuffer.cpp:3790] Failed to find ColorBuffer:620
E0414 13:34:11.195923 fd83000 FrameBuffer.cpp:3790] Failed to find ColorBuffer:623
E0414 13:34:11.195927 fd83000 FrameBuffer.cpp:3790] Failed to find ColorBuffer:622
E0414 13:34:11.195931 fd83000 FrameBuffer.cpp:3790] Failed to find ColorBuffer:620
E0414 13:34:11.195934 fd83000 FrameBuffer.cpp:3790] Failed to find ColorBuffer:623
E0414 13:34:11.195938 fd83000 FrameBuffer.cpp:3790] Failed to find ColorBuffer:622
E0414 13:34:11.195942 fd83000 FrameBuffer.cpp:3790] Failed to find ColorBuffer:620
E0414 13:34:11.195947 fd83000 FrameBuffer.cpp:3790] Failed to find ColorBuffer:623
E0414 13:34:11.195951 fd83000 FrameBuffer.cpp:3790] Failed to find ColorBuffer:622
E0414 13:34:11.195955 fd83000 FrameBuffer.cpp:3790] Failed to find ColorBuffer:620
E0414 13:34:11.195960 fd83000 FrameBuffer.cpp:3790] Failed to find ColorBuffer:623
E0414 13:34:11.195963 fd83000 FrameBuffer.cpp:3790] Failed to find ColorBuffer:622
E0414 13:34:11.195967 fd83000 FrameBuffer.cpp:3790] Failed to find ColorBuffer:620
E0414 13:34:11.195971 fd83000 FrameBuffer.cpp:3790] Failed to find ColorBuffer:623
E0414 13:34:11.195977 fd83000 FrameBuffer.cpp:3790] Failed to find ColorBuffer:622
E0414 13:34:11.195981 fd83000 FrameBuffer.cpp:3790] Failed to find ColorBuffer:620
E0414 13:34:11.196015 fd83000 FrameBuffer.cpp:3790] Failed to find ColorBuffer:623
E0414 13:34:14.594144 fd83000 FrameBuffer.cpp:3790] Failed to find ColorBuffer:647
E0414 13:34:14.594201 fd83000 FrameBuffer.cpp:3790] Failed to find ColorBuffer:650
E0414 13:34:14.594218 fd83000 FrameBuffer.cpp:3790] Failed to find ColorBuffer:646
E0414 13:34:14.594290 fd83000 FrameBuffer.cpp:3790] Failed to find ColorBuffer:653
E0414 13:34:14.594300 fd83000 FrameBuffer.cpp:3790] Failed to find ColorBuffer:655
E0414 13:34:14.594306 fd83000 FrameBuffer.cpp:3790] Failed to find ColorBuffer:656
E0414 13:34:14.594313 fd83000 FrameBuffer.cpp:3790] Failed to find ColorBuffer:653
E0414 13:34:14.594318 fd83000 FrameBuffer.cpp:3790] Failed to find ColorBuffer:655
E0414 13:34:14.594322 fd83000 FrameBuffer.cpp:3790] Failed to find ColorBuffer:656
E0414 13:34:14.594327 fd83000 FrameBuffer.cpp:3790] Failed to find ColorBuffer:653
E0414 13:34:14.594331 fd83000 FrameBuffer.cpp:3790] Failed to find ColorBuffer:655
E0414 13:34:14.594492 fd83000 FrameBuffer.cpp:3790] Failed to find ColorBuffer:656
E0414 13:34:14.594530 fd83000 FrameBuffer.cpp:3790] Failed to find ColorBuffer:653
E0414 13:34:14.594538 fd83000 FrameBuffer.cpp:3790] Failed to find ColorBuffer:626
E0414 13:34:14.594545 fd83000 FrameBuffer.cpp:3790] Failed to find ColorBuffer:655
E0414 13:34:14.594550 fd83000 FrameBuffer.cpp:3790] Failed to find ColorBuffer:656
INFO    | Warning: delivering touch release to same window QWindow(0x0) not QWidgetWindow(0x12b889de0, name="EmulatorContainerClassWindow") ((null):0, (null))
INFO    | Warning: skipping QEventPoint(id=0 ts=0 pos=0,0 scn=1084.8,437.62 gbl=1084.8,437.62 Released ellipse=(1x1 ∡ 0) vel=0,0 press=-1084.8,-437.62 last=-1084.8,-437.62 Δ 1084.8,437.62) : no target window ((null):0, (null))
E0414 14:13:46.254822 fd83000 FrameBuffer.cpp:3790] Failed to find ColorBuffer:657
E0414 14:13:46.256192 fd83000 FrameBuffer.cpp:3790] Failed to find ColorBuffer:660
E0414 14:13:46.256221 fd83000 FrameBuffer.cpp:3790] Failed to find ColorBuffer:657
E0414 14:13:46.256227 fd83000 FrameBuffer.cpp:3790] Failed to find ColorBuffer:660
E0414 14:13:46.256236 fd83000 FrameBuffer.cpp:3790] Failed to find ColorBuffer:657
E0414 14:13:46.256241 fd83000 FrameBuffer.cpp:3790] Failed to find ColorBuffer:660
E0414 14:13:46.256246 fd83000 FrameBuffer.cpp:3790] Failed to find ColorBuffer:657
E0414 14:13:46.256250 fd83000 FrameBuffer.cpp:3790] Failed to find ColorBuffer:660
E0414 14:13:46.256255 fd83000 FrameBuffer.cpp:3790] Failed to find ColorBuffer:657
E0414 14:13:46.256259 fd83000 FrameBuffer.cpp:3790] Failed to find ColorBuffer:660
E0414 14:13:46.256263 fd83000 FrameBuffer.cpp:3790] Failed to find ColorBuffer:657
E0414 14:13:46.256268 fd83000 FrameBuffer.cpp:3790] Failed to find ColorBuffer:660
E0414 14:13:46.256273 fd83000 FrameBuffer.cpp:3790] Failed to find ColorBuffer:657
E0414 14:13:46.256278 fd83000 FrameBuffer.cpp:3790] Failed to find ColorBuffer:660
E0414 14:13:46.256283 fd83000 FrameBuffer.cpp:3790] Failed to find ColorBuffer:657
E0414 14:13:46.256288 fd83000 FrameBuffer.cpp:3790] Failed to find ColorBuffer:660
E0414 14:13:46.256293 fd83000 FrameBuffer.cpp:3790] Failed to find ColorBuffer:657
E0414 14:13:46.256297 fd83000 FrameBuffer.cpp:3790] Failed to find ColorBuffer:660
E0414 14:13:46.256303 fd83000 FrameBuffer.cpp:3790] Failed to find ColorBuffer:657
E0414 14:13:46.256307 fd83000 FrameBuffer.cpp:3790] Failed to find ColorBuffer:660
E0414 14:13:46.256312 fd83000 FrameBuffer.cpp:3790] Failed to find ColorBuffer:657
E0414 14:13:46.256317 fd83000 FrameBuffer.cpp:3790] Failed to find ColorBuffer:660
E0414 14:13:46.256432 fd83000 FrameBuffer.cpp:3790] Failed to find ColorBuffer:657
E0414 14:13:46.256436 fd83000 FrameBuffer.cpp:3790] Failed to find ColorBuffer:660
E0414 14:13:46.256447 fd83000 FrameBuffer.cpp:3790] Failed to find ColorBuffer:657
E0414 14:13:46.256453 fd83000 FrameBuffer.cpp:3790] Failed to find ColorBuffer:660
E0414 14:13:46.256459 fd83000 FrameBuffer.cpp:3790] Failed to find ColorBuffer:657
E0414 14:13:46.256463 fd83000 FrameBuffer.cpp:3790] Failed to find ColorBuffer:660
E0414 14:13:46.256468 fd83000 FrameBuffer.cpp:3790] Failed to find ColorBuffer:657
E0414 14:13:46.256485 fd83000 FrameBuffer.cpp:3790] Failed to find ColorBuffer:660
INFO    | Warning: delivering touch release to same window QWindow(0x0) not QWidgetWindow(0x12b889de0, name="EmulatorContainerClassWindow") ((null):0, (null))
INFO    | Warning: skipping QEventPoint(id=1 ts=0 pos=0,0 scn=1114.83,165.627 gbl=1114.83,165.627 Released ellipse=(1x1 ∡ 0) vel=0,0 press=-1114.83,-165.627 last=-1114.83,-165.627 Δ 1114.83,165.627) : no target window ((null):0, (null))
E0414 14:14:52.922347 fd83000 FrameBuffer.cpp:3790] Failed to find ColorBuffer:686
E0414 14:14:52.937175 fd83000 FrameBuffer.cpp:3790] Failed to find ColorBuffer:690
E0414 14:15:16.696445 fd83000 FrameBuffer.cpp:3790] Failed to find ColorBuffer:715
E0414 14:15:16.696683 fd83000 FrameBuffer.cpp:3790] Failed to find ColorBuffer:719
INFO    | Warning: delivering touch release to same window QWindow(0x0) not QWidgetWindow(0x12b889de0, name="EmulatorContainerClassWindow") ((null):0, (null))
INFO    | Warning: skipping QEventPoint(id=0 ts=0 pos=0,0 scn=1166.75,68.5618 gbl=1166.75,68.5618 Released ellipse=(1x1 ∡ 0) vel=0,0 press=-1166.75,-68.5618 last=-1166.75,-68.5618 Δ 1166.75,68.5618) : no target window ((null):0, (null))
E0414 14:37:20.691054 fd83000 FrameBuffer.cpp:3790] Failed to find ColorBuffer:722
E0414 14:37:20.691944 fd83000 FrameBuffer.cpp:3790] Failed to find ColorBuffer:726
E0414 14:38:01.368306 fd83000 FrameBuffer.cpp:3790] Failed to find ColorBuffer:756
E0414 14:38:01.369325 fd83000 FrameBuffer.cpp:3790] Failed to find ColorBuffer:760
INFO    | Warning: delivering touch release to same window QWindow(0x0) not QWidgetWindow(0x12b889de0, name="EmulatorContainerClassWindow") ((null):0, (null))
INFO    | Warning: skipping QEventPoint(id=0 ts=0 pos=0,0 scn=1014.15,498.004 gbl=1014.15,498.004 Released ellipse=(1x1 ∡ 0) vel=0,0 press=-1014.15,-498.004 last=-1014.15,-498.004 Δ 1014.15,498.004) : no target window ((null):0, (null))
INFO    | Warning: delivering touch release to same window QWindow(0x0) not QWidgetWindow(0x12b889de0, name="EmulatorContainerClassWindow") ((null):0, (null))
INFO    | Warning: skipping QEventPoint(id=0 ts=0 pos=0,0 scn=1117.06,633.773 gbl=1117.06,633.773 Released ellipse=(1x1 ∡ 0) vel=0,0 press=-1117.06,-633.773 last=-1117.06,-633.773 Δ 1117.06,633.773) : no target window ((null):0, (null))
INFO    | Warning: delivering touch release to same window QWindow(0x0) not QWidgetWindow(0x12b889de0, name="EmulatorContainerClassWindow") ((null):0, (null))
INFO    | Warning: skipping QEventPoint(id=0 ts=0 pos=0,0 scn=1068.72,642.389 gbl=1068.72,642.389 Released ellipse=(1x1 ∡ 0) vel=0,0 press=-1068.72,-642.389 last=-1068.72,-642.389 Δ 1068.72,642.389) : no target window ((null):0, (null))
INFO    | Warning: delivering touch release to same window QWindow(0x0) not QWidgetWindow(0x12b889de0, name="EmulatorContainerClassWindow") ((null):0, (null))
INFO    | Warning: skipping QEventPoint(id=0 ts=0 pos=0,0 scn=987.932,765.581 gbl=987.932,765.581 Released ellipse=(1x1 ∡ 0) vel=0,0 press=-987.932,-765.581 last=-987.932,-765.581 Δ 987.932,765.581) : no target window ((null):0, (null))
INFO    | Warning: delivering touch release to same window QWindow(0x0) not QWidgetWindow(0x12b889de0, name="EmulatorContainerClassWindow") ((null):0, (null))
INFO    | Warning: skipping QEventPoint(id=0 ts=0 pos=0,0 scn=1175.77,403.498 gbl=1175.77,403.498 Released ellipse=(1x1 ∡ 0) vel=0,0 press=-1175.77,-403.498 last=-1175.77,-403.498 Δ 1175.77,403.498) : no target window ((null):0, (null))
E0414 14:46:55.814620 fd83000 FrameBuffer.cpp:3790] Failed to find ColorBuffer:781
E0414 14:46:58.294372 fd83000 FrameBuffer.cpp:3790] Failed to find ColorBuffer:788
E0414 14:46:58.294411 fd83000 FrameBuffer.cpp:3790] Failed to find ColorBuffer:791
E0414 14:46:58.294419 fd83000 FrameBuffer.cpp:3790] Failed to find ColorBuffer:790
E0414 14:46:58.294425 fd83000 FrameBuffer.cpp:3790] Failed to find ColorBuffer:788
E0414 14:46:58.294431 fd83000 FrameBuffer.cpp:3790] Failed to find ColorBuffer:791
E0414 14:46:58.294436 fd83000 FrameBuffer.cpp:3790] Failed to find ColorBuffer:790
E0414 14:46:58.294441 fd83000 FrameBuffer.cpp:3790] Failed to find ColorBuffer:788
E0414 14:46:58.294445 fd83000 FrameBuffer.cpp:3790] Failed to find ColorBuffer:791
E0414 14:46:58.294449 fd83000 FrameBuffer.cpp:3790] Failed to find ColorBuffer:790
E0414 14:46:58.294453 fd83000 FrameBuffer.cpp:3790] Failed to find ColorBuffer:788
E0414 14:46:58.294457 fd83000 FrameBuffer.cpp:3790] Failed to find ColorBuffer:791
E0414 14:46:58.294461 fd83000 FrameBuffer.cpp:3790] Failed to find ColorBuffer:790
E0414 14:46:58.294465 fd83000 FrameBuffer.cpp:3790] Failed to find ColorBuffer:788
E0414 14:46:58.294469 fd83000 FrameBuffer.cpp:3790] Failed to find ColorBuffer:791
E0414 14:46:58.294474 fd83000 FrameBuffer.cpp:3790] Failed to find ColorBuffer:790
E0414 14:46:58.294479 fd83000 FrameBuffer.cpp:3790] Failed to find ColorBuffer:788
E0414 14:46:58.294482 fd83000 FrameBuffer.cpp:3790] Failed to find ColorBuffer:791
E0414 14:46:58.294515 fd83000 FrameBuffer.cpp:3790] Failed to find ColorBuffer:790
E0414 14:46:58.294520 fd83000 FrameBuffer.cpp:3790] Failed to find ColorBuffer:788
E0414 14:46:58.294524 fd83000 FrameBuffer.cpp:3790] Failed to find ColorBuffer:791
E0414 14:46:58.294528 fd83000 FrameBuffer.cpp:3790] Failed to find ColorBuffer:790
E0414 14:46:58.294532 fd83000 FrameBuffer.cpp:3790] Failed to find ColorBuffer:788
E0414 14:46:58.294536 fd83000 FrameBuffer.cpp:3790] Failed to find ColorBuffer:791
E0414 14:46:58.294540 fd83000 FrameBuffer.cpp:3790] Failed to find ColorBuffer:790
E0414 14:46:58.294544 fd83000 FrameBuffer.cpp:3790] Failed to find ColorBuffer:788
E0414 14:46:58.294547 fd83000 FrameBuffer.cpp:3790] Failed to find ColorBuffer:791
E0414 14:46:58.294551 fd83000 FrameBuffer.cpp:3790] Failed to find ColorBuffer:790
E0414 14:46:58.294566 fd83000 FrameBuffer.cpp:3790] Failed to find ColorBuffer:788
E0414 14:47:04.477151 fd83000 FrameBuffer.cpp:3790] Failed to find ColorBuffer:796
E0414 14:47:04.477351 fd83000 FrameBuffer.cpp:3790] Failed to find ColorBuffer:799
E0414 14:47:04.477373 fd83000 FrameBuffer.cpp:3790] Failed to find ColorBuffer:800
E0414 14:47:04.477389 fd83000 FrameBuffer.cpp:3790] Failed to find ColorBuffer:802
E0414 14:47:04.477415 fd83000 FrameBuffer.cpp:3790] Failed to find ColorBuffer:803
E0414 14:47:04.477421 fd83000 FrameBuffer.cpp:3790] Failed to find ColorBuffer:800
E0414 14:47:04.477426 fd83000 FrameBuffer.cpp:3790] Failed to find ColorBuffer:802
E0414 14:47:04.477430 fd83000 FrameBuffer.cpp:3790] Failed to find ColorBuffer:803
E0414 14:47:04.477435 fd83000 FrameBuffer.cpp:3790] Failed to find ColorBuffer:800
E0414 14:47:04.477439 fd83000 FrameBuffer.cpp:3790] Failed to find ColorBuffer:802
E0414 14:47:04.477444 fd83000 FrameBuffer.cpp:3790] Failed to find ColorBuffer:803
E0414 14:47:04.477448 fd83000 FrameBuffer.cpp:3790] Failed to find ColorBuffer:800
E0414 14:47:04.477453 fd83000 FrameBuffer.cpp:3790] Failed to find ColorBuffer:802
E0414 14:47:04.477457 fd83000 FrameBuffer.cpp:3790] Failed to find ColorBuffer:803
E0414 14:47:04.477461 fd83000 FrameBuffer.cpp:3790] Failed to find ColorBuffer:800
E0414 14:47:04.477466 fd83000 FrameBuffer.cpp:3790] Failed to find ColorBuffer:802
E0414 14:47:04.477470 fd83000 FrameBuffer.cpp:3790] Failed to find ColorBuffer:803
E0414 14:47:04.477474 fd83000 FrameBuffer.cpp:3790] Failed to find ColorBuffer:800
E0414 14:47:04.477479 fd83000 FrameBuffer.cpp:3790] Failed to find ColorBuffer:802
E0414 14:47:04.477483 fd83000 FrameBuffer.cpp:3790] Failed to find ColorBuffer:803
E0414 14:47:04.477487 fd83000 FrameBuffer.cpp:3790] Failed to find ColorBuffer:800
E0414 14:47:04.477492 fd83000 FrameBuffer.cpp:3790] Failed to find ColorBuffer:802
E0414 14:47:04.477496 fd83000 FrameBuffer.cpp:3790] Failed to find ColorBuffer:803
E0414 14:47:04.477499 fd83000 FrameBuffer.cpp:3790] Failed to find ColorBuffer:800
E0414 14:47:04.477503 fd83000 FrameBuffer.cpp:3790] Failed to find ColorBuffer:802
E0414 14:47:04.477507 fd83000 FrameBuffer.cpp:3790] Failed to find ColorBuffer:803
E0414 14:47:04.477511 fd83000 FrameBuffer.cpp:3790] Failed to find ColorBuffer:800
E0414 14:47:04.477515 fd83000 FrameBuffer.cpp:3790] Failed to find ColorBuffer:802
E0414 14:47:04.477519 fd83000 FrameBuffer.cpp:3790] Failed to find ColorBuffer:803
E0414 14:47:04.477523 fd83000 FrameBuffer.cpp:3790] Failed to find ColorBuffer:800
E0414 14:47:04.477526 fd83000 FrameBuffer.cpp:3790] Failed to find ColorBuffer:802
E0414 14:47:04.477530 fd83000 FrameBuffer.cpp:3790] Failed to find ColorBuffer:803
E0414 14:47:04.477534 fd83000 FrameBuffer.cpp:3790] Failed to find ColorBuffer:800
E0414 14:47:04.477538 fd83000 FrameBuffer.cpp:3790] Failed to find ColorBuffer:802
E0414 14:47:04.477541 fd83000 FrameBuffer.cpp:3790] Failed to find ColorBuffer:803
E0414 14:47:04.477545 fd83000 FrameBuffer.cpp:3790] Failed to find ColorBuffer:800
E0414 14:47:04.477549 fd83000 FrameBuffer.cpp:3790] Failed to find ColorBuffer:802
E0414 14:47:04.477553 fd83000 FrameBuffer.cpp:3790] Failed to find ColorBuffer:803
E0414 14:47:04.477583 fd83000 FrameBuffer.cpp:3790] Failed to find ColorBuffer:800
E0414 14:47:04.477587 fd83000 FrameBuffer.cpp:3790] Failed to find ColorBuffer:802
E0414 14:47:04.477591 fd83000 FrameBuffer.cpp:3790] Failed to find ColorBuffer:803
E0414 14:47:04.477595 fd83000 FrameBuffer.cpp:3790] Failed to find ColorBuffer:800
E0414 14:47:04.477599 fd83000 FrameBuffer.cpp:3790] Failed to find ColorBuffer:802
E0414 14:47:04.477603 fd83000 FrameBuffer.cpp:3790] Failed to find ColorBuffer:803
E0414 14:47:04.477607 fd83000 FrameBuffer.cpp:3790] Failed to find ColorBuffer:800
E0414 14:47:04.477610 fd83000 FrameBuffer.cpp:3790] Failed to find ColorBuffer:802
E0414 14:47:04.477614 fd83000 FrameBuffer.cpp:3790] Failed to find ColorBuffer:803
E0414 14:47:04.477618 fd83000 FrameBuffer.cpp:3790] Failed to find ColorBuffer:800
E0414 14:47:04.477622 fd83000 FrameBuffer.cpp:3790] Failed to find ColorBuffer:802
E0414 14:47:04.477626 fd83000 FrameBuffer.cpp:3790] Failed to find ColorBuffer:803
E0414 14:47:04.477630 fd83000 FrameBuffer.cpp:3790] Failed to find ColorBuffer:800
E0414 14:47:04.477634 fd83000 FrameBuffer.cpp:3790] Failed to find ColorBuffer:802
E0414 14:47:04.477637 fd83000 FrameBuffer.cpp:3790] Failed to find ColorBuffer:803
E0414 14:47:04.477641 fd83000 FrameBuffer.cpp:3790] Failed to find ColorBuffer:800
E0414 14:47:04.477645 fd83000 FrameBuffer.cpp:3790] Failed to find ColorBuffer:802
E0414 14:47:04.477649 fd83000 FrameBuffer.cpp:3790] Failed to find ColorBuffer:803
E0414 14:47:04.477653 fd83000 FrameBuffer.cpp:3790] Failed to find ColorBuffer:800
E0414 14:47:04.477657 fd83000 FrameBuffer.cpp:3790] Failed to find ColorBuffer:802
E0414 14:47:04.477660 fd83000 FrameBuffer.cpp:3790] Failed to find ColorBuffer:803
E0414 14:47:04.477664 fd83000 FrameBuffer.cpp:3790] Failed to find ColorBuffer:800
E0414 14:47:04.477668 fd83000 FrameBuffer.cpp:3790] Failed to find ColorBuffer:802
E0414 14:47:04.477672 fd83000 FrameBuffer.cpp:3790] Failed to find ColorBuffer:803
E0414 14:47:04.477675 fd83000 FrameBuffer.cpp:3790] Failed to find ColorBuffer:800
E0414 14:47:04.477679 fd83000 FrameBuffer.cpp:3790] Failed to find ColorBuffer:802
E0414 14:47:04.477683 fd83000 FrameBuffer.cpp:3790] Failed to find ColorBuffer:803
E0414 14:47:04.477687 fd83000 FrameBuffer.cpp:3790] Failed to find ColorBuffer:800
E0414 14:47:04.477690 fd83000 FrameBuffer.cpp:3790] Failed to find ColorBuffer:802
E0414 14:47:04.477694 fd83000 FrameBuffer.cpp:3790] Failed to find ColorBuffer:803
E0414 14:47:04.477698 fd83000 FrameBuffer.cpp:3790] Failed to find ColorBuffer:800
E0414 14:47:04.477702 fd83000 FrameBuffer.cpp:3790] Failed to find ColorBuffer:802
E0414 14:47:04.477706 fd83000 FrameBuffer.cpp:3790] Failed to find ColorBuffer:803
E0414 14:47:04.477709 fd83000 FrameBuffer.cpp:3790] Failed to find ColorBuffer:800
E0414 14:47:04.477713 fd83000 FrameBuffer.cpp:3790] Failed to find ColorBuffer:802
E0414 14:47:04.477717 fd83000 FrameBuffer.cpp:3790] Failed to find ColorBuffer:803
E0414 14:47:04.477721 fd83000 FrameBuffer.cpp:3790] Failed to find ColorBuffer:800
E0414 14:47:04.477725 fd83000 FrameBuffer.cpp:3790] Failed to find ColorBuffer:802
E0414 14:47:04.477729 fd83000 FrameBuffer.cpp:3790] Failed to find ColorBuffer:803
E0414 14:47:04.477732 fd83000 FrameBuffer.cpp:3790] Failed to find ColorBuffer:800
E0414 14:47:04.477736 fd83000 FrameBuffer.cpp:3790] Failed to find ColorBuffer:802
E0414 14:47:04.477740 fd83000 FrameBuffer.cpp:3790] Failed to find ColorBuffer:803
E0414 14:47:04.477744 fd83000 FrameBuffer.cpp:3790] Failed to find ColorBuffer:800
E0414 14:47:04.477748 fd83000 FrameBuffer.cpp:3790] Failed to find ColorBuffer:802
E0414 14:47:04.477752 fd83000 FrameBuffer.cpp:3790] Failed to find ColorBuffer:803
E0414 14:47:04.477755 fd83000 FrameBuffer.cpp:3790] Failed to find ColorBuffer:800
E0414 14:47:04.477759 fd83000 FrameBuffer.cpp:3790] Failed to find ColorBuffer:802
E0414 14:47:04.477763 fd83000 FrameBuffer.cpp:3790] Failed to find ColorBuffer:803
E0414 14:47:04.477767 fd83000 FrameBuffer.cpp:3790] Failed to find ColorBuffer:800
E0414 14:47:04.477771 fd83000 FrameBuffer.cpp:3790] Failed to find ColorBuffer:802
E0414 14:47:04.477787 fd83000 FrameBuffer.cpp:3790] Failed to find ColorBuffer:803
E0414 14:47:04.477791 fd83000 FrameBuffer.cpp:3790] Failed to find ColorBuffer:800
E0414 14:47:04.477795 fd83000 FrameBuffer.cpp:3790] Failed to find ColorBuffer:802
E0414 14:47:04.477798 fd83000 FrameBuffer.cpp:3790] Failed to find ColorBuffer:803
E0414 14:47:04.477802 fd83000 FrameBuffer.cpp:3790] Failed to find ColorBuffer:800
E0414 14:47:04.477806 fd83000 FrameBuffer.cpp:3790] Failed to find ColorBuffer:802
E0414 14:47:04.477810 fd83000 FrameBuffer.cpp:3790] Failed to find ColorBuffer:803
E0414 14:47:04.477814 fd83000 FrameBuffer.cpp:3790] Failed to find ColorBuffer:800
E0414 14:47:04.477817 fd83000 FrameBuffer.cpp:3790] Failed to find ColorBuffer:802
E0414 14:47:04.477821 fd83000 FrameBuffer.cpp:3790] Failed to find ColorBuffer:803
E0414 14:47:04.477825 fd83000 FrameBuffer.cpp:3790] Failed to find ColorBuffer:800
E0414 14:47:04.477829 fd83000 FrameBuffer.cpp:3790] Failed to find ColorBuffer:802
E0414 14:47:04.477833 fd83000 FrameBuffer.cpp:3790] Failed to find ColorBuffer:803
E0414 14:47:04.477836 fd83000 FrameBuffer.cpp:3790] Failed to find ColorBuffer:800
E0414 14:47:04.477840 fd83000 FrameBuffer.cpp:3790] Failed to find ColorBuffer:802
E0414 14:47:04.477844 fd83000 FrameBuffer.cpp:3790] Failed to find ColorBuffer:803
E0414 14:47:04.477848 fd83000 FrameBuffer.cpp:3790] Failed to find ColorBuffer:800
E0414 14:47:04.477851 fd83000 FrameBuffer.cpp:3790] Failed to find ColorBuffer:802
E0414 14:47:04.477855 fd83000 FrameBuffer.cpp:3790] Failed to find ColorBuffer:803
E0414 14:47:04.477859 fd83000 FrameBuffer.cpp:3790] Failed to find ColorBuffer:800
E0414 14:47:04.477863 fd83000 FrameBuffer.cpp:3790] Failed to find ColorBuffer:802
E0414 14:47:04.477866 fd83000 FrameBuffer.cpp:3790] Failed to find ColorBuffer:803
E0414 14:47:04.477870 fd83000 FrameBuffer.cpp:3790] Failed to find ColorBuffer:800
E0414 14:47:04.477874 fd83000 FrameBuffer.cpp:3790] Failed to find ColorBuffer:802
E0414 14:47:04.477878 fd83000 FrameBuffer.cpp:3790] Failed to find ColorBuffer:803
E0414 14:47:04.477882 fd83000 FrameBuffer.cpp:3790] Failed to find ColorBuffer:800
E0414 14:47:04.477885 fd83000 FrameBuffer.cpp:3790] Failed to find ColorBuffer:802
E0414 14:47:04.477889 fd83000 FrameBuffer.cpp:3790] Failed to find ColorBuffer:803
E0414 14:47:04.477893 fd83000 FrameBuffer.cpp:3790] Failed to find ColorBuffer:800
E0414 14:47:04.477897 fd83000 FrameBuffer.cpp:3790] Failed to find ColorBuffer:802
E0414 14:47:04.477901 fd83000 FrameBuffer.cpp:3790] Failed to find ColorBuffer:803
E0414 14:47:04.477905 fd83000 FrameBuffer.cpp:3790] Failed to find ColorBuffer:800
E0414 14:47:04.477908 fd83000 FrameBuffer.cpp:3790] Failed to find ColorBuffer:802
E0414 14:47:04.477912 fd83000 FrameBuffer.cpp:3790] Failed to find ColorBuffer:803
E0414 14:47:04.477916 fd83000 FrameBuffer.cpp:3790] Failed to find ColorBuffer:800
E0414 14:47:04.477920 fd83000 FrameBuffer.cpp:3790] Failed to find ColorBuffer:802
E0414 14:47:04.477924 fd83000 FrameBuffer.cpp:3790] Failed to find ColorBuffer:803
E0414 14:47:04.477928 fd83000 FrameBuffer.cpp:3790] Failed to find ColorBuffer:800
E0414 14:47:04.477931 fd83000 FrameBuffer.cpp:3790] Failed to find ColorBuffer:802
E0414 14:47:04.477935 fd83000 FrameBuffer.cpp:3790] Failed to find ColorBuffer:803
E0414 14:47:04.477939 fd83000 FrameBuffer.cpp:3790] Failed to find ColorBuffer:800
E0414 14:47:04.477943 fd83000 FrameBuffer.cpp:3790] Failed to find ColorBuffer:802
E0414 14:47:04.477946 fd83000 FrameBuffer.cpp:3790] Failed to find ColorBuffer:803
E0414 14:47:04.477950 fd83000 FrameBuffer.cpp:3790] Failed to find ColorBuffer:800
E0414 14:47:04.477954 fd83000 FrameBuffer.cpp:3790] Failed to find ColorBuffer:802
E0414 14:47:04.477958 fd83000 FrameBuffer.cpp:3790] Failed to find ColorBuffer:803
E0414 14:47:04.477961 fd83000 FrameBuffer.cpp:3790] Failed to find ColorBuffer:800
E0414 14:47:04.477965 fd83000 FrameBuffer.cpp:3790] Failed to find ColorBuffer:802
E0414 14:47:04.477969 fd83000 FrameBuffer.cpp:3790] Failed to find ColorBuffer:803
E0414 14:47:04.477985 fd83000 FrameBuffer.cpp:3790] Failed to find ColorBuffer:800
E0414 14:47:04.477989 fd83000 FrameBuffer.cpp:3790] Failed to find ColorBuffer:802
E0414 14:47:04.477993 fd83000 FrameBuffer.cpp:3790] Failed to find ColorBuffer:803
E0414 14:47:04.477997 fd83000 FrameBuffer.cpp:3790] Failed to find ColorBuffer:800
INFO    | Warning: delivering touch release to same window QWindow(0x0) not QWidgetWindow(0x12b889de0, name="EmulatorContainerClassWindow") ((null):0, (null))
INFO    | Warning: skipping QEventPoint(id=1 ts=0 pos=0,0 scn=1106.44,424.356 gbl=1106.44,424.356 Released ellipse=(1x1 ∡ 0) vel=0,0 press=-1106.44,-424.356 last=-1106.44,-424.356 Δ 1106.44,424.356) : no target window ((null):0, (null))
E0414 14:49:27.229713 fd83000 FrameBuffer.cpp:3790] Failed to find ColorBuffer:804
E0414 14:49:27.230360 fd83000 FrameBuffer.cpp:3790] Failed to find ColorBuffer:807
E0414 14:49:27.230387 fd83000 FrameBuffer.cpp:3790] Failed to find ColorBuffer:806
E0414 14:49:27.230397 fd83000 FrameBuffer.cpp:3790] Failed to find ColorBuffer:804
E0414 14:49:27.230403 fd83000 FrameBuffer.cpp:3790] Failed to find ColorBuffer:807
E0414 14:49:27.230408 fd83000 FrameBuffer.cpp:3790] Failed to find ColorBuffer:806
E0414 14:49:27.230414 fd83000 FrameBuffer.cpp:3790] Failed to find ColorBuffer:804
E0414 14:49:27.230419 fd83000 FrameBuffer.cpp:3790] Failed to find ColorBuffer:807
E0414 14:49:27.230423 fd83000 FrameBuffer.cpp:3790] Failed to find ColorBuffer:806
E0414 14:49:27.230428 fd83000 FrameBuffer.cpp:3790] Failed to find ColorBuffer:804
E0414 14:49:27.230432 fd83000 FrameBuffer.cpp:3790] Failed to find ColorBuffer:807
E0414 14:49:27.230437 fd83000 FrameBuffer.cpp:3790] Failed to find ColorBuffer:806
E0414 14:49:27.230441 fd83000 FrameBuffer.cpp:3790] Failed to find ColorBuffer:804
E0414 14:49:27.230445 fd83000 FrameBuffer.cpp:3790] Failed to find ColorBuffer:807
E0414 14:49:27.230450 fd83000 FrameBuffer.cpp:3790] Failed to find ColorBuffer:806
E0414 14:49:27.230454 fd83000 FrameBuffer.cpp:3790] Failed to find ColorBuffer:804
E0414 14:49:27.230459 fd83000 FrameBuffer.cpp:3790] Failed to find ColorBuffer:807
E0414 14:49:27.230463 fd83000 FrameBuffer.cpp:3790] Failed to find ColorBuffer:806
E0414 14:49:27.230468 fd83000 FrameBuffer.cpp:3790] Failed to find ColorBuffer:804
E0414 14:49:27.230472 fd83000 FrameBuffer.cpp:3790] Failed to find ColorBuffer:807
E0414 14:49:27.230476 fd83000 FrameBuffer.cpp:3790] Failed to find ColorBuffer:806
INFO    | Warning: delivering touch release to same window QWindow(0x0) not QWidgetWindow(0x12b889de0, name="EmulatorContainerClassWindow") ((null):0, (null))
INFO    | Warning: skipping QEventPoint(id=1 ts=0 pos=0,0 scn=993.696,74.9874 gbl=993.696,74.9874 Released ellipse=(1x1 ∡ 0) vel=0,0 press=-993.696,-74.9874 last=-993.696,-74.9874 Δ 993.696,74.9874) : no target window ((null):0, (null))
E0414 14:50:49.475697 fd83000 FrameBuffer.cpp:3790] Failed to find ColorBuffer:808
E0414 14:50:49.475865 fd83000 FrameBuffer.cpp:3790] Failed to find ColorBuffer:811
E0414 14:50:49.475896 fd83000 FrameBuffer.cpp:3790] Failed to find ColorBuffer:810
E0414 14:50:49.476013 fd83000 FrameBuffer.cpp:3790] Failed to find ColorBuffer:808
E0414 14:50:49.476031 fd83000 FrameBuffer.cpp:3790] Failed to find ColorBuffer:811
E0414 14:50:49.476039 fd83000 FrameBuffer.cpp:3790] Failed to find ColorBuffer:810
E0414 14:50:49.476109 fd83000 FrameBuffer.cpp:3790] Failed to find ColorBuffer:808
E0414 14:50:49.476147 fd83000 FrameBuffer.cpp:3790] Failed to find ColorBuffer:811
E0414 14:50:49.476169 fd83000 FrameBuffer.cpp:3790] Failed to find ColorBuffer:810
E0414 14:50:49.476186 fd83000 FrameBuffer.cpp:3790] Failed to find ColorBuffer:808
E0414 14:50:49.476220 fd83000 FrameBuffer.cpp:3790] Failed to find ColorBuffer:811
E0414 14:50:49.476265 fd83000 FrameBuffer.cpp:3790] Failed to find ColorBuffer:810
E0414 14:50:49.476299 fd83000 FrameBuffer.cpp:3790] Failed to find ColorBuffer:808
E0414 14:50:49.476319 fd83000 FrameBuffer.cpp:3790] Failed to find ColorBuffer:811
E0414 14:50:49.476382 fd83000 FrameBuffer.cpp:3790] Failed to find ColorBuffer:810
E0414 14:50:49.476446 fd83000 FrameBuffer.cpp:3790] Failed to find ColorBuffer:808
E0414 14:50:49.476453 fd83000 FrameBuffer.cpp:3790] Failed to find ColorBuffer:811
E0414 14:50:49.476459 fd83000 FrameBuffer.cpp:3790] Failed to find ColorBuffer:810
E0414 14:50:49.476463 fd83000 FrameBuffer.cpp:3790] Failed to find ColorBuffer:808
E0414 14:50:49.476476 fd83000 FrameBuffer.cpp:3790] Failed to find ColorBuffer:811
E0414 14:50:49.476482 fd83000 FrameBuffer.cpp:3790] Failed to find ColorBuffer:810
E0414 14:50:49.476486 fd83000 FrameBuffer.cpp:3790] Failed to find ColorBuffer:808
E0414 14:50:49.476509 fd83000 FrameBuffer.cpp:3790] Failed to find ColorBuffer:811
INFO    | Warning: delivering touch release to same window QWindow(0x0) not QWidgetWindow(0x12b889de0, name="EmulatorContainerClassWindow") ((null):0, (null))
INFO    | Warning: skipping QEventPoint(id=1 ts=0 pos=0,0 scn=1069.87,142.735 gbl=1069.87,142.735 Released ellipse=(1x1 ∡ 0) vel=0,0 press=-1069.87,-142.735 last=-1069.87,-142.735 Δ 1069.87,142.735) : no target window ((null):0, (null))
E0414 14:53:23.008427 fd83000 FrameBuffer.cpp:3790] Failed to find ColorBuffer:830
INFO    | Warning: delivering touch release to same window QWindow(0x0) not QWidgetWindow(0x12b889de0, name="EmulatorContainerClassWindow") ((null):0, (null))
INFO    | Warning: skipping QEventPoint(id=1 ts=0 pos=0,0 scn=1084.24,591.362 gbl=1084.24,591.362 Released ellipse=(1x1 ∡ 0) vel=0,0 press=-1084.24,-591.362 last=-1084.24,-591.362 Δ 1084.24,591.362) : no target window ((null):0, (null))
INFO    | Warning: delivering touch release to same window QWindow(0x0) not QWidgetWindow(0x12b889de0, name="EmulatorContainerClassWindow") ((null):0, (null))
INFO    | Warning: skipping QEventPoint(id=1 ts=0 pos=0,0 scn=1122.79,340.578 gbl=1122.79,340.578 Released ellipse=(1x1 ∡ 0) vel=0,0 press=-1122.79,-340.578 last=-1122.79,-340.578 Δ 1122.79,340.578) : no target window ((null):0, (null))
INFO    | Warning: delivering touch release to same window QWindow(0x0) not QWidgetWindow(0x12b889de0, name="EmulatorContainerClassWindow") ((null):0, (null))
INFO    | Warning: skipping QEventPoint(id=0 ts=0 pos=0,0 scn=1195.97,463.207 gbl=1195.97,463.207 Released ellipse=(1x1 ∡ 0) vel=0,0 press=-1195.97,-463.207 last=-1195.97,-463.207 Δ 1195.97,463.207) : no target window ((null):0, (null))
E0414 15:02:20.221076 fd83000 FrameBuffer.cpp:3790] Failed to find ColorBuffer:876
E0414 15:02:20.222594 fd83000 FrameBuffer.cpp:3790] Failed to find ColorBuffer:880
INFO    | Warning: delivering touch release to same window QWindow(0x0) not QWidgetWindow(0x12b889de0, name="EmulatorContainerClassWindow") ((null):0, (null))
INFO    | Warning: skipping QEventPoint(id=0 ts=0 pos=0,0 scn=1022.46,481.819 gbl=1022.46,481.819 Released ellipse=(1x1 ∡ 0) vel=0,0 press=-1022.46,-481.819 last=-1022.46,-481.819 Δ 1022.46,481.819) : no target window ((null):0, (null))
E0414 15:05:11.028134 fd83000 FrameBuffer.cpp:3790] Failed to find ColorBuffer:906
E0414 15:05:16.671109 fd83000 FrameBuffer.cpp:3790] Failed to find ColorBuffer:910
INFO    | Warning: delivering touch release to same window QWindow(0x0) not QWidgetWindow(0x12b889de0, name="EmulatorContainerClassWindow") ((null):0, (null))
INFO    | Warning: skipping QEventPoint(id=1 ts=0 pos=0,0 scn=1172.5,666.841 gbl=1172.5,666.841 Released ellipse=(1x1 ∡ 0) vel=0,0 press=-1172.5,-666.841 last=-1172.5,-666.841 Δ 1172.5,666.841) : no target window ((null):0, (null))
INFO    | Warning: delivering touch release to same window QWindow(0x0) not QWidgetWindow(0x12b889de0, name="EmulatorContainerClassWindow") ((null):0, (null))
INFO    | Warning: skipping QEventPoint(id=0 ts=0 pos=0,0 scn=1216.61,642.16 gbl=1216.61,642.16 Released ellipse=(1x1 ∡ 0) vel=0,0 press=-1216.61,-642.16 last=-1216.61,-642.16 Δ 1216.61,642.16) : no target window ((null):0, (null))
E0414 15:06:30.215921 fd83000 FrameBuffer.cpp:3790] Failed to find ColorBuffer:979
E0414 15:06:30.216540 fd83000 FrameBuffer.cpp:3790] Failed to find ColorBuffer:983
INFO    | Warning: delivering touch release to same window QWindow(0x0) not QWidgetWindow(0x12b889de0, name="EmulatorContainerClassWindow") ((null):0, (null))
INFO    | Warning: skipping QEventPoint(id=0 ts=0 pos=0,0 scn=1154.37,625.248 gbl=1154.37,625.248 Released ellipse=(1x1 ∡ 0) vel=0,0 press=-1154.37,-625.248 last=-1154.37,-625.248 Δ 1154.37,625.248) : no target window ((null):0, (null))
INFO    | Warning: delivering touch release to same window QWindow(0x0) not QWidgetWindow(0x12b889de0, name="EmulatorContainerClassWindow") ((null):0, (null))
INFO    | Warning: skipping QEventPoint(id=1 ts=0 pos=0,0 scn=1200.1,381.649 gbl=1200.1,381.649 Released ellipse=(1x1 ∡ 0) vel=0,0 press=-1200.1,-381.649 last=-1200.1,-381.649 Δ 1200.1,381.649) : no target window ((null):0, (null))
INFO    | Warning: delivering touch release to same window QWindow(0x0) not QWidgetWindow(0x12b889de0, name="EmulatorContainerClassWindow") ((null):0, (null))
INFO    | Warning: skipping QEventPoint(id=0 ts=0 pos=0,0 scn=1092.03,427.309 gbl=1092.03,427.309 Released ellipse=(1x1 ∡ 0) vel=0,0 press=-1092.03,-427.309 last=-1092.03,-427.309 Δ 1092.03,427.309) : no target window ((null):0, (null))
INFO    | Warning: delivering touch release to same window QWindow(0x0) not QWidgetWindow(0x12b889de0, name="EmulatorContainerClassWindow") ((null):0, (null))
INFO    | Warning: skipping QEventPoint(id=0 ts=0 pos=0,0 scn=1120.33,480.076 gbl=1120.33,480.076 Released ellipse=(1x1 ∡ 0) vel=0,0 press=-1120.33,-480.076 last=-1120.33,-480.076 Δ 1120.33,480.076) : no target window ((null):0, (null))
INFO    | Warning: delivering touch release to same window QWindow(0x0) not QWidgetWindow(0x12b889de0, name="EmulatorContainerClassWindow") ((null):0, (null))
INFO    | Warning: skipping QEventPoint(id=0 ts=0 pos=0,0 scn=1143.98,177.665 gbl=1143.98,177.665 Released ellipse=(1x1 ∡ 0) vel=0,0 press=-1143.98,-177.665 last=-1143.98,-177.665 Δ 1143.98,177.665) : no target window ((null):0, (null))
INFO    | Warning: delivering touch release to same window QWindow(0x0) not QWidgetWindow(0x12b889de0, name="EmulatorContainerClassWindow") ((null):0, (null))
INFO    | Warning: skipping QEventPoint(id=0 ts=0 pos=0,0 scn=1099.71,520.731 gbl=1099.71,520.731 Released ellipse=(1x1 ∡ 0) vel=0,0 press=-1099.71,-520.731 last=-1099.71,-520.731 Δ 1099.71,520.731) : no target window ((null):0, (null))
E0414 15:15:39.097347 fd83000 FrameBuffer.cpp:3790] Failed to find ColorBuffer:993
E0414 15:15:46.292566 fd83000 FrameBuffer.cpp:3790] Failed to find ColorBuffer:1004
E0414 15:16:15.261935 fd83000 FrameBuffer.cpp:3790] Failed to find ColorBuffer:1028
E0414 15:16:19.685189 fd83000 FrameBuffer.cpp:3790] Failed to find ColorBuffer:1040
E0414 15:16:19.785969 fd83000 FrameBuffer.cpp:3790] Failed to find ColorBuffer:1044
E0414 15:16:24.887349 fd83000 FrameBuffer.cpp:3790] Failed to find ColorBuffer:1048
E0414 15:16:48.903124 fd83000 FrameBuffer.cpp:3790] Failed to find ColorBuffer:1068
E0414 15:16:48.905489 fd83000 FrameBuffer.cpp:3790] Failed to find ColorBuffer:1072
INFO    | Warning: delivering touch release to same window QWindow(0x0) not QWidgetWindow(0x12b889de0, name="EmulatorContainerClassWindow") ((null):0, (null))
INFO    | Warning: skipping QEventPoint(id=0 ts=0 pos=0,0 scn=1205.7,620.145 gbl=1205.7,620.145 Released ellipse=(1x1 ∡ 0) vel=0,0 press=-1205.7,-620.145 last=-1205.7,-620.145 Δ 1205.7,620.145) : no target window ((null):0, (null))
E0414 15:17:34.386424 fd83000 FrameBuffer.cpp:3790] Failed to find ColorBuffer:1105
E0414 15:17:34.386926 fd83000 FrameBuffer.cpp:3790] Failed to find ColorBuffer:1109
E0414 15:18:19.841200 fd83000 FrameBuffer.cpp:3790] Failed to find ColorBuffer:1116
E0414 15:20:45.977953 fd83000 FrameBuffer.cpp:3790] Failed to find ColorBuffer:1124
E0414 15:20:45.978683 fd83000 FrameBuffer.cpp:3790] Failed to find ColorBuffer:1128
INFO    | Warning: delivering touch release to same window QWindow(0x0) not QWidgetWindow(0x12b889de0, name="EmulatorContainerClassWindow") ((null):0, (null))
INFO    | Warning: skipping QEventPoint(id=0 ts=0 pos=0,0 scn=1244.64,345.406 gbl=1244.64,345.406 Released ellipse=(1x1 ∡ 0) vel=0,0 press=-1244.64,-345.406 last=-1244.64,-345.406 Δ 1244.64,345.406) : no target window ((null):0, (null))
E0414 15:25:37.911176 fd83000 FrameBuffer.cpp:3790] Failed to find ColorBuffer:1135
E0414 15:25:37.913707 fd83000 FrameBuffer.cpp:3790] Failed to find ColorBuffer:1139
E0414 15:44:16.510679 fd83000 FrameBuffer.cpp:3790] Failed to find ColorBuffer:1182
E0414 15:44:16.511551 fd83000 FrameBuffer.cpp:3790] Failed to find ColorBuffer:1186
INFO    | Warning: delivering touch release to same window QWindow(0x0) not QWidgetWindow(0x12b889de0, name="EmulatorContainerClassWindow") ((null):0, (null))
INFO    | Warning: skipping QEventPoint(id=0 ts=0 pos=0,0 scn=1070.86,390.17 gbl=1070.86,390.17 Released ellipse=(1x1 ∡ 0) vel=0,0 press=-1070.86,-390.17 last=-1070.86,-390.17 Δ 1070.86,390.17) : no target window ((null):0, (null))
INFO    | Warning: delivering touch release to same window QWindow(0x0) not QWidgetWindow(0x12b889de0, name="EmulatorContainerClassWindow") ((null):0, (null))
INFO    | Warning: skipping QEventPoint(id=0 ts=0 pos=0,0 scn=1051.84,623.084 gbl=1051.84,623.084 Released ellipse=(1x1 ∡ 0) vel=0,0 press=-1051.84,-623.084 last=-1051.84,-623.084 Δ 1051.84,623.084) : no target window ((null):0, (null))
E0414 15:45:54.254226 fd83000 FrameBuffer.cpp:3790] Failed to find ColorBuffer:1196
E0414 15:45:54.254424 fd83000 FrameBuffer.cpp:3790] Failed to find ColorBuffer:1200
E0414 15:46:36.773993 fd83000 FrameBuffer.cpp:3790] Failed to find ColorBuffer:1214
E0414 15:46:36.775850 fd83000 FrameBuffer.cpp:3790] Failed to find ColorBuffer:1218
E0414 15:55:26.634110 fd83000 FrameBuffer.cpp:3790] Failed to find ColorBuffer:1221
E0414 15:55:26.635712 fd83000 FrameBuffer.cpp:3790] Failed to find ColorBuffer:1225
E0414 15:56:07.183220 fd83000 FrameBuffer.cpp:3790] Failed to find ColorBuffer:1243
E0414 15:56:07.183902 fd83000 FrameBuffer.cpp:3790] Failed to find ColorBuffer:1247
E0414 15:56:07.632226 fd83000 FrameBuffer.cpp:3790] Failed to find ColorBuffer:1272
E0414 15:56:07.632275 fd83000 FrameBuffer.cpp:3790] Failed to find ColorBuffer:1276
E0414 15:56:50.767126 fd83000 FrameBuffer.cpp:3790] Failed to find ColorBuffer:1283
E0414 15:58:22.662503 fd83000 FrameBuffer.cpp:3790] Failed to find ColorBuffer:1319
E0414 15:58:22.663639 fd83000 FrameBuffer.cpp:3790] Failed to find ColorBuffer:1323
INFO    | Warning: delivering touch release to same window QWindow(0x0) not QWidgetWindow(0x12b889de0, name="EmulatorContainerClassWindow") ((null):0, (null))
INFO    | Warning: skipping QEventPoint(id=0 ts=0 pos=0,0 scn=1031.3,643.866 gbl=1031.3,643.866 Released ellipse=(1x1 ∡ 0) vel=0,0 press=-1031.3,-643.866 last=-1031.3,-643.866 Δ 1031.3,643.866) : no target window ((null):0, (null))
E0414 16:03:54.938978 fd83000 FrameBuffer.cpp:3790] Failed to find ColorBuffer:1333
E0414 16:03:54.939971 fd83000 FrameBuffer.cpp:3790] Failed to find ColorBuffer:1337
INFO    | Warning: delivering touch release to same window QWindow(0x0) not QWidgetWindow(0x12b889de0, name="EmulatorContainerClassWindow") ((null):0, (null))
INFO    | Warning: skipping QEventPoint(id=0 ts=0 pos=0,0 scn=1163.4,510.238 gbl=1163.4,510.238 Released ellipse=(1x1 ∡ 0) vel=0,0 press=-1163.4,-510.238 last=-1163.4,-510.238 Δ 1163.4,510.238) : no target window ((null):0, (null))
INFO    | Warning: delivering touch release to same window QWindow(0x0) not QWidgetWindow(0x12b889de0, name="EmulatorContainerClassWindow") ((null):0, (null))
INFO    | Warning: skipping QEventPoint(id=1 ts=0 pos=0,0 scn=1249.12,462.654 gbl=1249.12,462.654 Released ellipse=(1x1 ∡ 0) vel=0,0 press=-1249.12,-462.654 last=-1249.12,-462.654 Δ 1249.12,462.654) : no target window ((null):0, (null))
E0414 16:19:54.923256 fd83000 FrameBuffer.cpp:3790] Failed to find ColorBuffer:1386
E0414 16:19:54.923534 fd83000 FrameBuffer.cpp:3790] Failed to find ColorBuffer:1389
E0414 16:19:54.923542 fd83000 FrameBuffer.cpp:3790] Failed to find ColorBuffer:1388
E0414 16:19:54.923567 fd83000 FrameBuffer.cpp:3790] Failed to find ColorBuffer:1386
E0414 16:19:54.923579 fd83000 FrameBuffer.cpp:3790] Failed to find ColorBuffer:1389
E0414 16:19:54.923618 fd83000 FrameBuffer.cpp:3790] Failed to find ColorBuffer:1388
E0414 16:19:54.923623 fd83000 FrameBuffer.cpp:3790] Failed to find ColorBuffer:1386
E0414 16:19:54.923628 fd83000 FrameBuffer.cpp:3790] Failed to find ColorBuffer:1389
E0414 16:19:54.923632 fd83000 FrameBuffer.cpp:3790] Failed to find ColorBuffer:1388
E0414 16:19:54.923636 fd83000 FrameBuffer.cpp:3790] Failed to find ColorBuffer:1386
E0414 16:19:54.923641 fd83000 FrameBuffer.cpp:3790] Failed to find ColorBuffer:1389
E0414 16:19:54.923645 fd83000 FrameBuffer.cpp:3790] Failed to find ColorBuffer:1388
E0414 16:19:54.923649 fd83000 FrameBuffer.cpp:3790] Failed to find ColorBuffer:1386
E0414 16:19:54.923653 fd83000 FrameBuffer.cpp:3790] Failed to find ColorBuffer:1389
E0414 16:19:54.923657 fd83000 FrameBuffer.cpp:3790] Failed to find ColorBuffer:1388
E0414 16:19:54.923661 fd83000 FrameBuffer.cpp:3790] Failed to find ColorBuffer:1386
E0414 16:19:54.923665 fd83000 FrameBuffer.cpp:3790] Failed to find ColorBuffer:1389
E0414 16:19:54.923670 fd83000 FrameBuffer.cpp:3790] Failed to find ColorBuffer:1388
E0414 16:19:54.923674 fd83000 FrameBuffer.cpp:3790] Failed to find ColorBuffer:1386
E0414 16:19:54.923678 fd83000 FrameBuffer.cpp:3790] Failed to find ColorBuffer:1389
E0414 16:19:54.923682 fd83000 FrameBuffer.cpp:3790] Failed to find ColorBuffer:1388
E0414 16:19:54.923687 fd83000 FrameBuffer.cpp:3790] Failed to find ColorBuffer:1386
E0414 16:19:54.923691 fd83000 FrameBuffer.cpp:3790] Failed to find ColorBuffer:1389
E0414 16:19:54.923695 fd83000 FrameBuffer.cpp:3790] Failed to find ColorBuffer:1388
E0414 16:19:54.923699 fd83000 FrameBuffer.cpp:3790] Failed to find ColorBuffer:1386
E0414 16:19:54.923730 fd83000 FrameBuffer.cpp:3790] Failed to find ColorBuffer:1384
E0414 16:19:54.923735 fd83000 FrameBuffer.cpp:3790] Failed to find ColorBuffer:1382
E0414 16:19:54.923742 fd83000 FrameBuffer.cpp:3790] Failed to find ColorBuffer:1385
E0414 16:19:54.923746 fd83000 FrameBuffer.cpp:3790] Failed to find ColorBuffer:1384
E0414 16:19:54.923750 fd83000 FrameBuffer.cpp:3790] Failed to find ColorBuffer:1382
E0414 16:19:54.923754 fd83000 FrameBuffer.cpp:3790] Failed to find ColorBuffer:1385
E0414 16:19:54.923758 fd83000 FrameBuffer.cpp:3790] Failed to find ColorBuffer:1384
E0414 16:19:54.923762 fd83000 FrameBuffer.cpp:3790] Failed to find ColorBuffer:1382
E0414 16:19:54.923766 fd83000 FrameBuffer.cpp:3790] Failed to find ColorBuffer:1385
E0414 16:19:54.923770 fd83000 FrameBuffer.cpp:3790] Failed to find ColorBuffer:1384
E0414 16:19:54.923773 fd83000 FrameBuffer.cpp:3790] Failed to find ColorBuffer:1382
E0414 16:19:54.923777 fd83000 FrameBuffer.cpp:3790] Failed to find ColorBuffer:1385
E0414 16:19:54.923781 fd83000 FrameBuffer.cpp:3790] Failed to find ColorBuffer:1384
E0414 16:19:54.923785 fd83000 FrameBuffer.cpp:3790] Failed to find ColorBuffer:1382
E0414 16:19:54.923789 fd83000 FrameBuffer.cpp:3790] Failed to find ColorBuffer:1385
E0414 16:19:54.923793 fd83000 FrameBuffer.cpp:3790] Failed to find ColorBuffer:1384
E0414 16:19:54.923797 fd83000 FrameBuffer.cpp:3790] Failed to find ColorBuffer:1382
E0414 16:19:54.923801 fd83000 FrameBuffer.cpp:3790] Failed to find ColorBuffer:1385
E0414 16:19:54.923804 fd83000 FrameBuffer.cpp:3790] Failed to find ColorBuffer:1384
E0414 16:19:54.923808 fd83000 FrameBuffer.cpp:3790] Failed to find ColorBuffer:1382
E0414 16:19:54.923812 fd83000 FrameBuffer.cpp:3790] Failed to find ColorBuffer:1385
E0414 16:19:54.923816 fd83000 FrameBuffer.cpp:3790] Failed to find ColorBuffer:1384
E0414 16:19:54.923820 fd83000 FrameBuffer.cpp:3790] Failed to find ColorBuffer:1382
E0414 16:19:54.923824 fd83000 FrameBuffer.cpp:3790] Failed to find ColorBuffer:1385
E0414 16:19:54.923828 fd83000 FrameBuffer.cpp:3790] Failed to find ColorBuffer:1384
E0414 16:19:54.923831 fd83000 FrameBuffer.cpp:3790] Failed to find ColorBuffer:1382
E0414 16:19:54.923836 fd83000 FrameBuffer.cpp:3790] Failed to find ColorBuffer:1385
E0414 16:19:54.923840 fd83000 FrameBuffer.cpp:3790] Failed to find ColorBuffer:1384
E0414 16:19:54.923859 fd83000 FrameBuffer.cpp:3790] Failed to find ColorBuffer:1382
E0414 16:19:54.923863 fd83000 FrameBuffer.cpp:3790] Failed to find ColorBuffer:1385
E0414 16:19:54.923867 fd83000 FrameBuffer.cpp:3790] Failed to find ColorBuffer:1384
E0414 16:19:54.923871 fd83000 FrameBuffer.cpp:3790] Failed to find ColorBuffer:1382
E0414 16:19:54.923875 fd83000 FrameBuffer.cpp:3790] Failed to find ColorBuffer:1385
E0414 16:19:54.923879 fd83000 FrameBuffer.cpp:3790] Failed to find ColorBuffer:1384
E0414 16:19:54.923883 fd83000 FrameBuffer.cpp:3790] Failed to find ColorBuffer:1382
E0414 16:19:54.923887 fd83000 FrameBuffer.cpp:3790] Failed to find ColorBuffer:1385
INFO    | Warning: delivering touch release to same window QWindow(0x0) not QWidgetWindow(0x12b889de0, name="EmulatorContainerClassWindow") ((null):0, (null))
INFO    | Warning: skipping QEventPoint(id=0 ts=0 pos=0,0 scn=1178.03,418.264 gbl=1178.03,418.264 Released ellipse=(1x1 ∡ 0) vel=0,0 press=-1178.03,-418.264 last=-1178.03,-418.264 Δ 1178.03,418.264) : no target window ((null):0, (null))
INFO    | Warning: delivering touch release to same window QWindow(0x0) not QWidgetWindow(0x12b889de0, name="EmulatorContainerClassWindow") ((null):0, (null))
INFO    | Warning: skipping QEventPoint(id=0 ts=0 pos=0,0 scn=1166.98,515.2 gbl=1166.98,515.2 Released ellipse=(1x1 ∡ 0) vel=0,0 press=-1166.98,-515.2 last=-1166.98,-515.2 Δ 1166.98,515.2) : no target window ((null):0, (null))
E0414 16:23:08.121364 fd83000 FrameBuffer.cpp:3790] Failed to find ColorBuffer:1401
E0414 16:23:08.122086 fd83000 FrameBuffer.cpp:3790] Failed to find ColorBuffer:1405
E0414 16:23:08.122138 fd83000 FrameBuffer.cpp:3790] Failed to find ColorBuffer:1393
E0414 16:23:08.122159 fd83000 FrameBuffer.cpp:3790] Failed to find ColorBuffer:1392
E0414 16:23:08.122171 fd83000 FrameBuffer.cpp:3790] Failed to find ColorBuffer:1390
E0414 16:23:08.122176 fd83000 FrameBuffer.cpp:3790] Failed to find ColorBuffer:1393
E0414 16:23:08.122180 fd83000 FrameBuffer.cpp:3790] Failed to find ColorBuffer:1392
E0414 16:23:08.122184 fd83000 FrameBuffer.cpp:3790] Failed to find ColorBuffer:1390
E0414 16:23:08.122188 fd83000 FrameBuffer.cpp:3790] Failed to find ColorBuffer:1393
E0414 16:23:08.122192 fd83000 FrameBuffer.cpp:3790] Failed to find ColorBuffer:1392
E0414 16:23:08.122197 fd83000 FrameBuffer.cpp:3790] Failed to find ColorBuffer:1390
E0414 16:23:08.122201 fd83000 FrameBuffer.cpp:3790] Failed to find ColorBuffer:1393
E0414 16:23:08.122205 fd83000 FrameBuffer.cpp:3790] Failed to find ColorBuffer:1392
E0414 16:23:08.122209 fd83000 FrameBuffer.cpp:3790] Failed to find ColorBuffer:1390
E0414 16:23:08.122213 fd83000 FrameBuffer.cpp:3790] Failed to find ColorBuffer:1393
E0414 16:23:08.122217 fd83000 FrameBuffer.cpp:3790] Failed to find ColorBuffer:1392
E0414 16:23:08.122221 fd83000 FrameBuffer.cpp:3790] Failed to find ColorBuffer:1390
E0414 16:23:08.122225 fd83000 FrameBuffer.cpp:3790] Failed to find ColorBuffer:1393
E0414 16:23:08.122228 fd83000 FrameBuffer.cpp:3790] Failed to find ColorBuffer:1392
E0414 16:23:08.122233 fd83000 FrameBuffer.cpp:3790] Failed to find ColorBuffer:1390
E0414 16:23:08.122237 fd83000 FrameBuffer.cpp:3790] Failed to find ColorBuffer:1393
E0414 16:23:08.122241 fd83000 FrameBuffer.cpp:3790] Failed to find ColorBuffer:1392
E0414 16:23:08.122245 fd83000 FrameBuffer.cpp:3790] Failed to find ColorBuffer:1390
E0414 16:23:08.122249 fd83000 FrameBuffer.cpp:3790] Failed to find ColorBuffer:1393
E0414 16:23:08.122253 fd83000 FrameBuffer.cpp:3790] Failed to find ColorBuffer:1392
E0414 16:23:08.122257 fd83000 FrameBuffer.cpp:3790] Failed to find ColorBuffer:1390
E0414 16:23:08.122261 fd83000 FrameBuffer.cpp:3790] Failed to find ColorBuffer:1393
E0414 16:23:08.122265 fd83000 FrameBuffer.cpp:3790] Failed to find ColorBuffer:1392
E0414 16:23:08.122269 fd83000 FrameBuffer.cpp:3790] Failed to find ColorBuffer:1390
E0414 16:23:08.122274 fd83000 FrameBuffer.cpp:3790] Failed to find ColorBuffer:1393
E0414 16:23:08.122278 fd83000 FrameBuffer.cpp:3790] Failed to find ColorBuffer:1392
E0414 16:23:08.122282 fd83000 FrameBuffer.cpp:3790] Failed to find ColorBuffer:1390
E0414 16:23:08.122322 fd83000 FrameBuffer.cpp:3790] Failed to find ColorBuffer:1393
E0414 16:23:08.122326 fd83000 FrameBuffer.cpp:3790] Failed to find ColorBuffer:1392
E0414 16:23:08.122330 fd83000 FrameBuffer.cpp:3790] Failed to find ColorBuffer:1390
E0414 16:23:08.122335 fd83000 FrameBuffer.cpp:3790] Failed to find ColorBuffer:1393
INFO    | Warning: delivering touch release to same window QWindow(0x0) not QWidgetWindow(0x12b889de0, name="EmulatorContainerClassWindow") ((null):0, (null))
INFO    | Warning: skipping QEventPoint(id=0 ts=0 pos=0,0 scn=1199.57,533.208 gbl=1199.57,533.208 Released ellipse=(1x1 ∡ 0) vel=0,0 press=-1199.57,-533.208 last=-1199.57,-533.208 Δ 1199.57,533.208) : no target window ((null):0, (null))
INFO    | Warning: delivering touch release to same window QWindow(0x0) not QWidgetWindow(0x12b889de0, name="EmulatorContainerClassWindow") ((null):0, (null))
INFO    | Warning: skipping QEventPoint(id=0 ts=0 pos=0,0 scn=1226.13,347.845 gbl=1226.13,347.845 Released ellipse=(1x1 ∡ 0) vel=0,0 press=-1226.13,-347.845 last=-1226.13,-347.845 Δ 1226.13,347.845) : no target window ((null):0, (null))
E0414 16:25:28.741143 fd83000 FrameBuffer.cpp:3790] Failed to find ColorBuffer:1415
E0414 16:25:28.741199 fd83000 FrameBuffer.cpp:3790] Failed to find ColorBuffer:1419
E0414 16:25:41.266658 fd83000 FrameBuffer.cpp:3790] Failed to find ColorBuffer:1422
E0414 16:25:41.267139 fd83000 FrameBuffer.cpp:3790] Failed to find ColorBuffer:1425
E0414 16:25:41.267152 fd83000 FrameBuffer.cpp:3790] Failed to find ColorBuffer:1066
E0414 16:25:41.267158 fd83000 FrameBuffer.cpp:3790] Failed to find ColorBuffer:1424
E0414 16:25:41.267285 fd83000 FrameBuffer.cpp:3790] Failed to find ColorBuffer:1422
E0414 16:25:41.267294 fd83000 FrameBuffer.cpp:3790] Failed to find ColorBuffer:1425
E0414 16:25:41.267299 fd83000 FrameBuffer.cpp:3790] Failed to find ColorBuffer:1424
E0414 16:25:41.267305 fd83000 FrameBuffer.cpp:3790] Failed to find ColorBuffer:1422
E0414 16:25:41.267310 fd83000 FrameBuffer.cpp:3790] Failed to find ColorBuffer:1425
E0414 16:25:41.267314 fd83000 FrameBuffer.cpp:3790] Failed to find ColorBuffer:1424
E0414 16:25:41.267318 fd83000 FrameBuffer.cpp:3790] Failed to find ColorBuffer:1422
E0414 16:25:41.267345 fd83000 FrameBuffer.cpp:3790] Failed to find ColorBuffer:1425
E0414 16:25:41.267361 fd83000 FrameBuffer.cpp:3790] Failed to find ColorBuffer:1424
E0414 16:25:41.267367 fd83000 FrameBuffer.cpp:3790] Failed to find ColorBuffer:1422
E0414 16:25:41.267372 fd83000 FrameBuffer.cpp:3790] Failed to find ColorBuffer:1425
E0414 16:25:41.267377 fd83000 FrameBuffer.cpp:3790] Failed to find ColorBuffer:1424
E0414 16:25:41.267382 fd83000 FrameBuffer.cpp:3790] Failed to find ColorBuffer:1422
E0414 16:25:41.267386 fd83000 FrameBuffer.cpp:3790] Failed to find ColorBuffer:1425
E0414 16:25:41.267390 fd83000 FrameBuffer.cpp:3790] Failed to find ColorBuffer:1424
E0414 16:25:41.267394 fd83000 FrameBuffer.cpp:3790] Failed to find ColorBuffer:1422
E0414 16:25:41.267398 fd83000 FrameBuffer.cpp:3790] Failed to find ColorBuffer:1425
E0414 16:25:41.267402 fd83000 FrameBuffer.cpp:3790] Failed to find ColorBuffer:1424
E0414 16:25:41.267406 fd83000 FrameBuffer.cpp:3790] Failed to find ColorBuffer:1422
E0414 16:25:41.267410 fd83000 FrameBuffer.cpp:3790] Failed to find ColorBuffer:1425
E0414 16:25:41.267414 fd83000 FrameBuffer.cpp:3790] Failed to find ColorBuffer:1424
E0414 16:25:41.267418 fd83000 FrameBuffer.cpp:3790] Failed to find ColorBuffer:1422
E0414 16:25:41.267422 fd83000 FrameBuffer.cpp:3790] Failed to find ColorBuffer:1425
E0414 16:25:41.267440 fd83000 FrameBuffer.cpp:3790] Failed to find ColorBuffer:1424
INFO    | Warning: delivering touch release to same window QWindow(0x0) not QWidgetWindow(0x12b889de0, name="EmulatorContainerClassWindow") ((null):0, (null))
INFO    | Warning: skipping QEventPoint(id=0 ts=0 pos=0,0 scn=1268.61,612.229 gbl=1268.61,612.229 Released ellipse=(1x1 ∡ 0) vel=0,0 press=-1268.61,-612.229 last=-1268.61,-612.229 Δ 1268.61,612.229) : no target window ((null):0, (null))
INFO    | Warning: delivering touch release to same window QWindow(0x0) not QWidgetWindow(0x12b889de0, name="EmulatorContainerClassWindow") ((null):0, (null))
INFO    | Warning: skipping QEventPoint(id=0 ts=0 pos=0,0 scn=1191.86,398.819 gbl=1191.86,398.819 Released ellipse=(1x1 ∡ 0) vel=0,0 press=-1191.86,-398.819 last=-1191.86,-398.819 Δ 1191.86,398.819) : no target window ((null):0, (null))
E0414 16:27:00.932653 fd83000 FrameBuffer.cpp:3790] Failed to find ColorBuffer:1434
E0414 16:27:00.933150 fd83000 FrameBuffer.cpp:3790] Failed to find ColorBuffer:1438
E0414 16:27:12.583124 fd83000 FrameBuffer.cpp:3790] Failed to find ColorBuffer:1448
E0414 16:27:12.583487 fd83000 FrameBuffer.cpp:3790] Failed to find ColorBuffer:1447
E0414 16:27:12.583497 fd83000 FrameBuffer.cpp:3790] Failed to find ColorBuffer:1448
E0414 16:27:12.583503 fd83000 FrameBuffer.cpp:3790] Failed to find ColorBuffer:1447
E0414 16:27:12.583509 fd83000 FrameBuffer.cpp:3790] Failed to find ColorBuffer:1448
E0414 16:27:12.583513 fd83000 FrameBuffer.cpp:3790] Failed to find ColorBuffer:1447
E0414 16:27:12.583519 fd83000 FrameBuffer.cpp:3790] Failed to find ColorBuffer:1448
E0414 16:27:12.583523 fd83000 FrameBuffer.cpp:3790] Failed to find ColorBuffer:1447
E0414 16:27:12.583528 fd83000 FrameBuffer.cpp:3790] Failed to find ColorBuffer:1448
E0414 16:27:12.583532 fd83000 FrameBuffer.cpp:3790] Failed to find ColorBuffer:1447
E0414 16:27:12.583537 fd83000 FrameBuffer.cpp:3790] Failed to find ColorBuffer:1448
E0414 16:27:12.583541 fd83000 FrameBuffer.cpp:3790] Failed to find ColorBuffer:1447
E0414 16:27:12.583546 fd83000 FrameBuffer.cpp:3790] Failed to find ColorBuffer:1448
E0414 16:27:12.583550 fd83000 FrameBuffer.cpp:3790] Failed to find ColorBuffer:1447
E0414 16:27:12.583554 fd83000 FrameBuffer.cpp:3790] Failed to find ColorBuffer:1448
E0414 16:27:12.583558 fd83000 FrameBuffer.cpp:3790] Failed to find ColorBuffer:1447
E0414 16:27:12.583562 fd83000 FrameBuffer.cpp:3790] Failed to find ColorBuffer:1448
E0414 16:27:12.583566 fd83000 FrameBuffer.cpp:3790] Failed to find ColorBuffer:1447
E0414 16:27:12.583571 fd83000 FrameBuffer.cpp:3790] Failed to find ColorBuffer:1448
E0414 16:27:12.583625 fd83000 FrameBuffer.cpp:3790] Failed to find ColorBuffer:1447
INFO    | Warning: delivering touch release to same window QWindow(0x0) not QWidgetWindow(0x12b889de0, name="EmulatorContainerClassWindow") ((null):0, (null))
INFO    | Warning: skipping QEventPoint(id=0 ts=0 pos=0,0 scn=1272.34,584.049 gbl=1272.34,584.049 Released ellipse=(1x1 ∡ 0) vel=0,0 press=-1272.34,-584.049 last=-1272.34,-584.049 Δ 1272.34,584.049) : no target window ((null):0, (null))
INFO    | Warning: delivering touch release to same window QWindow(0x0) not QWidgetWindow(0x12b889de0, name="EmulatorContainerClassWindow") ((null):0, (null))
INFO    | Warning: skipping QEventPoint(id=0 ts=0 pos=0,0 scn=1150.83,488.735 gbl=1150.83,488.735 Released ellipse=(1x1 ∡ 0) vel=0,0 press=-1150.83,-488.735 last=-1150.83,-488.735 Δ 1150.83,488.735) : no target window ((null):0, (null))
INFO    | Warning: delivering touch release to same window QWindow(0x0) not QWidgetWindow(0x12b889de0, name="EmulatorContainerClassWindow") ((null):0, (null))
INFO    | Warning: skipping QEventPoint(id=0 ts=0 pos=0,0 scn=1223.18,640.473 gbl=1223.18,640.473 Released ellipse=(1x1 ∡ 0) vel=0,0 press=-1223.18,-640.473 last=-1223.18,-640.473 Δ 1223.18,640.473) : no target window ((null):0, (null))
INFO    | Warning: delivering touch release to same window QWindow(0x0) not QWidgetWindow(0x12b889de0, name="EmulatorContainerClassWindow") ((null):0, (null))
INFO    | Warning: skipping QEventPoint(id=1 ts=0 pos=0,0 scn=1213.97,597.365 gbl=1213.97,597.365 Released ellipse=(1x1 ∡ 0) vel=0,0 press=-1213.97,-597.365 last=-1213.97,-597.365 Δ 1213.97,597.365) : no target window ((null):0, (null))
E0414 16:55:17.833249 fd83000 FrameBuffer.cpp:3790] Failed to find ColorBuffer:1503
E0414 16:55:17.834122 fd83000 FrameBuffer.cpp:3790] Failed to find ColorBuffer:1429
E0414 16:55:17.834141 fd83000 FrameBuffer.cpp:3790] Failed to find ColorBuffer:1426
E0414 16:55:17.834188 fd83000 FrameBuffer.cpp:3790] Failed to find ColorBuffer:1506
E0414 16:55:17.834196 fd83000 FrameBuffer.cpp:3790] Failed to find ColorBuffer:1505
E0414 16:55:17.834203 fd83000 FrameBuffer.cpp:3790] Failed to find ColorBuffer:1503
E0414 16:55:17.834211 fd83000 FrameBuffer.cpp:3790] Failed to find ColorBuffer:1506
E0414 16:55:17.834872 fd83000 FrameBuffer.cpp:3790] Failed to find ColorBuffer:1505
E0414 16:55:17.834971 fd83000 FrameBuffer.cpp:3790] Failed to find ColorBuffer:1503
E0414 16:55:17.834993 fd83000 FrameBuffer.cpp:3790] Failed to find ColorBuffer:1506
E0414 16:55:17.835001 fd83000 FrameBuffer.cpp:3790] Failed to find ColorBuffer:1505
E0414 16:55:17.835007 fd83000 FrameBuffer.cpp:3790] Failed to find ColorBuffer:1503
E0414 16:55:17.835012 fd83000 FrameBuffer.cpp:3790] Failed to find ColorBuffer:1506
E0414 16:55:17.835017 fd83000 FrameBuffer.cpp:3790] Failed to find ColorBuffer:1505
E0414 16:55:17.835022 fd83000 FrameBuffer.cpp:3790] Failed to find ColorBuffer:1503
E0414 16:55:17.835565 fd83000 FrameBuffer.cpp:3790] Failed to find ColorBuffer:1506
E0414 16:55:17.835647 fd83000 FrameBuffer.cpp:3790] Failed to find ColorBuffer:1505
E0414 16:55:17.835673 fd83000 FrameBuffer.cpp:3790] Failed to find ColorBuffer:1503
E0414 16:55:17.835681 fd83000 FrameBuffer.cpp:3790] Failed to find ColorBuffer:1506
E0414 16:55:17.835687 fd83000 FrameBuffer.cpp:3790] Failed to find ColorBuffer:1505
E0414 16:55:17.835693 fd83000 FrameBuffer.cpp:3790] Failed to find ColorBuffer:1503
E0414 16:55:17.835699 fd83000 FrameBuffer.cpp:3790] Failed to find ColorBuffer:1506
E0414 16:55:17.835704 fd83000 FrameBuffer.cpp:3790] Failed to find ColorBuffer:1505
E0414 16:55:17.835710 fd83000 FrameBuffer.cpp:3790] Failed to find ColorBuffer:1503
E0414 16:55:17.835715 fd83000 FrameBuffer.cpp:3790] Failed to find ColorBuffer:1506
E0414 16:55:17.835720 fd83000 FrameBuffer.cpp:3790] Failed to find ColorBuffer:1505
E0414 16:55:17.835725 fd83000 FrameBuffer.cpp:3790] Failed to find ColorBuffer:1503
E0414 16:55:17.835743 fd83000 FrameBuffer.cpp:3790] Failed to find ColorBuffer:1506
E0414 16:55:17.835748 fd83000 FrameBuffer.cpp:3790] Failed to find ColorBuffer:1505
E0414 16:55:17.835753 fd83000 FrameBuffer.cpp:3790] Failed to find ColorBuffer:1503
E0414 16:55:17.835758 fd83000 FrameBuffer.cpp:3790] Failed to find ColorBuffer:1506
E0414 16:55:17.835762 fd83000 FrameBuffer.cpp:3790] Failed to find ColorBuffer:1505
E0414 16:55:17.835766 fd83000 FrameBuffer.cpp:3790] Failed to find ColorBuffer:1503
E0414 16:55:17.835789 fd83000 FrameBuffer.cpp:3790] Failed to find ColorBuffer:1506
E0414 16:55:17.835794 fd83000 FrameBuffer.cpp:3790] Failed to find ColorBuffer:1505
E0414 16:55:17.835799 fd83000 FrameBuffer.cpp:3790] Failed to find ColorBuffer:1503
E0414 16:55:17.835803 fd83000 FrameBuffer.cpp:3790] Failed to find ColorBuffer:1506
E0414 16:55:17.835808 fd83000 FrameBuffer.cpp:3790] Failed to find ColorBuffer:1505
E0414 16:55:17.835815 fd83000 FrameBuffer.cpp:3790] Failed to find ColorBuffer:1503
E0414 16:55:17.835819 fd83000 FrameBuffer.cpp:3790] Failed to find ColorBuffer:1506
E0414 16:55:17.835823 fd83000 FrameBuffer.cpp:3790] Failed to find ColorBuffer:1505
E0414 16:55:17.835828 fd83000 FrameBuffer.cpp:3790] Failed to find ColorBuffer:1503
E0414 16:55:17.835832 fd83000 FrameBuffer.cpp:3790] Failed to find ColorBuffer:1506
E0414 16:55:17.835836 fd83000 FrameBuffer.cpp:3790] Failed to find ColorBuffer:1505
E0414 16:55:17.835840 fd83000 FrameBuffer.cpp:3790] Failed to find ColorBuffer:1503
E0414 16:55:17.835844 fd83000 FrameBuffer.cpp:3790] Failed to find ColorBuffer:1506
E0414 16:55:17.835848 fd83000 FrameBuffer.cpp:3790] Failed to find ColorBuffer:1505
E0414 16:55:17.835852 fd83000 FrameBuffer.cpp:3790] Failed to find ColorBuffer:1503
E0414 16:55:17.835855 fd83000 FrameBuffer.cpp:3790] Failed to find ColorBuffer:1506
E0414 16:55:17.835859 fd83000 FrameBuffer.cpp:3790] Failed to find ColorBuffer:1505
E0414 16:55:17.835863 fd83000 FrameBuffer.cpp:3790] Failed to find ColorBuffer:1503
E0414 16:55:17.835867 fd83000 FrameBuffer.cpp:3790] Failed to find ColorBuffer:1506
E0414 16:55:17.835900 fd83000 FrameBuffer.cpp:3790] Failed to find ColorBuffer:1505
E0414 16:55:17.835905 fd83000 FrameBuffer.cpp:3790] Failed to find ColorBuffer:1503
E0414 16:55:17.835909 fd83000 FrameBuffer.cpp:3790] Failed to find ColorBuffer:1506
E0414 16:55:17.835913 fd83000 FrameBuffer.cpp:3790] Failed to find ColorBuffer:1505
E0414 16:55:17.835917 fd83000 FrameBuffer.cpp:3790] Failed to find ColorBuffer:1503
E0414 16:55:17.835921 fd83000 FrameBuffer.cpp:3790] Failed to find ColorBuffer:1506
E0414 16:55:17.835925 fd83000 FrameBuffer.cpp:3790] Failed to find ColorBuffer:1505
E0414 16:55:17.835929 fd83000 FrameBuffer.cpp:3790] Failed to find ColorBuffer:1503
E0414 16:55:17.835933 fd83000 FrameBuffer.cpp:3790] Failed to find ColorBuffer:1506
E0414 16:55:17.835937 fd83000 FrameBuffer.cpp:3790] Failed to find ColorBuffer:1505
E0414 16:55:17.835950 fd83000 FrameBuffer.cpp:3790] Failed to find ColorBuffer:1503
E0414 16:55:17.835954 fd83000 FrameBuffer.cpp:3790] Failed to find ColorBuffer:1506
E0414 16:55:17.835959 fd83000 FrameBuffer.cpp:3790] Failed to find ColorBuffer:1505
E0414 16:55:17.835963 fd83000 FrameBuffer.cpp:3790] Failed to find ColorBuffer:1503
E0414 16:55:17.835967 fd83000 FrameBuffer.cpp:3790] Failed to find ColorBuffer:1506
E0414 16:55:17.835971 fd83000 FrameBuffer.cpp:3790] Failed to find ColorBuffer:1505
E0414 16:55:17.835975 fd83000 FrameBuffer.cpp:3790] Failed to find ColorBuffer:1503
E0414 16:55:17.835980 fd83000 FrameBuffer.cpp:3790] Failed to find ColorBuffer:1506
E0414 16:55:17.835984 fd83000 FrameBuffer.cpp:3790] Failed to find ColorBuffer:1505
E0414 16:55:17.835988 fd83000 FrameBuffer.cpp:3790] Failed to find ColorBuffer:1503
E0414 16:55:17.835992 fd83000 FrameBuffer.cpp:3790] Failed to find ColorBuffer:1506
E0414 16:55:17.835996 fd83000 FrameBuffer.cpp:3790] Failed to find ColorBuffer:1505
E0414 16:55:17.836000 fd83000 FrameBuffer.cpp:3790] Failed to find ColorBuffer:1503
E0414 16:55:17.836004 fd83000 FrameBuffer.cpp:3790] Failed to find ColorBuffer:1506
E0414 16:55:17.836008 fd83000 FrameBuffer.cpp:3790] Failed to find ColorBuffer:1505
E0414 16:55:17.836012 fd83000 FrameBuffer.cpp:3790] Failed to find ColorBuffer:1503
E0414 16:55:17.836016 fd83000 FrameBuffer.cpp:3790] Failed to find ColorBuffer:1506
E0414 16:55:17.836020 fd83000 FrameBuffer.cpp:3790] Failed to find ColorBuffer:1505
E0414 16:55:17.836023 fd83000 FrameBuffer.cpp:3790] Failed to find ColorBuffer:1503
E0414 16:55:17.836027 fd83000 FrameBuffer.cpp:3790] Failed to find ColorBuffer:1506
E0414 16:55:17.836031 fd83000 FrameBuffer.cpp:3790] Failed to find ColorBuffer:1505
E0414 16:55:17.836035 fd83000 FrameBuffer.cpp:3790] Failed to find ColorBuffer:1503
E0414 16:55:17.836039 fd83000 FrameBuffer.cpp:3790] Failed to find ColorBuffer:1506
E0414 16:55:17.836043 fd83000 FrameBuffer.cpp:3790] Failed to find ColorBuffer:1505
E0414 16:55:17.836047 fd83000 FrameBuffer.cpp:3790] Failed to find ColorBuffer:1503
E0414 16:55:17.836051 fd83000 FrameBuffer.cpp:3790] Failed to find ColorBuffer:1506
E0414 16:55:17.836055 fd83000 FrameBuffer.cpp:3790] Failed to find ColorBuffer:1505
E0414 16:55:17.836058 fd83000 FrameBuffer.cpp:3790] Failed to find ColorBuffer:1503
E0414 16:55:17.836062 fd83000 FrameBuffer.cpp:3790] Failed to find ColorBuffer:1506
E0414 16:55:17.836066 fd83000 FrameBuffer.cpp:3790] Failed to find ColorBuffer:1505
E0414 16:55:17.836070 fd83000 FrameBuffer.cpp:3790] Failed to find ColorBuffer:1503
E0414 16:55:17.836074 fd83000 FrameBuffer.cpp:3790] Failed to find ColorBuffer:1506
E0414 16:55:17.836078 fd83000 FrameBuffer.cpp:3790] Failed to find ColorBuffer:1505
E0414 16:55:17.836082 fd83000 FrameBuffer.cpp:3790] Failed to find ColorBuffer:1503
E0414 16:55:17.836086 fd83000 FrameBuffer.cpp:3790] Failed to find ColorBuffer:1506
E0414 16:55:17.836090 fd83000 FrameBuffer.cpp:3790] Failed to find ColorBuffer:1505
E0414 16:55:17.836094 fd83000 FrameBuffer.cpp:3790] Failed to find ColorBuffer:1503
E0414 16:55:17.836097 fd83000 FrameBuffer.cpp:3790] Failed to find ColorBuffer:1506
E0414 16:55:17.836101 fd83000 FrameBuffer.cpp:3790] Failed to find ColorBuffer:1505
E0414 16:55:17.836127 fd83000 FrameBuffer.cpp:3790] Failed to find ColorBuffer:1503
E0414 16:55:17.836132 fd83000 FrameBuffer.cpp:3790] Failed to find ColorBuffer:1506
E0414 16:55:17.836136 fd83000 FrameBuffer.cpp:3790] Failed to find ColorBuffer:1505
E0414 16:55:17.836140 fd83000 FrameBuffer.cpp:3790] Failed to find ColorBuffer:1503
E0414 16:55:17.836144 fd83000 FrameBuffer.cpp:3790] Failed to find ColorBuffer:1506
E0414 16:55:17.836148 fd83000 FrameBuffer.cpp:3790] Failed to find ColorBuffer:1505
E0414 16:55:17.836152 fd83000 FrameBuffer.cpp:3790] Failed to find ColorBuffer:1503
E0414 16:55:17.836156 fd83000 FrameBuffer.cpp:3790] Failed to find ColorBuffer:1506
E0414 16:55:17.836160 fd83000 FrameBuffer.cpp:3790] Failed to find ColorBuffer:1505
E0414 16:55:17.836164 fd83000 FrameBuffer.cpp:3790] Failed to find ColorBuffer:1503
E0414 16:55:17.836168 fd83000 FrameBuffer.cpp:3790] Failed to find ColorBuffer:1506
E0414 16:55:17.836172 fd83000 FrameBuffer.cpp:3790] Failed to find ColorBuffer:1505
E0414 16:55:17.836176 fd83000 FrameBuffer.cpp:3790] Failed to find ColorBuffer:1503
E0414 16:55:17.836180 fd83000 FrameBuffer.cpp:3790] Failed to find ColorBuffer:1506
E0414 16:55:17.836184 fd83000 FrameBuffer.cpp:3790] Failed to find ColorBuffer:1505
E0414 16:55:17.836188 fd83000 FrameBuffer.cpp:3790] Failed to find ColorBuffer:1503
E0414 16:55:17.836192 fd83000 FrameBuffer.cpp:3790] Failed to find ColorBuffer:1506
E0414 16:55:17.836196 fd83000 FrameBuffer.cpp:3790] Failed to find ColorBuffer:1505
E0414 16:55:17.836200 fd83000 FrameBuffer.cpp:3790] Failed to find ColorBuffer:1503
E0414 16:55:17.836206 fd83000 FrameBuffer.cpp:3790] Failed to find ColorBuffer:1506
E0414 16:55:17.836210 fd83000 FrameBuffer.cpp:3790] Failed to find ColorBuffer:1505
E0414 16:55:17.836214 fd83000 FrameBuffer.cpp:3790] Failed to find ColorBuffer:1503
E0414 16:55:17.836219 fd83000 FrameBuffer.cpp:3790] Failed to find ColorBuffer:1506
E0414 16:55:17.836223 fd83000 FrameBuffer.cpp:3790] Failed to find ColorBuffer:1505
E0414 16:55:17.836227 fd83000 FrameBuffer.cpp:3790] Failed to find ColorBuffer:1503
E0414 16:55:17.836231 fd83000 FrameBuffer.cpp:3790] Failed to find ColorBuffer:1506
E0414 16:55:17.836235 fd83000 FrameBuffer.cpp:3790] Failed to find ColorBuffer:1505
E0414 16:55:17.836239 fd83000 FrameBuffer.cpp:3790] Failed to find ColorBuffer:1503
E0414 16:55:17.836243 fd83000 FrameBuffer.cpp:3790] Failed to find ColorBuffer:1506
E0414 16:55:17.836246 fd83000 FrameBuffer.cpp:3790] Failed to find ColorBuffer:1505
E0414 16:55:17.836251 fd83000 FrameBuffer.cpp:3790] Failed to find ColorBuffer:1503
E0414 16:55:17.836255 fd83000 FrameBuffer.cpp:3790] Failed to find ColorBuffer:1506
E0414 16:55:17.836259 fd83000 FrameBuffer.cpp:3790] Failed to find ColorBuffer:1505
E0414 16:55:17.836263 fd83000 FrameBuffer.cpp:3790] Failed to find ColorBuffer:1503
E0414 16:55:17.836266 fd83000 FrameBuffer.cpp:3790] Failed to find ColorBuffer:1506
E0414 16:55:17.836270 fd83000 FrameBuffer.cpp:3790] Failed to find ColorBuffer:1505
E0414 16:55:17.836274 fd83000 FrameBuffer.cpp:3790] Failed to find ColorBuffer:1503
E0414 16:55:17.836279 fd83000 FrameBuffer.cpp:3790] Failed to find ColorBuffer:1506
E0414 16:55:17.836283 fd83000 FrameBuffer.cpp:3790] Failed to find ColorBuffer:1505
E0414 16:55:17.836287 fd83000 FrameBuffer.cpp:3790] Failed to find ColorBuffer:1503
E0414 16:55:17.836291 fd83000 FrameBuffer.cpp:3790] Failed to find ColorBuffer:1506
E0414 16:55:17.836295 fd83000 FrameBuffer.cpp:3790] Failed to find ColorBuffer:1505
E0414 16:55:17.836299 fd83000 FrameBuffer.cpp:3790] Failed to find ColorBuffer:1503
E0414 16:55:17.836303 fd83000 FrameBuffer.cpp:3790] Failed to find ColorBuffer:1506
E0414 16:55:17.836307 fd83000 FrameBuffer.cpp:3790] Failed to find ColorBuffer:1505
E0414 16:55:17.836311 fd83000 FrameBuffer.cpp:3790] Failed to find ColorBuffer:1503
E0414 16:55:17.836314 fd83000 FrameBuffer.cpp:3790] Failed to find ColorBuffer:1506
E0414 16:55:17.836318 fd83000 FrameBuffer.cpp:3790] Failed to find ColorBuffer:1505
E0414 16:55:17.836322 fd83000 FrameBuffer.cpp:3790] Failed to find ColorBuffer:1503
E0414 16:55:17.836343 fd83000 FrameBuffer.cpp:3790] Failed to find ColorBuffer:1506
E0414 16:55:27.838733 fd83000 FrameBuffer.cpp:3790] Failed to find ColorBuffer:1560
E0414 16:55:27.839533 fd83000 FrameBuffer.cpp:3790] Failed to find ColorBuffer:1554
E0414 16:55:27.839553 fd83000 FrameBuffer.cpp:3790] Failed to find ColorBuffer:1556
E0414 16:55:27.839560 fd83000 FrameBuffer.cpp:3790] Failed to find ColorBuffer:1560
E0414 16:55:27.839696 fd83000 FrameBuffer.cpp:3790] Failed to find ColorBuffer:1563
E0414 16:55:27.839705 fd83000 FrameBuffer.cpp:3790] Failed to find ColorBuffer:1554
E0414 16:55:27.839711 fd83000 FrameBuffer.cpp:3790] Failed to find ColorBuffer:1565
E0414 16:55:27.839716 fd83000 FrameBuffer.cpp:3790] Failed to find ColorBuffer:1566
E0414 16:55:27.839721 fd83000 FrameBuffer.cpp:3790] Failed to find ColorBuffer:1567
E0414 16:55:27.839726 fd83000 FrameBuffer.cpp:3790] Failed to find ColorBuffer:1568
E0414 16:55:27.839731 fd83000 FrameBuffer.cpp:3790] Failed to find ColorBuffer:1569
E0414 16:55:27.839735 fd83000 FrameBuffer.cpp:3790] Failed to find ColorBuffer:1570
E0414 16:55:27.839740 fd83000 FrameBuffer.cpp:3790] Failed to find ColorBuffer:1565
E0414 16:55:27.839745 fd83000 FrameBuffer.cpp:3790] Failed to find ColorBuffer:1556
E0414 16:55:27.839750 fd83000 FrameBuffer.cpp:3790] Failed to find ColorBuffer:1571
E0414 16:55:27.839755 fd83000 FrameBuffer.cpp:3790] Failed to find ColorBuffer:1572
E0414 16:55:27.839760 fd83000 FrameBuffer.cpp:3790] Failed to find ColorBuffer:1566
E0414 16:55:27.839766 fd83000 FrameBuffer.cpp:3790] Failed to find ColorBuffer:1573
E0414 16:55:27.839770 fd83000 FrameBuffer.cpp:3790] Failed to find ColorBuffer:1574
E0414 16:55:27.839775 fd83000 FrameBuffer.cpp:3790] Failed to find ColorBuffer:1567
E0414 16:55:27.839779 fd83000 FrameBuffer.cpp:3790] Failed to find ColorBuffer:1560
E0414 16:55:27.839784 fd83000 FrameBuffer.cpp:3790] Failed to find ColorBuffer:1575
E0414 16:55:27.839788 fd83000 FrameBuffer.cpp:3790] Failed to find ColorBuffer:1568
E0414 16:55:27.839792 fd83000 FrameBuffer.cpp:3790] Failed to find ColorBuffer:1569
E0414 16:55:27.839796 fd83000 FrameBuffer.cpp:3790] Failed to find ColorBuffer:1576
E0414 16:55:27.839801 fd83000 FrameBuffer.cpp:3790] Failed to find ColorBuffer:1570
E0414 16:55:27.839807 fd83000 FrameBuffer.cpp:3790] Failed to find ColorBuffer:1577
E0414 16:55:27.839811 fd83000 FrameBuffer.cpp:3790] Failed to find ColorBuffer:1554
E0414 16:55:27.839816 fd83000 FrameBuffer.cpp:3790] Failed to find ColorBuffer:1578
E0414 16:55:27.839821 fd83000 FrameBuffer.cpp:3790] Failed to find ColorBuffer:1565
E0414 16:55:27.839827 fd83000 FrameBuffer.cpp:3790] Failed to find ColorBuffer:1579
E0414 16:55:27.839831 fd83000 FrameBuffer.cpp:3790] Failed to find ColorBuffer:1580
E0414 16:55:27.839837 fd83000 FrameBuffer.cpp:3790] Failed to find ColorBuffer:1571
E0414 16:55:27.839843 fd83000 FrameBuffer.cpp:3790] Failed to find ColorBuffer:1581
E0414 16:55:27.839847 fd83000 FrameBuffer.cpp:3790] Failed to find ColorBuffer:1556
E0414 16:55:27.839851 fd83000 FrameBuffer.cpp:3790] Failed to find ColorBuffer:1582
E0414 16:55:27.839855 fd83000 FrameBuffer.cpp:3790] Failed to find ColorBuffer:1572
E0414 16:55:27.839859 fd83000 FrameBuffer.cpp:3790] Failed to find ColorBuffer:1566
E0414 16:55:27.839863 fd83000 FrameBuffer.cpp:3790] Failed to find ColorBuffer:1573
E0414 16:55:27.839867 fd83000 FrameBuffer.cpp:3790] Failed to find ColorBuffer:1574
E0414 16:55:27.839871 fd83000 FrameBuffer.cpp:3790] Failed to find ColorBuffer:1560
E0414 16:55:27.839875 fd83000 FrameBuffer.cpp:3790] Failed to find ColorBuffer:1567
E0414 16:55:27.839879 fd83000 FrameBuffer.cpp:3790] Failed to find ColorBuffer:1583
E0414 16:55:27.839883 fd83000 FrameBuffer.cpp:3790] Failed to find ColorBuffer:1569
E0414 16:55:27.839887 fd83000 FrameBuffer.cpp:3790] Failed to find ColorBuffer:1576
E0414 16:55:27.839891 fd83000 FrameBuffer.cpp:3790] Failed to find ColorBuffer:1554
E0414 16:55:27.839895 fd83000 FrameBuffer.cpp:3790] Failed to find ColorBuffer:1570
E0414 16:55:27.839933 fd83000 FrameBuffer.cpp:3790] Failed to find ColorBuffer:1577
E0414 16:55:27.839938 fd83000 FrameBuffer.cpp:3790] Failed to find ColorBuffer:1578
E0414 16:55:27.839943 fd83000 FrameBuffer.cpp:3790] Failed to find ColorBuffer:1565
E0414 16:55:27.839947 fd83000 FrameBuffer.cpp:3790] Failed to find ColorBuffer:1579
E0414 16:55:27.839951 fd83000 FrameBuffer.cpp:3790] Failed to find ColorBuffer:1580
E0414 16:55:27.839955 fd83000 FrameBuffer.cpp:3790] Failed to find ColorBuffer:1556
E0414 16:55:27.839959 fd83000 FrameBuffer.cpp:3790] Failed to find ColorBuffer:1560
E0414 16:55:27.839963 fd83000 FrameBuffer.cpp:3790] Failed to find ColorBuffer:1571
E0414 16:55:27.839967 fd83000 FrameBuffer.cpp:3790] Failed to find ColorBuffer:1581
E0414 16:55:27.839971 fd83000 FrameBuffer.cpp:3790] Failed to find ColorBuffer:1582
E0414 16:55:27.839975 fd83000 FrameBuffer.cpp:3790] Failed to find ColorBuffer:1572
E0414 16:55:27.839980 fd83000 FrameBuffer.cpp:3790] Failed to find ColorBuffer:1566
E0414 16:55:27.839984 fd83000 FrameBuffer.cpp:3790] Failed to find ColorBuffer:1573
E0414 16:55:27.839988 fd83000 FrameBuffer.cpp:3790] Failed to find ColorBuffer:1554
E0414 16:55:27.839992 fd83000 FrameBuffer.cpp:3790] Failed to find ColorBuffer:1574
E0414 16:55:27.839996 fd83000 FrameBuffer.cpp:3790] Failed to find ColorBuffer:1567
E0414 16:55:27.840000 fd83000 FrameBuffer.cpp:3790] Failed to find ColorBuffer:1575
E0414 16:55:27.840004 fd83000 FrameBuffer.cpp:3790] Failed to find ColorBuffer:1568
E0414 16:55:27.840008 fd83000 FrameBuffer.cpp:3790] Failed to find ColorBuffer:1583
E0414 16:55:27.840012 fd83000 FrameBuffer.cpp:3790] Failed to find ColorBuffer:1569
E0414 16:55:27.840016 fd83000 FrameBuffer.cpp:3790] Failed to find ColorBuffer:1556
E0414 16:55:27.840019 fd83000 FrameBuffer.cpp:3790] Failed to find ColorBuffer:1576
E0414 16:55:27.840023 fd83000 FrameBuffer.cpp:3790] Failed to find ColorBuffer:1570
E0414 16:55:27.840029 fd83000 FrameBuffer.cpp:3790] Failed to find ColorBuffer:1577
E0414 16:55:27.840034 fd83000 FrameBuffer.cpp:3790] Failed to find ColorBuffer:1578
E0414 16:55:27.840038 fd83000 FrameBuffer.cpp:3790] Failed to find ColorBuffer:1565
E0414 16:55:27.840042 fd83000 FrameBuffer.cpp:3790] Failed to find ColorBuffer:1579
E0414 16:55:27.840046 fd83000 FrameBuffer.cpp:3790] Failed to find ColorBuffer:1560
E0414 16:55:27.840050 fd83000 FrameBuffer.cpp:3790] Failed to find ColorBuffer:1580
E0414 16:55:27.840054 fd83000 FrameBuffer.cpp:3790] Failed to find ColorBuffer:1571
E0414 16:55:27.840058 fd83000 FrameBuffer.cpp:3790] Failed to find ColorBuffer:1581
E0414 16:55:27.840062 fd83000 FrameBuffer.cpp:3790] Failed to find ColorBuffer:1582
E0414 16:55:27.840065 fd83000 FrameBuffer.cpp:3790] Failed to find ColorBuffer:1572
E0414 16:55:27.840069 fd83000 FrameBuffer.cpp:3790] Failed to find ColorBuffer:1566
E0414 16:55:27.840073 fd83000 FrameBuffer.cpp:3790] Failed to find ColorBuffer:1554
E0414 16:55:27.840077 fd83000 FrameBuffer.cpp:3790] Failed to find ColorBuffer:1573
E0414 16:55:27.840081 fd83000 FrameBuffer.cpp:3790] Failed to find ColorBuffer:1574
E0414 16:55:27.840085 fd83000 FrameBuffer.cpp:3790] Failed to find ColorBuffer:1567
E0414 16:55:27.840089 fd83000 FrameBuffer.cpp:3790] Failed to find ColorBuffer:1575
E0414 16:55:27.840093 fd83000 FrameBuffer.cpp:3790] Failed to find ColorBuffer:1568
E0414 16:55:27.840097 fd83000 FrameBuffer.cpp:3790] Failed to find ColorBuffer:1556
E0414 16:55:27.840101 fd83000 FrameBuffer.cpp:3790] Failed to find ColorBuffer:1583
E0414 16:55:27.840104 fd83000 FrameBuffer.cpp:3790] Failed to find ColorBuffer:1560
E0414 16:55:27.840108 fd83000 FrameBuffer.cpp:3790] Failed to find ColorBuffer:1569
E0414 16:55:27.840112 fd83000 FrameBuffer.cpp:3790] Failed to find ColorBuffer:1577
E0414 16:55:27.840116 fd83000 FrameBuffer.cpp:3790] Failed to find ColorBuffer:1554
E0414 16:55:27.840120 fd83000 FrameBuffer.cpp:3790] Failed to find ColorBuffer:1578
E0414 16:55:27.840123 fd83000 FrameBuffer.cpp:3790] Failed to find ColorBuffer:1565
E0414 16:55:27.840128 fd83000 FrameBuffer.cpp:3790] Failed to find ColorBuffer:1579
E0414 16:55:27.840145 fd83000 FrameBuffer.cpp:3790] Failed to find ColorBuffer:1580
E0414 16:55:27.840149 fd83000 FrameBuffer.cpp:3790] Failed to find ColorBuffer:1556
E0414 16:55:27.840153 fd83000 FrameBuffer.cpp:3790] Failed to find ColorBuffer:1560
E0414 16:55:27.840157 fd83000 FrameBuffer.cpp:3790] Failed to find ColorBuffer:1571
E0414 16:55:27.840161 fd83000 FrameBuffer.cpp:3790] Failed to find ColorBuffer:1554
E0414 16:55:27.840165 fd83000 FrameBuffer.cpp:3790] Failed to find ColorBuffer:1556
E0414 16:55:27.840169 fd83000 FrameBuffer.cpp:3790] Failed to find ColorBuffer:1581
E0414 16:55:27.840172 fd83000 FrameBuffer.cpp:3790] Failed to find ColorBuffer:1560
E0414 16:55:27.840176 fd83000 FrameBuffer.cpp:3790] Failed to find ColorBuffer:1554
E0414 16:55:27.840180 fd83000 FrameBuffer.cpp:3790] Failed to find ColorBuffer:1582
E0414 16:55:27.840184 fd83000 FrameBuffer.cpp:3790] Failed to find ColorBuffer:1556
E0414 16:55:27.840188 fd83000 FrameBuffer.cpp:3790] Failed to find ColorBuffer:1560
E0414 16:55:27.840191 fd83000 FrameBuffer.cpp:3790] Failed to find ColorBuffer:1554
E0414 16:55:27.840195 fd83000 FrameBuffer.cpp:3790] Failed to find ColorBuffer:1572
E0414 16:55:27.840199 fd83000 FrameBuffer.cpp:3790] Failed to find ColorBuffer:1556
E0414 16:55:27.840203 fd83000 FrameBuffer.cpp:3790] Failed to find ColorBuffer:1560
E0414 16:55:27.840207 fd83000 FrameBuffer.cpp:3790] Failed to find ColorBuffer:1566
E0414 16:55:27.840210 fd83000 FrameBuffer.cpp:3790] Failed to find ColorBuffer:1554
E0414 16:55:27.840214 fd83000 FrameBuffer.cpp:3790] Failed to find ColorBuffer:1556
E0414 16:55:27.840218 fd83000 FrameBuffer.cpp:3790] Failed to find ColorBuffer:1573
E0414 16:55:27.840222 fd83000 FrameBuffer.cpp:3790] Failed to find ColorBuffer:1560
E0414 16:55:27.840226 fd83000 FrameBuffer.cpp:3790] Failed to find ColorBuffer:1554
E0414 16:55:27.840229 fd83000 FrameBuffer.cpp:3790] Failed to find ColorBuffer:1574
E0414 16:55:27.840233 fd83000 FrameBuffer.cpp:3790] Failed to find ColorBuffer:1556
E0414 16:55:27.840237 fd83000 FrameBuffer.cpp:3790] Failed to find ColorBuffer:1560
E0414 16:55:27.840241 fd83000 FrameBuffer.cpp:3790] Failed to find ColorBuffer:1567
E0414 16:55:27.840245 fd83000 FrameBuffer.cpp:3790] Failed to find ColorBuffer:1554
E0414 16:55:27.840248 fd83000 FrameBuffer.cpp:3790] Failed to find ColorBuffer:1556
E0414 16:55:27.840252 fd83000 FrameBuffer.cpp:3790] Failed to find ColorBuffer:1575
E0414 16:55:27.840256 fd83000 FrameBuffer.cpp:3790] Failed to find ColorBuffer:1560
E0414 16:55:27.840260 fd83000 FrameBuffer.cpp:3790] Failed to find ColorBuffer:1568
E0414 16:55:27.840264 fd83000 FrameBuffer.cpp:3790] Failed to find ColorBuffer:1583
E0414 16:55:27.840267 fd83000 FrameBuffer.cpp:3790] Failed to find ColorBuffer:1576
E0414 16:55:27.840271 fd83000 FrameBuffer.cpp:3790] Failed to find ColorBuffer:1570
E0414 16:55:27.840276 fd83000 FrameBuffer.cpp:3790] Failed to find ColorBuffer:1569
E0414 16:55:27.840279 fd83000 FrameBuffer.cpp:3790] Failed to find ColorBuffer:1577
E0414 16:55:27.840283 fd83000 FrameBuffer.cpp:3790] Failed to find ColorBuffer:1554
E0414 16:55:27.840287 fd83000 FrameBuffer.cpp:3790] Failed to find ColorBuffer:1578
E0414 16:55:27.840291 fd83000 FrameBuffer.cpp:3790] Failed to find ColorBuffer:1565
E0414 16:55:27.840295 fd83000 FrameBuffer.cpp:3790] Failed to find ColorBuffer:1579
E0414 16:55:27.840299 fd83000 FrameBuffer.cpp:3790] Failed to find ColorBuffer:1580
E0414 16:55:27.840302 fd83000 FrameBuffer.cpp:3790] Failed to find ColorBuffer:1571
E0414 16:55:27.840307 fd83000 FrameBuffer.cpp:3790] Failed to find ColorBuffer:1581
E0414 16:55:27.840311 fd83000 FrameBuffer.cpp:3790] Failed to find ColorBuffer:1556
E0414 16:55:27.840314 fd83000 FrameBuffer.cpp:3790] Failed to find ColorBuffer:1582
E0414 16:55:27.840318 fd83000 FrameBuffer.cpp:3790] Failed to find ColorBuffer:1572
E0414 16:55:27.840322 fd83000 FrameBuffer.cpp:3790] Failed to find ColorBuffer:1566
E0414 16:55:27.840326 fd83000 FrameBuffer.cpp:3790] Failed to find ColorBuffer:1573
E0414 16:55:27.840330 fd83000 FrameBuffer.cpp:3790] Failed to find ColorBuffer:1574
E0414 16:55:27.840346 fd83000 FrameBuffer.cpp:3790] Failed to find ColorBuffer:1567
E0414 16:55:27.840351 fd83000 FrameBuffer.cpp:3790] Failed to find ColorBuffer:1560
E0414 16:55:27.840354 fd83000 FrameBuffer.cpp:3790] Failed to find ColorBuffer:1575
E0414 16:55:27.840358 fd83000 FrameBuffer.cpp:3790] Failed to find ColorBuffer:1568
E0414 16:55:27.840362 fd83000 FrameBuffer.cpp:3790] Failed to find ColorBuffer:1583
E0414 16:55:27.840367 fd83000 FrameBuffer.cpp:3790] Failed to find ColorBuffer:1576
E0414 16:55:27.840371 fd83000 FrameBuffer.cpp:3790] Failed to find ColorBuffer:1570
E0414 16:55:27.840374 fd83000 FrameBuffer.cpp:3790] Failed to find ColorBuffer:1554
E0414 16:55:27.840378 fd83000 FrameBuffer.cpp:3790] Failed to find ColorBuffer:1569
E0414 16:55:27.840383 fd83000 FrameBuffer.cpp:3790] Failed to find ColorBuffer:1577
E0414 16:55:27.840386 fd83000 FrameBuffer.cpp:3790] Failed to find ColorBuffer:1579
E0414 16:55:27.840390 fd83000 FrameBuffer.cpp:3790] Failed to find ColorBuffer:1556
E0414 16:55:27.840394 fd83000 FrameBuffer.cpp:3790] Failed to find ColorBuffer:1580
E0414 16:55:27.840398 fd83000 FrameBuffer.cpp:3790] Failed to find ColorBuffer:1571
E0414 16:55:27.840401 fd83000 FrameBuffer.cpp:3790] Failed to find ColorBuffer:1581
E0414 16:55:27.840405 fd83000 FrameBuffer.cpp:3790] Failed to find ColorBuffer:1582
E0414 16:55:27.840409 fd83000 FrameBuffer.cpp:3790] Failed to find ColorBuffer:1572
E0414 16:55:27.840413 fd83000 FrameBuffer.cpp:3790] Failed to find ColorBuffer:1566
E0414 16:55:27.840417 fd83000 FrameBuffer.cpp:3790] Failed to find ColorBuffer:1560
E0414 16:55:27.840420 fd83000 FrameBuffer.cpp:3790] Failed to find ColorBuffer:1573
E0414 16:55:27.840424 fd83000 FrameBuffer.cpp:3790] Failed to find ColorBuffer:1554
E0414 16:55:27.840428 fd83000 FrameBuffer.cpp:3790] Failed to find ColorBuffer:1574
E0414 16:55:27.840432 fd83000 FrameBuffer.cpp:3790] Failed to find ColorBuffer:1567
E0414 16:55:27.840436 fd83000 FrameBuffer.cpp:3790] Failed to find ColorBuffer:1575
E0414 16:55:27.840439 fd83000 FrameBuffer.cpp:3790] Failed to find ColorBuffer:1568
E0414 16:55:27.840443 fd83000 FrameBuffer.cpp:3790] Failed to find ColorBuffer:1583
E0414 16:55:27.840447 fd83000 FrameBuffer.cpp:3790] Failed to find ColorBuffer:1576
E0414 16:55:27.840451 fd83000 FrameBuffer.cpp:3790] Failed to find ColorBuffer:1556
E0414 16:55:27.840455 fd83000 FrameBuffer.cpp:3790] Failed to find ColorBuffer:1570
E0414 16:55:27.840459 fd83000 FrameBuffer.cpp:3790] Failed to find ColorBuffer:1569
E0414 16:55:27.840463 fd83000 FrameBuffer.cpp:3790] Failed to find ColorBuffer:1578
E0414 16:55:27.840467 fd83000 FrameBuffer.cpp:3790] Failed to find ColorBuffer:1565
E0414 16:55:27.840470 fd83000 FrameBuffer.cpp:3790] Failed to find ColorBuffer:1577
E0414 16:55:27.840474 fd83000 FrameBuffer.cpp:3790] Failed to find ColorBuffer:1579
E0414 16:55:27.840478 fd83000 FrameBuffer.cpp:3790] Failed to find ColorBuffer:1560
E0414 16:55:27.840482 fd83000 FrameBuffer.cpp:3790] Failed to find ColorBuffer:1580
E0414 16:55:27.840485 fd83000 FrameBuffer.cpp:3790] Failed to find ColorBuffer:1571
E0414 16:55:27.840490 fd83000 FrameBuffer.cpp:3790] Failed to find ColorBuffer:1581
E0414 16:55:27.840494 fd83000 FrameBuffer.cpp:3790] Failed to find ColorBuffer:1582
E0414 16:55:27.840498 fd83000 FrameBuffer.cpp:3790] Failed to find ColorBuffer:1572
E0414 16:55:27.840501 fd83000 FrameBuffer.cpp:3790] Failed to find ColorBuffer:1566
E0414 16:55:27.840505 fd83000 FrameBuffer.cpp:3790] Failed to find ColorBuffer:1554
E0414 16:55:27.840509 fd83000 FrameBuffer.cpp:3790] Failed to find ColorBuffer:1573
E0414 16:55:27.840513 fd83000 FrameBuffer.cpp:3790] Failed to find ColorBuffer:1574
E0414 16:55:27.840517 fd83000 FrameBuffer.cpp:3790] Failed to find ColorBuffer:1556
E0414 16:55:27.840520 fd83000 FrameBuffer.cpp:3790] Failed to find ColorBuffer:1567
E0414 16:55:27.840524 fd83000 FrameBuffer.cpp:3790] Failed to find ColorBuffer:1575
E0414 16:55:27.840528 fd83000 FrameBuffer.cpp:3790] Failed to find ColorBuffer:1568
E0414 16:55:27.840532 fd83000 FrameBuffer.cpp:3790] Failed to find ColorBuffer:1583
E0414 16:55:27.840548 fd83000 FrameBuffer.cpp:3790] Failed to find ColorBuffer:1576
E0414 16:55:27.840553 fd83000 FrameBuffer.cpp:3790] Failed to find ColorBuffer:1570
E0414 16:55:27.840556 fd83000 FrameBuffer.cpp:3790] Failed to find ColorBuffer:1569
E0414 16:55:27.840560 fd83000 FrameBuffer.cpp:3790] Failed to find ColorBuffer:1578
E0414 16:55:27.840564 fd83000 FrameBuffer.cpp:3790] Failed to find ColorBuffer:1565
E0414 16:55:27.840568 fd83000 FrameBuffer.cpp:3790] Failed to find ColorBuffer:1577
E0414 16:55:27.840572 fd83000 FrameBuffer.cpp:3790] Failed to find ColorBuffer:1579
E0414 16:55:27.840577 fd83000 FrameBuffer.cpp:3790] Failed to find ColorBuffer:1581
E0414 16:55:27.840581 fd83000 FrameBuffer.cpp:3790] Failed to find ColorBuffer:1582
E0414 16:55:27.840586 fd83000 FrameBuffer.cpp:3790] Failed to find ColorBuffer:1572
E0414 16:55:27.840592 fd83000 FrameBuffer.cpp:3790] Failed to find ColorBuffer:1566
E0414 16:55:27.840596 fd83000 FrameBuffer.cpp:3790] Failed to find ColorBuffer:1573
E0414 16:55:27.840601 fd83000 FrameBuffer.cpp:3790] Failed to find ColorBuffer:1574
E0414 16:55:27.840606 fd83000 FrameBuffer.cpp:3790] Failed to find ColorBuffer:1567
E0414 16:55:27.840610 fd83000 FrameBuffer.cpp:3790] Failed to find ColorBuffer:1575
E0414 16:55:27.840615 fd83000 FrameBuffer.cpp:3790] Failed to find ColorBuffer:1560
E0414 16:55:27.840620 fd83000 FrameBuffer.cpp:3790] Failed to find ColorBuffer:1568
E0414 16:55:27.840625 fd83000 FrameBuffer.cpp:3790] Failed to find ColorBuffer:1583
E0414 16:55:27.840630 fd83000 FrameBuffer.cpp:3790] Failed to find ColorBuffer:1576
E0414 16:55:27.840635 fd83000 FrameBuffer.cpp:3790] Failed to find ColorBuffer:1570
E0414 16:55:27.840641 fd83000 FrameBuffer.cpp:3790] Failed to find ColorBuffer:1569
E0414 16:55:27.840646 fd83000 FrameBuffer.cpp:3790] Failed to find ColorBuffer:1578
E0414 16:55:27.840651 fd83000 FrameBuffer.cpp:3790] Failed to find ColorBuffer:1565
E0414 16:55:27.840657 fd83000 FrameBuffer.cpp:3790] Failed to find ColorBuffer:1577
E0414 16:55:27.840662 fd83000 FrameBuffer.cpp:3790] Failed to find ColorBuffer:1580
E0414 16:55:27.840668 fd83000 FrameBuffer.cpp:3790] Failed to find ColorBuffer:1571
E0414 16:55:27.840673 fd83000 FrameBuffer.cpp:3790] Failed to find ColorBuffer:1579
E0414 16:55:27.840678 fd83000 FrameBuffer.cpp:3790] Failed to find ColorBuffer:1581
E0414 16:55:27.840683 fd83000 FrameBuffer.cpp:3790] Failed to find ColorBuffer:1582
E0414 16:55:27.840688 fd83000 FrameBuffer.cpp:3790] Failed to find ColorBuffer:1572
E0414 16:55:27.840694 fd83000 FrameBuffer.cpp:3790] Failed to find ColorBuffer:1566
E0414 16:55:27.840699 fd83000 FrameBuffer.cpp:3790] Failed to find ColorBuffer:1573
E0414 16:55:27.840704 fd83000 FrameBuffer.cpp:3790] Failed to find ColorBuffer:1574
E0414 16:55:27.840710 fd83000 FrameBuffer.cpp:3790] Failed to find ColorBuffer:1567
E0414 16:55:27.840715 fd83000 FrameBuffer.cpp:3790] Failed to find ColorBuffer:1575
E0414 16:55:27.840719 fd83000 FrameBuffer.cpp:3790] Failed to find ColorBuffer:1568
E0414 16:55:27.840723 fd83000 FrameBuffer.cpp:3790] Failed to find ColorBuffer:1583
E0414 16:55:27.840728 fd83000 FrameBuffer.cpp:3790] Failed to find ColorBuffer:1576
E0414 16:55:27.840732 fd83000 FrameBuffer.cpp:3790] Failed to find ColorBuffer:1570
E0414 16:55:27.840736 fd83000 FrameBuffer.cpp:3790] Failed to find ColorBuffer:1569
E0414 16:55:27.840740 fd83000 FrameBuffer.cpp:3790] Failed to find ColorBuffer:1578
E0414 16:55:27.840745 fd83000 FrameBuffer.cpp:3790] Failed to find ColorBuffer:1565
E0414 16:55:27.840749 fd83000 FrameBuffer.cpp:3790] Failed to find ColorBuffer:1577
E0414 16:55:27.840753 fd83000 FrameBuffer.cpp:3790] Failed to find ColorBuffer:1580
E0414 16:55:27.840757 fd83000 FrameBuffer.cpp:3790] Failed to find ColorBuffer:1571
E0414 16:55:27.840761 fd83000 FrameBuffer.cpp:3790] Failed to find ColorBuffer:1579
E0414 16:55:27.840765 fd83000 FrameBuffer.cpp:3790] Failed to find ColorBuffer:1581
E0414 16:55:27.840769 fd83000 FrameBuffer.cpp:3790] Failed to find ColorBuffer:1566
E0414 16:55:27.840791 fd83000 FrameBuffer.cpp:3790] Failed to find ColorBuffer:1573
E0414 16:55:27.840796 fd83000 FrameBuffer.cpp:3790] Failed to find ColorBuffer:1574
E0414 16:55:27.840800 fd83000 FrameBuffer.cpp:3790] Failed to find ColorBuffer:1567
E0414 16:55:27.840804 fd83000 FrameBuffer.cpp:3790] Failed to find ColorBuffer:1575
E0414 16:55:27.840808 fd83000 FrameBuffer.cpp:3790] Failed to find ColorBuffer:1568
E0414 16:55:27.840812 fd83000 FrameBuffer.cpp:3790] Failed to find ColorBuffer:1583
E0414 16:55:27.840817 fd83000 FrameBuffer.cpp:3790] Failed to find ColorBuffer:1554
E0414 16:55:27.840821 fd83000 FrameBuffer.cpp:3790] Failed to find ColorBuffer:1576
E0414 16:55:27.840825 fd83000 FrameBuffer.cpp:3790] Failed to find ColorBuffer:1570
E0414 16:55:27.840829 fd83000 FrameBuffer.cpp:3790] Failed to find ColorBuffer:1569
E0414 16:55:27.840833 fd83000 FrameBuffer.cpp:3790] Failed to find ColorBuffer:1578
E0414 16:55:27.840837 fd83000 FrameBuffer.cpp:3790] Failed to find ColorBuffer:1565
E0414 16:55:31.304584 fd83000 FrameBuffer.cpp:3790] Failed to find ColorBuffer:1589
E0414 16:55:31.309152 fd83000 FrameBuffer.cpp:3790] Failed to find ColorBuffer:1593
E0414 16:55:31.309870 fd83000 FrameBuffer.cpp:3790] Failed to find ColorBuffer:1587
INFO    | Warning: delivering touch release to same window QWindow(0x0) not QWidgetWindow(0x12b889de0, name="EmulatorContainerClassWindow") ((null):0, (null))
INFO    | Warning: skipping QEventPoint(id=0 ts=0 pos=0,0 scn=1180.23,639.676 gbl=1180.23,639.676 Released ellipse=(1x1 ∡ 0) vel=0,0 press=-1180.23,-639.676 last=-1180.23,-639.676 Δ 1180.23,639.676) : no target window ((null):0, (null))
E0414 16:56:17.332711 fd83000 FrameBuffer.cpp:3790] Failed to find ColorBuffer:1596
E0414 16:56:18.572064 fd83000 FrameBuffer.cpp:3790] Failed to find ColorBuffer:1639
E0414 16:56:18.572258 fd83000 FrameBuffer.cpp:3790] Failed to find ColorBuffer:1642
E0414 16:56:18.572269 fd83000 FrameBuffer.cpp:3790] Failed to find ColorBuffer:1641
E0414 16:56:18.572274 fd83000 FrameBuffer.cpp:3790] Failed to find ColorBuffer:1639
INFO    | Warning: delivering touch release to same window QWindow(0x0) not QWidgetWindow(0x12b889de0, name="EmulatorContainerClassWindow") ((null):0, (null))
INFO    | Warning: skipping QEventPoint(id=0 ts=0 pos=0,0 scn=1132.29,538.037 gbl=1132.29,538.037 Released ellipse=(1x1 ∡ 0) vel=0,0 press=-1132.29,-538.037 last=-1132.29,-538.037 Δ 1132.29,538.037) : no target window ((null):0, (null))
E0414 16:57:49.218348 fd83000 FrameBuffer.cpp:3790] Failed to find ColorBuffer:1655
E0414 16:57:49.218825 fd83000 FrameBuffer.cpp:3790] Failed to find ColorBuffer:1657
E0414 16:57:49.218845 fd83000 FrameBuffer.cpp:3790] Failed to find ColorBuffer:1653
E0414 16:57:49.218861 fd83000 FrameBuffer.cpp:3790] Failed to find ColorBuffer:1658
E0414 16:57:49.218868 fd83000 FrameBuffer.cpp:3790] Failed to find ColorBuffer:1659
E0414 16:57:49.218873 fd83000 FrameBuffer.cpp:3790] Failed to find ColorBuffer:1660
E0414 16:57:49.219122 fd83000 FrameBuffer.cpp:3790] Failed to find ColorBuffer:1661
E0414 16:57:49.219139 fd83000 FrameBuffer.cpp:3790] Failed to find ColorBuffer:1662
E0414 16:57:49.219147 fd83000 FrameBuffer.cpp:3790] Failed to find ColorBuffer:1655
E0414 16:57:49.219152 fd83000 FrameBuffer.cpp:3790] Failed to find ColorBuffer:1663
E0414 16:57:49.219157 fd83000 FrameBuffer.cpp:3790] Failed to find ColorBuffer:1664
E0414 16:57:49.219164 fd83000 FrameBuffer.cpp:3790] Failed to find ColorBuffer:1665
E0414 16:57:49.219168 fd83000 FrameBuffer.cpp:3790] Failed to find ColorBuffer:1666
E0414 16:57:49.219172 fd83000 FrameBuffer.cpp:3790] Failed to find ColorBuffer:1667
E0414 16:57:49.219176 fd83000 FrameBuffer.cpp:3790] Failed to find ColorBuffer:1668
E0414 16:57:49.219180 fd83000 FrameBuffer.cpp:3790] Failed to find ColorBuffer:1657
E0414 16:57:49.219184 fd83000 FrameBuffer.cpp:3790] Failed to find ColorBuffer:1669
E0414 16:57:49.219188 fd83000 FrameBuffer.cpp:3790] Failed to find ColorBuffer:1670
E0414 16:57:49.219193 fd83000 FrameBuffer.cpp:3790] Failed to find ColorBuffer:1658
E0414 16:57:49.219197 fd83000 FrameBuffer.cpp:3790] Failed to find ColorBuffer:1671
E0414 16:57:49.219228 fd83000 FrameBuffer.cpp:3790] Failed to find ColorBuffer:1672
E0414 16:57:49.219232 fd83000 FrameBuffer.cpp:3790] Failed to find ColorBuffer:1659
E0414 16:57:49.219237 fd83000 FrameBuffer.cpp:3790] Failed to find ColorBuffer:1653
E0414 16:57:49.219241 fd83000 FrameBuffer.cpp:3790] Failed to find ColorBuffer:1673
E0414 16:57:49.219245 fd83000 FrameBuffer.cpp:3790] Failed to find ColorBuffer:1660
E0414 16:57:49.219278 fd83000 FrameBuffer.cpp:3790] Failed to find ColorBuffer:1661
E0414 16:57:49.219289 fd83000 FrameBuffer.cpp:3790] Failed to find ColorBuffer:1662
E0414 16:57:49.219295 fd83000 FrameBuffer.cpp:3790] Failed to find ColorBuffer:1674
E0414 16:57:49.219300 fd83000 FrameBuffer.cpp:3790] Failed to find ColorBuffer:1675
E0414 16:57:49.219306 fd83000 FrameBuffer.cpp:3790] Failed to find ColorBuffer:1676
E0414 16:57:49.219311 fd83000 FrameBuffer.cpp:3790] Failed to find ColorBuffer:1655
E0414 16:57:49.219316 fd83000 FrameBuffer.cpp:3790] Failed to find ColorBuffer:1663
E0414 16:57:49.219321 fd83000 FrameBuffer.cpp:3790] Failed to find ColorBuffer:1664
E0414 16:57:49.219326 fd83000 FrameBuffer.cpp:3790] Failed to find ColorBuffer:1665
E0414 16:57:49.219331 fd83000 FrameBuffer.cpp:3790] Failed to find ColorBuffer:1666
E0414 16:57:49.219335 fd83000 FrameBuffer.cpp:3790] Failed to find ColorBuffer:1667
E0414 16:57:49.219339 fd83000 FrameBuffer.cpp:3790] Failed to find ColorBuffer:1657
E0414 16:57:49.219343 fd83000 FrameBuffer.cpp:3790] Failed to find ColorBuffer:1668
E0414 16:57:49.219348 fd83000 FrameBuffer.cpp:3790] Failed to find ColorBuffer:1669
E0414 16:57:49.219352 fd83000 FrameBuffer.cpp:3790] Failed to find ColorBuffer:1670
E0414 16:57:49.219356 fd83000 FrameBuffer.cpp:3790] Failed to find ColorBuffer:1658
E0414 16:57:49.219360 fd83000 FrameBuffer.cpp:3790] Failed to find ColorBuffer:1671
E0414 16:57:49.219364 fd83000 FrameBuffer.cpp:3790] Failed to find ColorBuffer:1672
E0414 16:57:49.219368 fd83000 FrameBuffer.cpp:3790] Failed to find ColorBuffer:1653
E0414 16:57:49.219372 fd83000 FrameBuffer.cpp:3790] Failed to find ColorBuffer:1659
E0414 16:57:49.219376 fd83000 FrameBuffer.cpp:3790] Failed to find ColorBuffer:1673
E0414 16:57:49.219380 fd83000 FrameBuffer.cpp:3790] Failed to find ColorBuffer:1660
E0414 16:57:49.219384 fd83000 FrameBuffer.cpp:3790] Failed to find ColorBuffer:1661
E0414 16:57:49.219388 fd83000 FrameBuffer.cpp:3790] Failed to find ColorBuffer:1662
E0414 16:57:49.219392 fd83000 FrameBuffer.cpp:3790] Failed to find ColorBuffer:1674
E0414 16:57:49.219397 fd83000 FrameBuffer.cpp:3790] Failed to find ColorBuffer:1655
E0414 16:57:49.219401 fd83000 FrameBuffer.cpp:3790] Failed to find ColorBuffer:1675
E0414 16:57:49.219404 fd83000 FrameBuffer.cpp:3790] Failed to find ColorBuffer:1676
E0414 16:57:49.219408 fd83000 FrameBuffer.cpp:3790] Failed to find ColorBuffer:1663
E0414 16:57:49.219412 fd83000 FrameBuffer.cpp:3790] Failed to find ColorBuffer:1664
E0414 16:57:49.219416 fd83000 FrameBuffer.cpp:3790] Failed to find ColorBuffer:1665
E0414 16:57:49.219420 fd83000 FrameBuffer.cpp:3790] Failed to find ColorBuffer:1666
E0414 16:57:49.219424 fd83000 FrameBuffer.cpp:3790] Failed to find ColorBuffer:1657
E0414 16:57:49.219428 fd83000 FrameBuffer.cpp:3790] Failed to find ColorBuffer:1667
E0414 16:57:49.219432 fd83000 FrameBuffer.cpp:3790] Failed to find ColorBuffer:1668
E0414 16:57:49.219436 fd83000 FrameBuffer.cpp:3790] Failed to find ColorBuffer:1669
E0414 16:57:49.219440 fd83000 FrameBuffer.cpp:3790] Failed to find ColorBuffer:1670
E0414 16:57:49.219444 fd83000 FrameBuffer.cpp:3790] Failed to find ColorBuffer:1658
E0414 16:57:49.219448 fd83000 FrameBuffer.cpp:3790] Failed to find ColorBuffer:1671
E0414 16:57:49.219452 fd83000 FrameBuffer.cpp:3790] Failed to find ColorBuffer:1653
E0414 16:57:49.219456 fd83000 FrameBuffer.cpp:3790] Failed to find ColorBuffer:1672
E0414 16:57:49.219460 fd83000 FrameBuffer.cpp:3790] Failed to find ColorBuffer:1659
E0414 16:57:49.219464 fd83000 FrameBuffer.cpp:3790] Failed to find ColorBuffer:1673
E0414 16:57:49.219484 fd83000 FrameBuffer.cpp:3790] Failed to find ColorBuffer:1660
E0414 16:57:49.219489 fd83000 FrameBuffer.cpp:3790] Failed to find ColorBuffer:1661
E0414 16:57:49.219493 fd83000 FrameBuffer.cpp:3790] Failed to find ColorBuffer:1662
E0414 16:57:49.219497 fd83000 FrameBuffer.cpp:3790] Failed to find ColorBuffer:1655
E0414 16:57:49.219501 fd83000 FrameBuffer.cpp:3790] Failed to find ColorBuffer:1674
E0414 16:57:49.219505 fd83000 FrameBuffer.cpp:3790] Failed to find ColorBuffer:1675
E0414 16:57:49.219509 fd83000 FrameBuffer.cpp:3790] Failed to find ColorBuffer:1676
E0414 16:57:49.219513 fd83000 FrameBuffer.cpp:3790] Failed to find ColorBuffer:1663
E0414 16:57:49.219517 fd83000 FrameBuffer.cpp:3790] Failed to find ColorBuffer:1664
E0414 16:57:49.219521 fd83000 FrameBuffer.cpp:3790] Failed to find ColorBuffer:1665
E0414 16:57:49.219525 fd83000 FrameBuffer.cpp:3790] Failed to find ColorBuffer:1657
E0414 16:57:49.219529 fd83000 FrameBuffer.cpp:3790] Failed to find ColorBuffer:1666
E0414 16:57:49.219533 fd83000 FrameBuffer.cpp:3790] Failed to find ColorBuffer:1667
E0414 16:57:49.219537 fd83000 FrameBuffer.cpp:3790] Failed to find ColorBuffer:1668
E0414 16:57:49.219541 fd83000 FrameBuffer.cpp:3790] Failed to find ColorBuffer:1669
E0414 16:57:49.219545 fd83000 FrameBuffer.cpp:3790] Failed to find ColorBuffer:1670
E0414 16:57:49.219549 fd83000 FrameBuffer.cpp:3790] Failed to find ColorBuffer:1658
E0414 16:57:49.219553 fd83000 FrameBuffer.cpp:3790] Failed to find ColorBuffer:1653
E0414 16:57:49.219557 fd83000 FrameBuffer.cpp:3790] Failed to find ColorBuffer:1671
E0414 16:57:49.219561 fd83000 FrameBuffer.cpp:3790] Failed to find ColorBuffer:1672
E0414 16:57:49.219565 fd83000 FrameBuffer.cpp:3790] Failed to find ColorBuffer:1659
E0414 16:57:49.219569 fd83000 FrameBuffer.cpp:3790] Failed to find ColorBuffer:1673
E0414 16:57:49.219573 fd83000 FrameBuffer.cpp:3790] Failed to find ColorBuffer:1660
E0414 16:57:49.219577 fd83000 FrameBuffer.cpp:3790] Failed to find ColorBuffer:1661
E0414 16:57:49.219581 fd83000 FrameBuffer.cpp:3790] Failed to find ColorBuffer:1655
E0414 16:57:49.219584 fd83000 FrameBuffer.cpp:3790] Failed to find ColorBuffer:1662
E0414 16:57:49.219588 fd83000 FrameBuffer.cpp:3790] Failed to find ColorBuffer:1674
E0414 16:57:49.219592 fd83000 FrameBuffer.cpp:3790] Failed to find ColorBuffer:1675
E0414 16:57:49.219596 fd83000 FrameBuffer.cpp:3790] Failed to find ColorBuffer:1676
E0414 16:57:49.219600 fd83000 FrameBuffer.cpp:3790] Failed to find ColorBuffer:1663
E0414 16:57:49.219604 fd83000 FrameBuffer.cpp:3790] Failed to find ColorBuffer:1657
E0414 16:57:49.219608 fd83000 FrameBuffer.cpp:3790] Failed to find ColorBuffer:1664
E0414 16:57:49.219612 fd83000 FrameBuffer.cpp:3790] Failed to find ColorBuffer:1665
E0414 16:57:49.219616 fd83000 FrameBuffer.cpp:3790] Failed to find ColorBuffer:1666
E0414 16:57:49.219620 fd83000 FrameBuffer.cpp:3790] Failed to find ColorBuffer:1667
E0414 16:57:49.219624 fd83000 FrameBuffer.cpp:3790] Failed to find ColorBuffer:1668
E0414 16:57:49.219628 fd83000 FrameBuffer.cpp:3790] Failed to find ColorBuffer:1669
E0414 16:57:49.219632 fd83000 FrameBuffer.cpp:3790] Failed to find ColorBuffer:1653
E0414 16:57:49.219636 fd83000 FrameBuffer.cpp:3790] Failed to find ColorBuffer:1670
E0414 16:57:49.219640 fd83000 FrameBuffer.cpp:3790] Failed to find ColorBuffer:1658
E0414 16:57:49.219644 fd83000 FrameBuffer.cpp:3790] Failed to find ColorBuffer:1671
E0414 16:57:49.219648 fd83000 FrameBuffer.cpp:3790] Failed to find ColorBuffer:1672
E0414 16:57:49.219652 fd83000 FrameBuffer.cpp:3790] Failed to find ColorBuffer:1659
E0414 16:57:49.219656 fd83000 FrameBuffer.cpp:3790] Failed to find ColorBuffer:1673
E0414 16:57:49.219660 fd83000 FrameBuffer.cpp:3790] Failed to find ColorBuffer:1655
E0414 16:57:49.219664 fd83000 FrameBuffer.cpp:3790] Failed to find ColorBuffer:1660
E0414 16:57:49.219668 fd83000 FrameBuffer.cpp:3790] Failed to find ColorBuffer:1661
E0414 16:57:49.219672 fd83000 FrameBuffer.cpp:3790] Failed to find ColorBuffer:1662
E0414 16:57:49.219676 fd83000 FrameBuffer.cpp:3790] Failed to find ColorBuffer:1674
E0414 16:57:49.219689 fd83000 FrameBuffer.cpp:3790] Failed to find ColorBuffer:1675
E0414 16:57:49.219694 fd83000 FrameBuffer.cpp:3790] Failed to find ColorBuffer:1676
E0414 16:57:49.219698 fd83000 FrameBuffer.cpp:3790] Failed to find ColorBuffer:1657
E0414 16:57:49.219702 fd83000 FrameBuffer.cpp:3790] Failed to find ColorBuffer:1663
E0414 16:57:49.219706 fd83000 FrameBuffer.cpp:3790] Failed to find ColorBuffer:1664
E0414 16:57:49.219710 fd83000 FrameBuffer.cpp:3790] Failed to find ColorBuffer:1665
E0414 16:57:49.219713 fd83000 FrameBuffer.cpp:3790] Failed to find ColorBuffer:1666
E0414 16:57:49.219717 fd83000 FrameBuffer.cpp:3790] Failed to find ColorBuffer:1667
E0414 16:57:49.219722 fd83000 FrameBuffer.cpp:3790] Failed to find ColorBuffer:1668
E0414 16:57:49.219725 fd83000 FrameBuffer.cpp:3790] Failed to find ColorBuffer:1653
E0414 16:57:49.219729 fd83000 FrameBuffer.cpp:3790] Failed to find ColorBuffer:1669
E0414 16:57:49.219733 fd83000 FrameBuffer.cpp:3790] Failed to find ColorBuffer:1670
E0414 16:57:49.219737 fd83000 FrameBuffer.cpp:3790] Failed to find ColorBuffer:1658
E0414 16:57:49.219741 fd83000 FrameBuffer.cpp:3790] Failed to find ColorBuffer:1671
E0414 16:57:49.219745 fd83000 FrameBuffer.cpp:3790] Failed to find ColorBuffer:1672
E0414 16:57:49.219749 fd83000 FrameBuffer.cpp:3790] Failed to find ColorBuffer:1659
E0414 16:57:49.219753 fd83000 FrameBuffer.cpp:3790] Failed to find ColorBuffer:1655
E0414 16:57:49.219757 fd83000 FrameBuffer.cpp:3790] Failed to find ColorBuffer:1673
E0414 16:57:49.219761 fd83000 FrameBuffer.cpp:3790] Failed to find ColorBuffer:1660
E0414 16:57:49.219765 fd83000 FrameBuffer.cpp:3790] Failed to find ColorBuffer:1661
E0414 16:57:49.219769 fd83000 FrameBuffer.cpp:3790] Failed to find ColorBuffer:1662
E0414 16:57:49.219773 fd83000 FrameBuffer.cpp:3790] Failed to find ColorBuffer:1674
E0414 16:57:49.219777 fd83000 FrameBuffer.cpp:3790] Failed to find ColorBuffer:1675
E0414 16:57:49.219781 fd83000 FrameBuffer.cpp:3790] Failed to find ColorBuffer:1657
E0414 16:57:49.219785 fd83000 FrameBuffer.cpp:3790] Failed to find ColorBuffer:1653
E0414 16:57:49.219789 fd83000 FrameBuffer.cpp:3790] Failed to find ColorBuffer:1676
E0414 16:57:49.219793 fd83000 FrameBuffer.cpp:3790] Failed to find ColorBuffer:1663
E0414 16:57:49.219797 fd83000 FrameBuffer.cpp:3790] Failed to find ColorBuffer:1664
E0414 16:57:49.219802 fd83000 FrameBuffer.cpp:3790] Failed to find ColorBuffer:1665
E0414 16:57:49.219807 fd83000 FrameBuffer.cpp:3790] Failed to find ColorBuffer:1666
E0414 16:57:49.219812 fd83000 FrameBuffer.cpp:3790] Failed to find ColorBuffer:1667
E0414 16:57:49.219817 fd83000 FrameBuffer.cpp:3790] Failed to find ColorBuffer:1655
E0414 16:57:49.219821 fd83000 FrameBuffer.cpp:3790] Failed to find ColorBuffer:1668
E0414 16:57:49.219825 fd83000 FrameBuffer.cpp:3790] Failed to find ColorBuffer:1657
E0414 16:57:49.219830 fd83000 FrameBuffer.cpp:3790] Failed to find ColorBuffer:1653
E0414 16:57:49.219834 fd83000 FrameBuffer.cpp:3790] Failed to find ColorBuffer:1669
E0414 16:57:49.219838 fd83000 FrameBuffer.cpp:3790] Failed to find ColorBuffer:1655
E0414 16:57:49.219842 fd83000 FrameBuffer.cpp:3790] Failed to find ColorBuffer:1657
E0414 16:57:49.219846 fd83000 FrameBuffer.cpp:3790] Failed to find ColorBuffer:1670
E0414 16:57:49.219851 fd83000 FrameBuffer.cpp:3790] Failed to find ColorBuffer:1653
E0414 16:57:49.219856 fd83000 FrameBuffer.cpp:3790] Failed to find ColorBuffer:1655
E0414 16:57:49.219859 fd83000 FrameBuffer.cpp:3790] Failed to find ColorBuffer:1658
E0414 16:57:49.219864 fd83000 FrameBuffer.cpp:3790] Failed to find ColorBuffer:1657
E0414 16:57:49.219868 fd83000 FrameBuffer.cpp:3790] Failed to find ColorBuffer:1671
E0414 16:57:49.219873 fd83000 FrameBuffer.cpp:3790] Failed to find ColorBuffer:1653
E0414 16:57:49.219877 fd83000 FrameBuffer.cpp:3790] Failed to find ColorBuffer:1655
E0414 16:57:49.219881 fd83000 FrameBuffer.cpp:3790] Failed to find ColorBuffer:1672
E0414 16:57:49.219886 fd83000 FrameBuffer.cpp:3790] Failed to find ColorBuffer:1657
E0414 16:57:49.219890 fd83000 FrameBuffer.cpp:3790] Failed to find ColorBuffer:1653
E0414 16:57:49.219975 fd83000 FrameBuffer.cpp:3790] Failed to find ColorBuffer:1659
E0414 16:57:49.219984 fd83000 FrameBuffer.cpp:3790] Failed to find ColorBuffer:1655
E0414 16:57:49.219990 fd83000 FrameBuffer.cpp:3790] Failed to find ColorBuffer:1657
E0414 16:57:49.219994 fd83000 FrameBuffer.cpp:3790] Failed to find ColorBuffer:1673
E0414 16:57:49.219999 fd83000 FrameBuffer.cpp:3790] Failed to find ColorBuffer:1653
E0414 16:57:49.220003 fd83000 FrameBuffer.cpp:3790] Failed to find ColorBuffer:1655
E0414 16:57:49.220008 fd83000 FrameBuffer.cpp:3790] Failed to find ColorBuffer:1660
E0414 16:57:49.220012 fd83000 FrameBuffer.cpp:3790] Failed to find ColorBuffer:1657
E0414 16:57:49.220017 fd83000 FrameBuffer.cpp:3790] Failed to find ColorBuffer:1653
E0414 16:57:49.220020 fd83000 FrameBuffer.cpp:3790] Failed to find ColorBuffer:1661
E0414 16:57:49.220025 fd83000 FrameBuffer.cpp:3790] Failed to find ColorBuffer:1655
E0414 16:57:49.220030 fd83000 FrameBuffer.cpp:3790] Failed to find ColorBuffer:1657
E0414 16:57:49.220034 fd83000 FrameBuffer.cpp:3790] Failed to find ColorBuffer:1662
E0414 16:57:49.220038 fd83000 FrameBuffer.cpp:3790] Failed to find ColorBuffer:1653
E0414 16:57:49.220043 fd83000 FrameBuffer.cpp:3790] Failed to find ColorBuffer:1674
E0414 16:57:49.220048 fd83000 FrameBuffer.cpp:3790] Failed to find ColorBuffer:1675
E0414 16:57:49.220053 fd83000 FrameBuffer.cpp:3790] Failed to find ColorBuffer:1676
E0414 16:57:49.220057 fd83000 FrameBuffer.cpp:3790] Failed to find ColorBuffer:1655
E0414 16:57:49.220062 fd83000 FrameBuffer.cpp:3790] Failed to find ColorBuffer:1663
E0414 16:57:49.220067 fd83000 FrameBuffer.cpp:3790] Failed to find ColorBuffer:1664
E0414 16:57:49.220072 fd83000 FrameBuffer.cpp:3790] Failed to find ColorBuffer:1665
E0414 16:57:49.220077 fd83000 FrameBuffer.cpp:3790] Failed to find ColorBuffer:1666
E0414 16:57:49.220082 fd83000 FrameBuffer.cpp:3790] Failed to find ColorBuffer:1667
E0414 16:57:49.220087 fd83000 FrameBuffer.cpp:3790] Failed to find ColorBuffer:1657
E0414 16:57:49.220091 fd83000 FrameBuffer.cpp:3790] Failed to find ColorBuffer:1668
E0414 16:57:49.220097 fd83000 FrameBuffer.cpp:3790] Failed to find ColorBuffer:1669
E0414 16:57:49.220102 fd83000 FrameBuffer.cpp:3790] Failed to find ColorBuffer:1670
E0414 16:57:49.220107 fd83000 FrameBuffer.cpp:3790] Failed to find ColorBuffer:1658
E0414 16:57:49.220111 fd83000 FrameBuffer.cpp:3790] Failed to find ColorBuffer:1653
E0414 16:57:49.220115 fd83000 FrameBuffer.cpp:3790] Failed to find ColorBuffer:1671
E0414 16:57:49.220120 fd83000 FrameBuffer.cpp:3790] Failed to find ColorBuffer:1672
E0414 16:57:49.220125 fd83000 FrameBuffer.cpp:3790] Failed to find ColorBuffer:1659
E0414 16:57:49.220129 fd83000 FrameBuffer.cpp:3790] Failed to find ColorBuffer:1673
E0414 16:57:49.220134 fd83000 FrameBuffer.cpp:3790] Failed to find ColorBuffer:1660
E0414 16:57:49.220138 fd83000 FrameBuffer.cpp:3790] Failed to find ColorBuffer:1661
E0414 16:57:49.220142 fd83000 FrameBuffer.cpp:3790] Failed to find ColorBuffer:1662
E0414 16:57:49.220146 fd83000 FrameBuffer.cpp:3790] Failed to find ColorBuffer:1655
E0414 16:57:49.220150 fd83000 FrameBuffer.cpp:3790] Failed to find ColorBuffer:1674
E0414 16:57:49.220154 fd83000 FrameBuffer.cpp:3790] Failed to find ColorBuffer:1675
E0414 16:57:49.220158 fd83000 FrameBuffer.cpp:3790] Failed to find ColorBuffer:1676
E0414 16:57:49.220162 fd83000 FrameBuffer.cpp:3790] Failed to find ColorBuffer:1663
E0414 16:57:49.220165 fd83000 FrameBuffer.cpp:3790] Failed to find ColorBuffer:1664
E0414 16:57:49.220169 fd83000 FrameBuffer.cpp:3790] Failed to find ColorBuffer:1665
E0414 16:57:49.220173 fd83000 FrameBuffer.cpp:3790] Failed to find ColorBuffer:1657
E0414 16:57:49.220177 fd83000 FrameBuffer.cpp:3790] Failed to find ColorBuffer:1666
E0414 16:57:49.220181 fd83000 FrameBuffer.cpp:3790] Failed to find ColorBuffer:1653
E0414 16:57:49.220185 fd83000 FrameBuffer.cpp:3790] Failed to find ColorBuffer:1655
E0414 16:57:49.220189 fd83000 FrameBuffer.cpp:3790] Failed to find ColorBuffer:1667
E0414 16:57:49.220193 fd83000 FrameBuffer.cpp:3790] Failed to find ColorBuffer:1657
E0414 16:57:49.220209 fd83000 FrameBuffer.cpp:3790] Failed to find ColorBuffer:1653
E0414 16:57:49.220214 fd83000 FrameBuffer.cpp:3790] Failed to find ColorBuffer:1668
E0414 16:57:49.220218 fd83000 FrameBuffer.cpp:3790] Failed to find ColorBuffer:1655
E0414 16:57:49.220222 fd83000 FrameBuffer.cpp:3790] Failed to find ColorBuffer:1657
E0414 16:57:49.220226 fd83000 FrameBuffer.cpp:3790] Failed to find ColorBuffer:1669
E0414 16:57:49.220230 fd83000 FrameBuffer.cpp:3790] Failed to find ColorBuffer:1653
E0414 16:57:49.220234 fd83000 FrameBuffer.cpp:3790] Failed to find ColorBuffer:1655
E0414 16:57:49.220238 fd83000 FrameBuffer.cpp:3790] Failed to find ColorBuffer:1670
E0414 16:57:49.220242 fd83000 FrameBuffer.cpp:3790] Failed to find ColorBuffer:1657
E0414 16:57:49.220246 fd83000 FrameBuffer.cpp:3790] Failed to find ColorBuffer:1653
E0414 16:57:49.220250 fd83000 FrameBuffer.cpp:3790] Failed to find ColorBuffer:1658
E0414 16:57:49.220253 fd83000 FrameBuffer.cpp:3790] Failed to find ColorBuffer:1655
E0414 16:57:49.220257 fd83000 FrameBuffer.cpp:3790] Failed to find ColorBuffer:1657
E0414 16:57:49.220261 fd83000 FrameBuffer.cpp:3790] Failed to find ColorBuffer:1671
E0414 16:57:49.220265 fd83000 FrameBuffer.cpp:3790] Failed to find ColorBuffer:1653
E0414 16:57:49.220269 fd83000 FrameBuffer.cpp:3790] Failed to find ColorBuffer:1655
E0414 16:57:49.220273 fd83000 FrameBuffer.cpp:3790] Failed to find ColorBuffer:1672
E0414 16:57:49.220277 fd83000 FrameBuffer.cpp:3790] Failed to find ColorBuffer:1657
E0414 16:57:49.220281 fd83000 FrameBuffer.cpp:3790] Failed to find ColorBuffer:1653
E0414 16:57:49.220285 fd83000 FrameBuffer.cpp:3790] Failed to find ColorBuffer:1659
E0414 16:57:49.220289 fd83000 FrameBuffer.cpp:3790] Failed to find ColorBuffer:1655
E0414 16:57:49.220292 fd83000 FrameBuffer.cpp:3790] Failed to find ColorBuffer:1673
E0414 16:57:49.220296 fd83000 FrameBuffer.cpp:3790] Failed to find ColorBuffer:1660
E0414 16:57:49.220300 fd83000 FrameBuffer.cpp:3790] Failed to find ColorBuffer:1661
E0414 16:57:49.220304 fd83000 FrameBuffer.cpp:3790] Failed to find ColorBuffer:1662
E0414 16:57:49.220308 fd83000 FrameBuffer.cpp:3790] Failed to find ColorBuffer:1674
E0414 16:57:49.220312 fd83000 FrameBuffer.cpp:3790] Failed to find ColorBuffer:1675
E0414 16:57:49.220315 fd83000 FrameBuffer.cpp:3790] Failed to find ColorBuffer:1676
E0414 16:57:49.220319 fd83000 FrameBuffer.cpp:3790] Failed to find ColorBuffer:1663
E0414 16:57:49.220323 fd83000 FrameBuffer.cpp:3790] Failed to find ColorBuffer:1664
E0414 16:57:49.220327 fd83000 FrameBuffer.cpp:3790] Failed to find ColorBuffer:1665
E0414 16:57:49.220331 fd83000 FrameBuffer.cpp:3790] Failed to find ColorBuffer:1666
E0414 16:57:49.220335 fd83000 FrameBuffer.cpp:3790] Failed to find ColorBuffer:1667
E0414 16:57:49.220339 fd83000 FrameBuffer.cpp:3790] Failed to find ColorBuffer:1668
E0414 16:57:49.220343 fd83000 FrameBuffer.cpp:3790] Failed to find ColorBuffer:1669
E0414 16:57:49.220346 fd83000 FrameBuffer.cpp:3790] Failed to find ColorBuffer:1670
E0414 16:57:49.220350 fd83000 FrameBuffer.cpp:3790] Failed to find ColorBuffer:1657
E0414 16:57:49.220354 fd83000 FrameBuffer.cpp:3790] Failed to find ColorBuffer:1658
E0414 16:57:49.220358 fd83000 FrameBuffer.cpp:3790] Failed to find ColorBuffer:1671
E0414 16:57:49.220362 fd83000 FrameBuffer.cpp:3790] Failed to find ColorBuffer:1672
E0414 16:57:49.220366 fd83000 FrameBuffer.cpp:3790] Failed to find ColorBuffer:1659
E0414 16:57:49.220370 fd83000 FrameBuffer.cpp:3790] Failed to find ColorBuffer:1673
E0414 16:57:49.220374 fd83000 FrameBuffer.cpp:3790] Failed to find ColorBuffer:1660
E0414 16:57:49.220378 fd83000 FrameBuffer.cpp:3790] Failed to find ColorBuffer:1653
E0414 16:57:49.220382 fd83000 FrameBuffer.cpp:3790] Failed to find ColorBuffer:1661
E0414 16:57:49.220386 fd83000 FrameBuffer.cpp:3790] Failed to find ColorBuffer:1662
E0414 16:57:49.220390 fd83000 FrameBuffer.cpp:3790] Failed to find ColorBuffer:1674
E0414 16:57:49.220394 fd83000 FrameBuffer.cpp:3790] Failed to find ColorBuffer:1675
E0414 16:57:49.220436 fd83000 FrameBuffer.cpp:3790] Failed to find ColorBuffer:1676
E0414 16:57:49.220441 fd83000 FrameBuffer.cpp:3790] Failed to find ColorBuffer:1663
E0414 16:57:49.220445 fd83000 FrameBuffer.cpp:3790] Failed to find ColorBuffer:1655
E0414 16:57:49.220449 fd83000 FrameBuffer.cpp:3790] Failed to find ColorBuffer:1664
E0414 16:57:49.220453 fd83000 FrameBuffer.cpp:3790] Failed to find ColorBuffer:1665
E0414 16:57:49.220456 fd83000 FrameBuffer.cpp:3790] Failed to find ColorBuffer:1666
E0414 16:57:49.220461 fd83000 FrameBuffer.cpp:3790] Failed to find ColorBuffer:1667
E0414 16:57:49.220464 fd83000 FrameBuffer.cpp:3790] Failed to find ColorBuffer:1668
E0414 16:57:49.220468 fd83000 FrameBuffer.cpp:3790] Failed to find ColorBuffer:1669
E0414 16:57:49.220472 fd83000 FrameBuffer.cpp:3790] Failed to find ColorBuffer:1657
E0414 16:57:49.220476 fd83000 FrameBuffer.cpp:3790] Failed to find ColorBuffer:1670
E0414 16:57:49.220480 fd83000 FrameBuffer.cpp:3790] Failed to find ColorBuffer:1658
E0414 16:57:49.220484 fd83000 FrameBuffer.cpp:3790] Failed to find ColorBuffer:1671
E0414 16:57:49.220488 fd83000 FrameBuffer.cpp:3790] Failed to find ColorBuffer:1672
E0414 16:57:49.220492 fd83000 FrameBuffer.cpp:3790] Failed to find ColorBuffer:1659
E0414 16:57:49.220496 fd83000 FrameBuffer.cpp:3790] Failed to find ColorBuffer:1673
E0414 16:57:49.220500 fd83000 FrameBuffer.cpp:3790] Failed to find ColorBuffer:1653
E0414 16:57:49.220504 fd83000 FrameBuffer.cpp:3790] Failed to find ColorBuffer:1660
E0414 16:57:49.220508 fd83000 FrameBuffer.cpp:3790] Failed to find ColorBuffer:1661
E0414 16:57:49.220512 fd83000 FrameBuffer.cpp:3790] Failed to find ColorBuffer:1662
E0414 16:57:49.220516 fd83000 FrameBuffer.cpp:3790] Failed to find ColorBuffer:1674
E0414 16:57:49.220520 fd83000 FrameBuffer.cpp:3790] Failed to find ColorBuffer:1675
E0414 16:57:49.220524 fd83000 FrameBuffer.cpp:3790] Failed to find ColorBuffer:1676
E0414 16:57:49.220528 fd83000 FrameBuffer.cpp:3790] Failed to find ColorBuffer:1655
E0414 16:57:49.220532 fd83000 FrameBuffer.cpp:3790] Failed to find ColorBuffer:1663
E0414 16:57:49.220536 fd83000 FrameBuffer.cpp:3790] Failed to find ColorBuffer:1664
E0414 16:57:49.220540 fd83000 FrameBuffer.cpp:3790] Failed to find ColorBuffer:1665
E0414 16:57:49.220544 fd83000 FrameBuffer.cpp:3790] Failed to find ColorBuffer:1666
E0414 16:57:49.220548 fd83000 FrameBuffer.cpp:3790] Failed to find ColorBuffer:1667
E0414 16:57:49.220552 fd83000 FrameBuffer.cpp:3790] Failed to find ColorBuffer:1668
E0414 16:57:49.220556 fd83000 FrameBuffer.cpp:3790] Failed to find ColorBuffer:1657
E0414 16:57:49.220560 fd83000 FrameBuffer.cpp:3790] Failed to find ColorBuffer:1669
E0414 16:57:49.220564 fd83000 FrameBuffer.cpp:3790] Failed to find ColorBuffer:1670
E0414 16:57:49.220568 fd83000 FrameBuffer.cpp:3790] Failed to find ColorBuffer:1653
E0414 16:57:49.220572 fd83000 FrameBuffer.cpp:3790] Failed to find ColorBuffer:1658
E0414 16:57:49.220576 fd83000 FrameBuffer.cpp:3790] Failed to find ColorBuffer:1671
E0414 16:57:49.220579 fd83000 FrameBuffer.cpp:3790] Failed to find ColorBuffer:1672
E0414 16:57:49.220583 fd83000 FrameBuffer.cpp:3790] Failed to find ColorBuffer:1655
E0414 16:57:49.220588 fd83000 FrameBuffer.cpp:3790] Failed to find ColorBuffer:1659
E0414 16:57:49.220592 fd83000 FrameBuffer.cpp:3790] Failed to find ColorBuffer:1657
E0414 16:57:49.220596 fd83000 FrameBuffer.cpp:3790] Failed to find ColorBuffer:1653
E0414 16:57:49.220600 fd83000 FrameBuffer.cpp:3790] Failed to find ColorBuffer:1673
E0414 16:57:49.220604 fd83000 FrameBuffer.cpp:3790] Failed to find ColorBuffer:1655
E0414 16:57:49.220607 fd83000 FrameBuffer.cpp:3790] Failed to find ColorBuffer:1660
E0414 16:57:49.220611 fd83000 FrameBuffer.cpp:3790] Failed to find ColorBuffer:1657
E0414 16:57:49.220615 fd83000 FrameBuffer.cpp:3790] Failed to find ColorBuffer:1661
E0414 16:57:49.220619 fd83000 FrameBuffer.cpp:3790] Failed to find ColorBuffer:1653
E0414 16:57:49.220623 fd83000 FrameBuffer.cpp:3790] Failed to find ColorBuffer:1655
E0414 16:57:49.220627 fd83000 FrameBuffer.cpp:3790] Failed to find ColorBuffer:1662
E0414 16:57:49.220696 fd83000 FrameBuffer.cpp:3790] Failed to find ColorBuffer:1657
E0414 16:57:49.220700 fd83000 FrameBuffer.cpp:3790] Failed to find ColorBuffer:1653
E0414 16:57:49.220704 fd83000 FrameBuffer.cpp:3790] Failed to find ColorBuffer:1674
E0414 16:57:49.220708 fd83000 FrameBuffer.cpp:3790] Failed to find ColorBuffer:1655
E0414 16:57:49.220712 fd83000 FrameBuffer.cpp:3790] Failed to find ColorBuffer:1675
E0414 16:57:49.220716 fd83000 FrameBuffer.cpp:3790] Failed to find ColorBuffer:1657
E0414 16:57:49.220720 fd83000 FrameBuffer.cpp:3790] Failed to find ColorBuffer:1653
E0414 16:57:49.220724 fd83000 FrameBuffer.cpp:3790] Failed to find ColorBuffer:1676
E0414 16:57:49.220728 fd83000 FrameBuffer.cpp:3790] Failed to find ColorBuffer:1655
E0414 16:57:49.220732 fd83000 FrameBuffer.cpp:3790] Failed to find ColorBuffer:1663
E0414 16:57:49.220736 fd83000 FrameBuffer.cpp:3790] Failed to find ColorBuffer:1657
E0414 16:57:49.220739 fd83000 FrameBuffer.cpp:3790] Failed to find ColorBuffer:1664
E0414 16:57:49.220743 fd83000 FrameBuffer.cpp:3790] Failed to find ColorBuffer:1653
E0414 16:57:49.220747 fd83000 FrameBuffer.cpp:3790] Failed to find ColorBuffer:1665
E0414 16:57:49.220751 fd83000 FrameBuffer.cpp:3790] Failed to find ColorBuffer:1666
E0414 16:57:49.220755 fd83000 FrameBuffer.cpp:3790] Failed to find ColorBuffer:1655
E0414 16:57:49.220759 fd83000 FrameBuffer.cpp:3790] Failed to find ColorBuffer:1667
E0414 16:57:49.220762 fd83000 FrameBuffer.cpp:3790] Failed to find ColorBuffer:1657
E0414 16:57:49.220766 fd83000 FrameBuffer.cpp:3790] Failed to find ColorBuffer:1668
E0414 16:57:49.220770 fd83000 FrameBuffer.cpp:3790] Failed to find ColorBuffer:1653
E0414 16:57:49.220774 fd83000 FrameBuffer.cpp:3790] Failed to find ColorBuffer:1669
E0414 16:57:49.220778 fd83000 FrameBuffer.cpp:3790] Failed to find ColorBuffer:1670
E0414 16:57:49.220782 fd83000 FrameBuffer.cpp:3790] Failed to find ColorBuffer:1655
E0414 16:57:49.220786 fd83000 FrameBuffer.cpp:3790] Failed to find ColorBuffer:1657
E0414 16:57:49.220790 fd83000 FrameBuffer.cpp:3790] Failed to find ColorBuffer:1658
E0414 16:57:49.220794 fd83000 FrameBuffer.cpp:3790] Failed to find ColorBuffer:1653
E0414 16:57:49.220798 fd83000 FrameBuffer.cpp:3790] Failed to find ColorBuffer:1671
E0414 16:57:49.220802 fd83000 FrameBuffer.cpp:3790] Failed to find ColorBuffer:1655
E0414 16:57:49.220806 fd83000 FrameBuffer.cpp:3790] Failed to find ColorBuffer:1657
E0414 16:57:49.220810 fd83000 FrameBuffer.cpp:3790] Failed to find ColorBuffer:1672
E0414 16:57:49.220814 fd83000 FrameBuffer.cpp:3790] Failed to find ColorBuffer:1653
E0414 16:57:49.220818 fd83000 FrameBuffer.cpp:3790] Failed to find ColorBuffer:1659
E0414 16:57:49.220822 fd83000 FrameBuffer.cpp:3790] Failed to find ColorBuffer:1655
E0414 16:57:49.220825 fd83000 FrameBuffer.cpp:3790] Failed to find ColorBuffer:1673
E0414 16:57:49.220829 fd83000 FrameBuffer.cpp:3790] Failed to find ColorBuffer:1660
E0414 16:57:49.220833 fd83000 FrameBuffer.cpp:3790] Failed to find ColorBuffer:1661
E0414 16:57:49.220837 fd83000 FrameBuffer.cpp:3790] Failed to find ColorBuffer:1657
E0414 16:57:49.220841 fd83000 FrameBuffer.cpp:3790] Failed to find ColorBuffer:1662
E0414 16:57:49.220845 fd83000 FrameBuffer.cpp:3790] Failed to find ColorBuffer:1674
E0414 16:57:49.220849 fd83000 FrameBuffer.cpp:3790] Failed to find ColorBuffer:1653
E0414 16:57:49.220853 fd83000 FrameBuffer.cpp:3790] Failed to find ColorBuffer:1675
E0414 16:57:49.220857 fd83000 FrameBuffer.cpp:3790] Failed to find ColorBuffer:1655
E0414 16:57:49.220861 fd83000 FrameBuffer.cpp:3790] Failed to find ColorBuffer:1657
E0414 16:57:49.220864 fd83000 FrameBuffer.cpp:3790] Failed to find ColorBuffer:1676
E0414 16:57:49.220868 fd83000 FrameBuffer.cpp:3790] Failed to find ColorBuffer:1653
E0414 16:57:49.220872 fd83000 FrameBuffer.cpp:3790] Failed to find ColorBuffer:1663
E0414 16:57:49.220876 fd83000 FrameBuffer.cpp:3790] Failed to find ColorBuffer:1655
E0414 16:57:49.220880 fd83000 FrameBuffer.cpp:3790] Failed to find ColorBuffer:1664
E0414 16:57:49.220884 fd83000 FrameBuffer.cpp:3790] Failed to find ColorBuffer:1663
E0414 16:57:49.220902 fd83000 FrameBuffer.cpp:3790] Failed to find ColorBuffer:1657
E0414 16:57:49.220906 fd83000 FrameBuffer.cpp:3790] Failed to find ColorBuffer:1669
E0414 16:57:49.220910 fd83000 FrameBuffer.cpp:3790] Failed to find ColorBuffer:1673
E0414 16:57:49.220914 fd83000 FrameBuffer.cpp:3790] Failed to find ColorBuffer:1660
E0414 16:57:49.220918 fd83000 FrameBuffer.cpp:3790] Failed to find ColorBuffer:1668
E0414 16:57:49.220921 fd83000 FrameBuffer.cpp:3790] Failed to find ColorBuffer:1670
E0414 16:57:49.220925 fd83000 FrameBuffer.cpp:3790] Failed to find ColorBuffer:1653
E0414 16:57:49.220929 fd83000 FrameBuffer.cpp:3790] Failed to find ColorBuffer:1658
E0414 16:57:49.220933 fd83000 FrameBuffer.cpp:3790] Failed to find ColorBuffer:1671
E0414 16:57:49.220937 fd83000 FrameBuffer.cpp:3790] Failed to find ColorBuffer:1672
E0414 16:57:49.220941 fd83000 FrameBuffer.cpp:3790] Failed to find ColorBuffer:1661
E0414 16:57:49.220945 fd83000 FrameBuffer.cpp:3790] Failed to find ColorBuffer:1662
E0414 16:57:49.220949 fd83000 FrameBuffer.cpp:3790] Failed to find ColorBuffer:1674
E0414 16:57:49.220953 fd83000 FrameBuffer.cpp:3790] Failed to find ColorBuffer:1675
E0414 16:57:49.220957 fd83000 FrameBuffer.cpp:3790] Failed to find ColorBuffer:1655
E0414 16:57:49.220961 fd83000 FrameBuffer.cpp:3790] Failed to find ColorBuffer:1665
E0414 16:57:49.220964 fd83000 FrameBuffer.cpp:3790] Failed to find ColorBuffer:1666
E0414 16:57:49.220968 fd83000 FrameBuffer.cpp:3790] Failed to find ColorBuffer:1667
E0414 16:57:49.220972 fd83000 FrameBuffer.cpp:3790] Failed to find ColorBuffer:1659
E0414 16:57:49.220976 fd83000 FrameBuffer.cpp:3790] Failed to find ColorBuffer:1676
E0414 16:57:49.220980 fd83000 FrameBuffer.cpp:3790] Failed to find ColorBuffer:1657
E0414 16:57:49.220984 fd83000 FrameBuffer.cpp:3790] Failed to find ColorBuffer:1664
E0414 16:57:49.220988 fd83000 FrameBuffer.cpp:3790] Failed to find ColorBuffer:1663
E0414 16:57:49.220992 fd83000 FrameBuffer.cpp:3790] Failed to find ColorBuffer:1669
E0414 16:57:49.220996 fd83000 FrameBuffer.cpp:3790] Failed to find ColorBuffer:1673
E0414 16:57:49.220999 fd83000 FrameBuffer.cpp:3790] Failed to find ColorBuffer:1660
E0414 16:57:49.221003 fd83000 FrameBuffer.cpp:3790] Failed to find ColorBuffer:1668
E0414 16:57:49.221007 fd83000 FrameBuffer.cpp:3790] Failed to find ColorBuffer:1653
E0414 16:57:49.221011 fd83000 FrameBuffer.cpp:3790] Failed to find ColorBuffer:1670
E0414 16:57:49.221015 fd83000 FrameBuffer.cpp:3790] Failed to find ColorBuffer:1658
E0414 16:57:49.221019 fd83000 FrameBuffer.cpp:3790] Failed to find ColorBuffer:1671
E0414 16:57:49.221023 fd83000 FrameBuffer.cpp:3790] Failed to find ColorBuffer:1672
E0414 16:57:49.221027 fd83000 FrameBuffer.cpp:3790] Failed to find ColorBuffer:1661
E0414 16:57:49.221031 fd83000 FrameBuffer.cpp:3790] Failed to find ColorBuffer:1662
E0414 16:57:49.221035 fd83000 FrameBuffer.cpp:3790] Failed to find ColorBuffer:1655
E0414 16:57:49.221038 fd83000 FrameBuffer.cpp:3790] Failed to find ColorBuffer:1674
E0414 16:57:49.221042 fd83000 FrameBuffer.cpp:3790] Failed to find ColorBuffer:1675
E0414 16:57:49.221046 fd83000 FrameBuffer.cpp:3790] Failed to find ColorBuffer:1665
E0414 16:57:49.221050 fd83000 FrameBuffer.cpp:3790] Failed to find ColorBuffer:1666
E0414 16:57:49.221054 fd83000 FrameBuffer.cpp:3790] Failed to find ColorBuffer:1667
E0414 16:57:49.221058 fd83000 FrameBuffer.cpp:3790] Failed to find ColorBuffer:1659
E0414 16:57:49.221062 fd83000 FrameBuffer.cpp:3790] Failed to find ColorBuffer:1657
E0414 16:57:49.221066 fd83000 FrameBuffer.cpp:3790] Failed to find ColorBuffer:1676
E0414 16:57:49.221070 fd83000 FrameBuffer.cpp:3790] Failed to find ColorBuffer:1664
E0414 16:57:49.221074 fd83000 FrameBuffer.cpp:3790] Failed to find ColorBuffer:1663
E0414 16:57:49.221077 fd83000 FrameBuffer.cpp:3790] Failed to find ColorBuffer:1669
E0414 16:57:49.221081 fd83000 FrameBuffer.cpp:3790] Failed to find ColorBuffer:1673
E0414 16:57:49.221085 fd83000 FrameBuffer.cpp:3790] Failed to find ColorBuffer:1660
E0414 16:57:49.221089 fd83000 FrameBuffer.cpp:3790] Failed to find ColorBuffer:1653
E0414 16:57:49.221128 fd83000 FrameBuffer.cpp:3790] Failed to find ColorBuffer:1668
E0414 16:57:49.221132 fd83000 FrameBuffer.cpp:3790] Failed to find ColorBuffer:1670
E0414 16:57:49.221138 fd83000 FrameBuffer.cpp:3790] Failed to find ColorBuffer:1658
E0414 16:57:49.221143 fd83000 FrameBuffer.cpp:3790] Failed to find ColorBuffer:1671
E0414 16:57:49.221148 fd83000 FrameBuffer.cpp:3790] Failed to find ColorBuffer:1672
E0414 16:57:49.221153 fd83000 FrameBuffer.cpp:3790] Failed to find ColorBuffer:1661
E0414 16:57:49.221158 fd83000 FrameBuffer.cpp:3790] Failed to find ColorBuffer:1662
E0414 16:57:49.221163 fd83000 FrameBuffer.cpp:3790] Failed to find ColorBuffer:1655
E0414 16:57:49.221168 fd83000 FrameBuffer.cpp:3790] Failed to find ColorBuffer:1674
E0414 16:57:49.221172 fd83000 FrameBuffer.cpp:3790] Failed to find ColorBuffer:1675
E0414 16:57:49.221178 fd83000 FrameBuffer.cpp:3790] Failed to find ColorBuffer:1665
E0414 16:57:49.221183 fd83000 FrameBuffer.cpp:3790] Failed to find ColorBuffer:1666
E0414 16:57:49.221188 fd83000 FrameBuffer.cpp:3790] Failed to find ColorBuffer:1667
E0414 16:57:49.221193 fd83000 FrameBuffer.cpp:3790] Failed to find ColorBuffer:1657
E0414 16:57:49.221197 fd83000 FrameBuffer.cpp:3790] Failed to find ColorBuffer:1659
E0414 16:57:49.221202 fd83000 FrameBuffer.cpp:3790] Failed to find ColorBuffer:1676
E0414 16:57:49.221207 fd83000 FrameBuffer.cpp:3790] Failed to find ColorBuffer:1664
E0414 16:57:49.221212 fd83000 FrameBuffer.cpp:3790] Failed to find ColorBuffer:1663
E0414 16:57:49.221217 fd83000 FrameBuffer.cpp:3790] Failed to find ColorBuffer:1669
E0414 16:57:49.221222 fd83000 FrameBuffer.cpp:3790] Failed to find ColorBuffer:1673
E0414 16:57:49.221227 fd83000 FrameBuffer.cpp:3790] Failed to find ColorBuffer:1653
E0414 16:57:49.221231 fd83000 FrameBuffer.cpp:3790] Failed to find ColorBuffer:1660
E0414 16:57:49.221237 fd83000 FrameBuffer.cpp:3790] Failed to find ColorBuffer:1668
E0414 16:57:49.221242 fd83000 FrameBuffer.cpp:3790] Failed to find ColorBuffer:1670
E0414 16:57:49.221247 fd83000 FrameBuffer.cpp:3790] Failed to find ColorBuffer:1658
E0414 16:57:49.221252 fd83000 FrameBuffer.cpp:3790] Failed to find ColorBuffer:1671
E0414 16:57:49.221256 fd83000 FrameBuffer.cpp:3790] Failed to find ColorBuffer:1672
E0414 16:57:49.221261 fd83000 FrameBuffer.cpp:3790] Failed to find ColorBuffer:1661
E0414 16:57:49.221266 fd83000 FrameBuffer.cpp:3790] Failed to find ColorBuffer:1655
E0414 16:57:49.221270 fd83000 FrameBuffer.cpp:3790] Failed to find ColorBuffer:1662
E0414 16:57:49.221275 fd83000 FrameBuffer.cpp:3790] Failed to find ColorBuffer:1674
E0414 16:57:49.221280 fd83000 FrameBuffer.cpp:3790] Failed to find ColorBuffer:1675
E0414 16:57:49.221285 fd83000 FrameBuffer.cpp:3790] Failed to find ColorBuffer:1665
E0414 16:57:49.221290 fd83000 FrameBuffer.cpp:3790] Failed to find ColorBuffer:1666
E0414 16:57:49.221294 fd83000 FrameBuffer.cpp:3790] Failed to find ColorBuffer:1667
E0414 16:57:49.221299 fd83000 FrameBuffer.cpp:3790] Failed to find ColorBuffer:1657
E0414 16:57:49.221303 fd83000 FrameBuffer.cpp:3790] Failed to find ColorBuffer:1659
E0414 16:57:49.221308 fd83000 FrameBuffer.cpp:3790] Failed to find ColorBuffer:1676
E0414 16:57:49.221312 fd83000 FrameBuffer.cpp:3790] Failed to find ColorBuffer:1664
E0414 16:57:49.221316 fd83000 FrameBuffer.cpp:3790] Failed to find ColorBuffer:1669
E0414 16:57:49.221320 fd83000 FrameBuffer.cpp:3790] Failed to find ColorBuffer:1653
E0414 16:57:49.221324 fd83000 FrameBuffer.cpp:3790] Failed to find ColorBuffer:1673
E0414 16:57:49.221328 fd83000 FrameBuffer.cpp:3790] Failed to find ColorBuffer:1660
E0414 16:57:49.221332 fd83000 FrameBuffer.cpp:3790] Failed to find ColorBuffer:1668
E0414 16:57:49.221336 fd83000 FrameBuffer.cpp:3790] Failed to find ColorBuffer:1670
E0414 16:57:49.221339 fd83000 FrameBuffer.cpp:3790] Failed to find ColorBuffer:1658
E0414 16:57:49.221343 fd83000 FrameBuffer.cpp:3790] Failed to find ColorBuffer:1671
E0414 16:57:49.221347 fd83000 FrameBuffer.cpp:3790] Failed to find ColorBuffer:1672
E0414 16:57:49.221351 fd83000 FrameBuffer.cpp:3790] Failed to find ColorBuffer:1655
E0414 16:57:49.221362 fd83000 FrameBuffer.cpp:3790] Failed to find ColorBuffer:1661
E0414 16:57:49.221366 fd83000 FrameBuffer.cpp:3790] Failed to find ColorBuffer:1662
E0414 16:57:49.221370 fd83000 FrameBuffer.cpp:3790] Failed to find ColorBuffer:1674
E0414 16:57:49.221374 fd83000 FrameBuffer.cpp:3790] Failed to find ColorBuffer:1675
E0414 16:57:49.221378 fd83000 FrameBuffer.cpp:3790] Failed to find ColorBuffer:1665
E0414 16:57:49.221382 fd83000 FrameBuffer.cpp:3790] Failed to find ColorBuffer:1666
E0414 16:57:49.221385 fd83000 FrameBuffer.cpp:3790] Failed to find ColorBuffer:1657
E0414 16:57:49.221389 fd83000 FrameBuffer.cpp:3790] Failed to find ColorBuffer:1667
E0414 16:57:49.221393 fd83000 FrameBuffer.cpp:3790] Failed to find ColorBuffer:1659
E0414 16:57:49.221397 fd83000 FrameBuffer.cpp:3790] Failed to find ColorBuffer:1676
E0414 16:57:49.221401 fd83000 FrameBuffer.cpp:3790] Failed to find ColorBuffer:1663
E0414 16:57:49.221404 fd83000 FrameBuffer.cpp:3790] Failed to find ColorBuffer:1664
E0414 16:57:49.221408 fd83000 FrameBuffer.cpp:3790] Failed to find ColorBuffer:1669
E0414 16:57:49.221412 fd83000 FrameBuffer.cpp:3790] Failed to find ColorBuffer:1653
E0414 16:57:49.221416 fd83000 FrameBuffer.cpp:3790] Failed to find ColorBuffer:1673
E0414 16:57:49.221420 fd83000 FrameBuffer.cpp:3790] Failed to find ColorBuffer:1660
E0414 16:57:49.221424 fd83000 FrameBuffer.cpp:3790] Failed to find ColorBuffer:1668
E0414 16:57:49.221427 fd83000 FrameBuffer.cpp:3790] Failed to find ColorBuffer:1670
E0414 16:57:49.221431 fd83000 FrameBuffer.cpp:3790] Failed to find ColorBuffer:1658
E0414 16:57:49.221435 fd83000 FrameBuffer.cpp:3790] Failed to find ColorBuffer:1671
E0414 16:57:49.221439 fd83000 FrameBuffer.cpp:3790] Failed to find ColorBuffer:1655
E0414 16:57:49.221443 fd83000 FrameBuffer.cpp:3790] Failed to find ColorBuffer:1672
E0414 16:57:49.221446 fd83000 FrameBuffer.cpp:3790] Failed to find ColorBuffer:1661
E0414 16:57:49.221450 fd83000 FrameBuffer.cpp:3790] Failed to find ColorBuffer:1662
E0414 16:57:49.221454 fd83000 FrameBuffer.cpp:3790] Failed to find ColorBuffer:1674
E0414 16:57:49.221458 fd83000 FrameBuffer.cpp:3790] Failed to find ColorBuffer:1675
E0414 16:57:49.221461 fd83000 FrameBuffer.cpp:3790] Failed to find ColorBuffer:1665
E0414 16:57:49.221465 fd83000 FrameBuffer.cpp:3790] Failed to find ColorBuffer:1657
E0414 16:57:49.221469 fd83000 FrameBuffer.cpp:3790] Failed to find ColorBuffer:1666
E0414 16:57:49.221473 fd83000 FrameBuffer.cpp:3790] Failed to find ColorBuffer:1667
E0414 16:57:49.221477 fd83000 FrameBuffer.cpp:3790] Failed to find ColorBuffer:1659
E0414 16:57:49.221481 fd83000 FrameBuffer.cpp:3790] Failed to find ColorBuffer:1676
E0414 16:57:49.221484 fd83000 FrameBuffer.cpp:3790] Failed to find ColorBuffer:1663
E0414 16:57:49.221488 fd83000 FrameBuffer.cpp:3790] Failed to find ColorBuffer:1664
E0414 16:57:49.221492 fd83000 FrameBuffer.cpp:3790] Failed to find ColorBuffer:1653
E0414 16:57:49.221496 fd83000 FrameBuffer.cpp:3790] Failed to find ColorBuffer:1669
E0414 16:57:49.221499 fd83000 FrameBuffer.cpp:3790] Failed to find ColorBuffer:1673
E0414 16:57:49.221503 fd83000 FrameBuffer.cpp:3790] Failed to find ColorBuffer:1660
E0414 16:57:49.221507 fd83000 FrameBuffer.cpp:3790] Failed to find ColorBuffer:1668
E0414 16:57:49.221511 fd83000 FrameBuffer.cpp:3790] Failed to find ColorBuffer:1670
E0414 16:57:49.221515 fd83000 FrameBuffer.cpp:3790] Failed to find ColorBuffer:1658
E0414 16:57:49.221519 fd83000 FrameBuffer.cpp:3790] Failed to find ColorBuffer:1655
E0414 16:57:49.221522 fd83000 FrameBuffer.cpp:3790] Failed to find ColorBuffer:1671
E0414 16:57:49.221526 fd83000 FrameBuffer.cpp:3790] Failed to find ColorBuffer:1672
E0414 16:57:49.221530 fd83000 FrameBuffer.cpp:3790] Failed to find ColorBuffer:1661
E0414 16:57:49.221534 fd83000 FrameBuffer.cpp:3790] Failed to find ColorBuffer:1662
E0414 16:57:49.221538 fd83000 FrameBuffer.cpp:3790] Failed to find ColorBuffer:1674
E0414 16:57:49.221542 fd83000 FrameBuffer.cpp:3790] Failed to find ColorBuffer:1675
E0414 16:57:49.221552 fd83000 FrameBuffer.cpp:3790] Failed to find ColorBuffer:1657
E0414 16:57:49.221556 fd83000 FrameBuffer.cpp:3790] Failed to find ColorBuffer:1665
E0414 16:57:49.221560 fd83000 FrameBuffer.cpp:3790] Failed to find ColorBuffer:1666
E0414 16:57:49.221564 fd83000 FrameBuffer.cpp:3790] Failed to find ColorBuffer:1667
E0414 16:57:49.221568 fd83000 FrameBuffer.cpp:3790] Failed to find ColorBuffer:1659
E0414 16:57:49.221572 fd83000 FrameBuffer.cpp:3790] Failed to find ColorBuffer:1676
E0414 16:57:49.221576 fd83000 FrameBuffer.cpp:3790] Failed to find ColorBuffer:1663
E0414 16:57:49.221580 fd83000 FrameBuffer.cpp:3790] Failed to find ColorBuffer:1664
E0414 16:57:49.221583 fd83000 FrameBuffer.cpp:3790] Failed to find ColorBuffer:1653
E0414 16:57:49.221587 fd83000 FrameBuffer.cpp:3790] Failed to find ColorBuffer:1660
E0414 16:57:49.221591 fd83000 FrameBuffer.cpp:3790] Failed to find ColorBuffer:1668
E0414 16:57:49.221595 fd83000 FrameBuffer.cpp:3790] Failed to find ColorBuffer:1670
E0414 16:57:49.221599 fd83000 FrameBuffer.cpp:3790] Failed to find ColorBuffer:1655
E0414 16:57:49.221602 fd83000 FrameBuffer.cpp:3790] Failed to find ColorBuffer:1658
E0414 16:57:49.221606 fd83000 FrameBuffer.cpp:3790] Failed to find ColorBuffer:1671
E0414 16:57:49.221610 fd83000 FrameBuffer.cpp:3790] Failed to find ColorBuffer:1672
E0414 16:57:49.221614 fd83000 FrameBuffer.cpp:3790] Failed to find ColorBuffer:1661
E0414 16:57:49.221617 fd83000 FrameBuffer.cpp:3790] Failed to find ColorBuffer:1662
E0414 16:57:49.221621 fd83000 FrameBuffer.cpp:3790] Failed to find ColorBuffer:1674
E0414 16:57:49.221625 fd83000 FrameBuffer.cpp:3790] Failed to find ColorBuffer:1657
E0414 16:57:49.221629 fd83000 FrameBuffer.cpp:3790] Failed to find ColorBuffer:1675
E0414 16:57:49.221633 fd83000 FrameBuffer.cpp:3790] Failed to find ColorBuffer:1665
E0414 16:57:49.221636 fd83000 FrameBuffer.cpp:3790] Failed to find ColorBuffer:1666
E0414 16:57:49.221640 fd83000 FrameBuffer.cpp:3790] Failed to find ColorBuffer:1653
E0414 16:57:49.221644 fd83000 FrameBuffer.cpp:3790] Failed to find ColorBuffer:1667
E0414 16:57:49.221648 fd83000 FrameBuffer.cpp:3790] Failed to find ColorBuffer:1659
E0414 16:57:49.221652 fd83000 FrameBuffer.cpp:3790] Failed to find ColorBuffer:1676
E0414 16:57:49.221656 fd83000 FrameBuffer.cpp:3790] Failed to find ColorBuffer:1663
E0414 16:57:49.221660 fd83000 FrameBuffer.cpp:3790] Failed to find ColorBuffer:1673
E0414 16:57:49.221663 fd83000 FrameBuffer.cpp:3790] Failed to find ColorBuffer:1669
E0414 16:57:49.221667 fd83000 FrameBuffer.cpp:3790] Failed to find ColorBuffer:1664
E0414 16:57:49.221671 fd83000 FrameBuffer.cpp:3790] Failed to find ColorBuffer:1660
E0414 16:57:49.221675 fd83000 FrameBuffer.cpp:3790] Failed to find ColorBuffer:1668
E0414 16:57:49.221679 fd83000 FrameBuffer.cpp:3790] Failed to find ColorBuffer:1670
E0414 16:57:49.221683 fd83000 FrameBuffer.cpp:3790] Failed to find ColorBuffer:1658
E0414 16:57:49.221686 fd83000 FrameBuffer.cpp:3790] Failed to find ColorBuffer:1671
E0414 16:57:49.221690 fd83000 FrameBuffer.cpp:3790] Failed to find ColorBuffer:1672
E0414 16:57:49.221694 fd83000 FrameBuffer.cpp:3790] Failed to find ColorBuffer:1661
E0414 16:57:49.221698 fd83000 FrameBuffer.cpp:3790] Failed to find ColorBuffer:1662
E0414 16:57:49.221702 fd83000 FrameBuffer.cpp:3790] Failed to find ColorBuffer:1674
E0414 16:57:49.221706 fd83000 FrameBuffer.cpp:3790] Failed to find ColorBuffer:1675
E0414 16:57:49.221710 fd83000 FrameBuffer.cpp:3790] Failed to find ColorBuffer:1665
E0414 16:57:49.221713 fd83000 FrameBuffer.cpp:3790] Failed to find ColorBuffer:1666
E0414 16:57:49.221717 fd83000 FrameBuffer.cpp:3790] Failed to find ColorBuffer:1667
E0414 16:57:49.221721 fd83000 FrameBuffer.cpp:3790] Failed to find ColorBuffer:1659
E0414 16:57:49.221725 fd83000 FrameBuffer.cpp:3790] Failed to find ColorBuffer:1676
E0414 16:57:49.221729 fd83000 FrameBuffer.cpp:3790] Failed to find ColorBuffer:1663
E0414 16:57:49.221732 fd83000 FrameBuffer.cpp:3790] Failed to find ColorBuffer:1673
E0414 16:57:49.221736 fd83000 FrameBuffer.cpp:3790] Failed to find ColorBuffer:1669
E0414 16:57:49.221775 fd83000 FrameBuffer.cpp:3790] Failed to find ColorBuffer:1664
E0414 16:57:49.221779 fd83000 FrameBuffer.cpp:3790] Failed to find ColorBuffer:1660
E0414 16:57:49.221783 fd83000 FrameBuffer.cpp:3790] Failed to find ColorBuffer:1668
E0414 16:57:49.221787 fd83000 FrameBuffer.cpp:3790] Failed to find ColorBuffer:1670
E0414 16:57:49.221791 fd83000 FrameBuffer.cpp:3790] Failed to find ColorBuffer:1658
E0414 16:57:49.221794 fd83000 FrameBuffer.cpp:3790] Failed to find ColorBuffer:1671
E0414 16:57:49.221798 fd83000 FrameBuffer.cpp:3790] Failed to find ColorBuffer:1672
E0414 16:57:49.221802 fd83000 FrameBuffer.cpp:3790] Failed to find ColorBuffer:1661
E0414 16:57:49.221806 fd83000 FrameBuffer.cpp:3790] Failed to find ColorBuffer:1662
E0414 16:57:49.221810 fd83000 FrameBuffer.cpp:3790] Failed to find ColorBuffer:1674
E0414 16:57:49.221814 fd83000 FrameBuffer.cpp:3790] Failed to find ColorBuffer:1675
E0414 16:57:49.221818 fd83000 FrameBuffer.cpp:3790] Failed to find ColorBuffer:1665
E0414 16:57:49.221822 fd83000 FrameBuffer.cpp:3790] Failed to find ColorBuffer:1666
E0414 16:57:49.221826 fd83000 FrameBuffer.cpp:3790] Failed to find ColorBuffer:1667
E0414 16:57:49.221830 fd83000 FrameBuffer.cpp:3790] Failed to find ColorBuffer:1659
E0414 16:57:49.221833 fd83000 FrameBuffer.cpp:3790] Failed to find ColorBuffer:1676
E0414 16:57:49.221837 fd83000 FrameBuffer.cpp:3790] Failed to find ColorBuffer:1663
E0414 16:57:49.221841 fd83000 FrameBuffer.cpp:3790] Failed to find ColorBuffer:1673
E0414 16:57:49.221845 fd83000 FrameBuffer.cpp:3790] Failed to find ColorBuffer:1669
E0414 16:57:49.221849 fd83000 FrameBuffer.cpp:3790] Failed to find ColorBuffer:1664
E0414 16:57:49.221853 fd83000 FrameBuffer.cpp:3790] Failed to find ColorBuffer:1660
E0414 16:57:49.221857 fd83000 FrameBuffer.cpp:3790] Failed to find ColorBuffer:1668
E0414 16:57:49.221861 fd83000 FrameBuffer.cpp:3790] Failed to find ColorBuffer:1670
E0414 16:57:49.221865 fd83000 FrameBuffer.cpp:3790] Failed to find ColorBuffer:1658
E0414 16:57:49.221869 fd83000 FrameBuffer.cpp:3790] Failed to find ColorBuffer:1671
E0414 16:57:49.221873 fd83000 FrameBuffer.cpp:3790] Failed to find ColorBuffer:1672
E0414 16:57:49.221877 fd83000 FrameBuffer.cpp:3790] Failed to find ColorBuffer:1661
E0414 16:57:49.221880 fd83000 FrameBuffer.cpp:3790] Failed to find ColorBuffer:1662
E0414 16:57:49.221884 fd83000 FrameBuffer.cpp:3790] Failed to find ColorBuffer:1674
E0414 16:57:49.221888 fd83000 FrameBuffer.cpp:3790] Failed to find ColorBuffer:1675
E0414 16:57:49.221892 fd83000 FrameBuffer.cpp:3790] Failed to find ColorBuffer:1665
E0414 16:57:49.221896 fd83000 FrameBuffer.cpp:3790] Failed to find ColorBuffer:1666
E0414 16:57:49.221900 fd83000 FrameBuffer.cpp:3790] Failed to find ColorBuffer:1667
E0414 16:57:49.221903 fd83000 FrameBuffer.cpp:3790] Failed to find ColorBuffer:1659
E0414 16:57:49.221907 fd83000 FrameBuffer.cpp:3790] Failed to find ColorBuffer:1676
E0414 16:57:49.221911 fd83000 FrameBuffer.cpp:3790] Failed to find ColorBuffer:1663
E0414 16:57:49.221915 fd83000 FrameBuffer.cpp:3790] Failed to find ColorBuffer:1673
E0414 16:57:49.221919 fd83000 FrameBuffer.cpp:3790] Failed to find ColorBuffer:1669
E0414 16:57:49.221923 fd83000 FrameBuffer.cpp:3790] Failed to find ColorBuffer:1664
E0414 16:57:49.221926 fd83000 FrameBuffer.cpp:3790] Failed to find ColorBuffer:1660
E0414 16:57:49.221930 fd83000 FrameBuffer.cpp:3790] Failed to find ColorBuffer:1668
E0414 16:57:49.221934 fd83000 FrameBuffer.cpp:3790] Failed to find ColorBuffer:1670
E0414 16:57:49.221938 fd83000 FrameBuffer.cpp:3790] Failed to find ColorBuffer:1658
E0414 16:57:49.221942 fd83000 FrameBuffer.cpp:3790] Failed to find ColorBuffer:1671
E0414 16:57:49.221946 fd83000 FrameBuffer.cpp:3790] Failed to find ColorBuffer:1672
E0414 16:57:49.221950 fd83000 FrameBuffer.cpp:3790] Failed to find ColorBuffer:1661
E0414 16:57:49.221954 fd83000 FrameBuffer.cpp:3790] Failed to find ColorBuffer:1662
E0414 16:57:49.221958 fd83000 FrameBuffer.cpp:3790] Failed to find ColorBuffer:1674
E0414 16:57:49.221962 fd83000 FrameBuffer.cpp:3790] Failed to find ColorBuffer:1675
E0414 16:57:49.221973 fd83000 FrameBuffer.cpp:3790] Failed to find ColorBuffer:1665
E0414 16:57:49.221977 fd83000 FrameBuffer.cpp:3790] Failed to find ColorBuffer:1666
E0414 16:57:49.221982 fd83000 FrameBuffer.cpp:3790] Failed to find ColorBuffer:1667
E0414 16:57:49.221991 fd83000 FrameBuffer.cpp:3790] Failed to find ColorBuffer:1659
E0414 16:57:49.221996 fd83000 FrameBuffer.cpp:3790] Failed to find ColorBuffer:1676
E0414 16:57:49.222001 fd83000 FrameBuffer.cpp:3790] Failed to find ColorBuffer:1663
E0414 16:57:49.222006 fd83000 FrameBuffer.cpp:3790] Failed to find ColorBuffer:1673
E0414 16:57:49.222011 fd83000 FrameBuffer.cpp:3790] Failed to find ColorBuffer:1669
E0414 16:57:49.222016 fd83000 FrameBuffer.cpp:3790] Failed to find ColorBuffer:1664
E0414 16:57:49.222021 fd83000 FrameBuffer.cpp:3790] Failed to find ColorBuffer:1660
E0414 16:57:49.222026 fd83000 FrameBuffer.cpp:3790] Failed to find ColorBuffer:1668
E0414 16:57:49.222031 fd83000 FrameBuffer.cpp:3790] Failed to find ColorBuffer:1670
E0414 16:57:49.222036 fd83000 FrameBuffer.cpp:3790] Failed to find ColorBuffer:1658
E0414 16:57:49.222040 fd83000 FrameBuffer.cpp:3790] Failed to find ColorBuffer:1671
E0414 16:57:49.222045 fd83000 FrameBuffer.cpp:3790] Failed to find ColorBuffer:1672
E0414 16:57:49.222050 fd83000 FrameBuffer.cpp:3790] Failed to find ColorBuffer:1661
E0414 16:57:49.222055 fd83000 FrameBuffer.cpp:3790] Failed to find ColorBuffer:1662
E0414 16:57:49.222060 fd83000 FrameBuffer.cpp:3790] Failed to find ColorBuffer:1674
E0414 16:57:49.222065 fd83000 FrameBuffer.cpp:3790] Failed to find ColorBuffer:1675
E0414 16:57:49.222069 fd83000 FrameBuffer.cpp:3790] Failed to find ColorBuffer:1665
E0414 16:57:49.222074 fd83000 FrameBuffer.cpp:3790] Failed to find ColorBuffer:1666
E0414 16:57:49.222079 fd83000 FrameBuffer.cpp:3790] Failed to find ColorBuffer:1667
E0414 16:57:49.222084 fd83000 FrameBuffer.cpp:3790] Failed to find ColorBuffer:1659
E0414 16:57:49.222089 fd83000 FrameBuffer.cpp:3790] Failed to find ColorBuffer:1676
E0414 16:57:49.222093 fd83000 FrameBuffer.cpp:3790] Failed to find ColorBuffer:1663
E0414 16:57:49.222097 fd83000 FrameBuffer.cpp:3790] Failed to find ColorBuffer:1673
E0414 16:57:49.222101 fd83000 FrameBuffer.cpp:3790] Failed to find ColorBuffer:1669
E0414 16:57:49.222106 fd83000 FrameBuffer.cpp:3790] Failed to find ColorBuffer:1664
E0414 16:57:49.222111 fd83000 FrameBuffer.cpp:3790] Failed to find ColorBuffer:1660
E0414 16:57:49.222116 fd83000 FrameBuffer.cpp:3790] Failed to find ColorBuffer:1668
E0414 16:57:49.222121 fd83000 FrameBuffer.cpp:3790] Failed to find ColorBuffer:1670
E0414 16:57:49.222125 fd83000 FrameBuffer.cpp:3790] Failed to find ColorBuffer:1658
E0414 16:57:49.222129 fd83000 FrameBuffer.cpp:3790] Failed to find ColorBuffer:1671
E0414 16:57:49.222133 fd83000 FrameBuffer.cpp:3790] Failed to find ColorBuffer:1672
E0414 16:57:49.222137 fd83000 FrameBuffer.cpp:3790] Failed to find ColorBuffer:1661
E0414 16:57:49.222141 fd83000 FrameBuffer.cpp:3790] Failed to find ColorBuffer:1662
E0414 16:57:49.222173 fd83000 FrameBuffer.cpp:3790] Failed to find ColorBuffer:1674
E0414 16:57:49.222238 fd83000 FrameBuffer.cpp:3790] Failed to find ColorBuffer:1675
E0414 16:57:49.222249 fd83000 FrameBuffer.cpp:3790] Failed to find ColorBuffer:1665
E0414 16:57:49.222253 fd83000 FrameBuffer.cpp:3790] Failed to find ColorBuffer:1666
E0414 16:57:49.222257 fd83000 FrameBuffer.cpp:3790] Failed to find ColorBuffer:1667
E0414 16:57:49.222261 fd83000 FrameBuffer.cpp:3790] Failed to find ColorBuffer:1659
E0414 16:57:49.222265 fd83000 FrameBuffer.cpp:3790] Failed to find ColorBuffer:1676
E0414 16:57:49.222269 fd83000 FrameBuffer.cpp:3790] Failed to find ColorBuffer:1663
E0414 16:57:49.222272 fd83000 FrameBuffer.cpp:3790] Failed to find ColorBuffer:1673
E0414 16:57:49.222276 fd83000 FrameBuffer.cpp:3790] Failed to find ColorBuffer:1669
E0414 16:57:49.222280 fd83000 FrameBuffer.cpp:3790] Failed to find ColorBuffer:1664
E0414 16:57:49.222284 fd83000 FrameBuffer.cpp:3790] Failed to find ColorBuffer:1660
E0414 16:57:49.222288 fd83000 FrameBuffer.cpp:3790] Failed to find ColorBuffer:1668
E0414 16:57:49.222301 fd83000 FrameBuffer.cpp:3790] Failed to find ColorBuffer:1670
E0414 16:57:49.222305 fd83000 FrameBuffer.cpp:3790] Failed to find ColorBuffer:1658
E0414 16:57:49.222309 fd83000 FrameBuffer.cpp:3790] Failed to find ColorBuffer:1671
E0414 16:57:49.222313 fd83000 FrameBuffer.cpp:3790] Failed to find ColorBuffer:1672
E0414 16:57:49.222317 fd83000 FrameBuffer.cpp:3790] Failed to find ColorBuffer:1661
E0414 16:57:49.222321 fd83000 FrameBuffer.cpp:3790] Failed to find ColorBuffer:1662
E0414 16:57:49.222324 fd83000 FrameBuffer.cpp:3790] Failed to find ColorBuffer:1674
E0414 16:57:49.222328 fd83000 FrameBuffer.cpp:3790] Failed to find ColorBuffer:1675
E0414 16:57:49.222332 fd83000 FrameBuffer.cpp:3790] Failed to find ColorBuffer:1665
E0414 16:57:49.222336 fd83000 FrameBuffer.cpp:3790] Failed to find ColorBuffer:1666
E0414 16:57:49.222340 fd83000 FrameBuffer.cpp:3790] Failed to find ColorBuffer:1667
E0414 16:57:49.222344 fd83000 FrameBuffer.cpp:3790] Failed to find ColorBuffer:1659
E0414 16:57:49.222348 fd83000 FrameBuffer.cpp:3790] Failed to find ColorBuffer:1676
E0414 16:57:49.222351 fd83000 FrameBuffer.cpp:3790] Failed to find ColorBuffer:1663
E0414 16:57:49.222369 fd83000 FrameBuffer.cpp:3790] Failed to find ColorBuffer:1673
E0414 16:57:49.222396 fd83000 FrameBuffer.cpp:3790] Failed to find ColorBuffer:1669
E0414 16:57:49.222411 fd83000 FrameBuffer.cpp:3790] Failed to find ColorBuffer:1664
E0414 16:57:49.222437 fd83000 FrameBuffer.cpp:3790] Failed to find ColorBuffer:1660
E0414 16:57:49.222442 fd83000 FrameBuffer.cpp:3790] Failed to find ColorBuffer:1668
E0414 16:57:49.222446 fd83000 FrameBuffer.cpp:3790] Failed to find ColorBuffer:1670
E0414 16:57:49.222450 fd83000 FrameBuffer.cpp:3790] Failed to find ColorBuffer:1658
E0414 16:57:49.222454 fd83000 FrameBuffer.cpp:3790] Failed to find ColorBuffer:1671
E0414 16:57:49.222458 fd83000 FrameBuffer.cpp:3790] Failed to find ColorBuffer:1672
E0414 16:57:49.222462 fd83000 FrameBuffer.cpp:3790] Failed to find ColorBuffer:1661
E0414 16:57:49.222466 fd83000 FrameBuffer.cpp:3790] Failed to find ColorBuffer:1662
E0414 16:57:49.222469 fd83000 FrameBuffer.cpp:3790] Failed to find ColorBuffer:1674
E0414 16:57:49.222473 fd83000 FrameBuffer.cpp:3790] Failed to find ColorBuffer:1675
E0414 16:57:49.222477 fd83000 FrameBuffer.cpp:3790] Failed to find ColorBuffer:1665
E0414 16:57:49.222481 fd83000 FrameBuffer.cpp:3790] Failed to find ColorBuffer:1666
E0414 16:57:49.222485 fd83000 FrameBuffer.cpp:3790] Failed to find ColorBuffer:1667
E0414 16:57:49.222489 fd83000 FrameBuffer.cpp:3790] Failed to find ColorBuffer:1659
E0414 16:57:49.222492 fd83000 FrameBuffer.cpp:3790] Failed to find ColorBuffer:1676
E0414 16:57:49.222496 fd83000 FrameBuffer.cpp:3790] Failed to find ColorBuffer:1663
E0414 16:57:49.222500 fd83000 FrameBuffer.cpp:3790] Failed to find ColorBuffer:1673
E0414 16:57:49.222504 fd83000 FrameBuffer.cpp:3790] Failed to find ColorBuffer:1669
E0414 16:57:49.222508 fd83000 FrameBuffer.cpp:3790] Failed to find ColorBuffer:1664
E0414 16:57:49.222524 fd83000 FrameBuffer.cpp:3790] Failed to find ColorBuffer:1660
E0414 16:57:49.222557 fd83000 FrameBuffer.cpp:3790] Failed to find ColorBuffer:1668
E0414 16:57:49.222570 fd83000 FrameBuffer.cpp:3790] Failed to find ColorBuffer:1670
E0414 16:57:49.222575 fd83000 FrameBuffer.cpp:3790] Failed to find ColorBuffer:1658
E0414 16:57:49.222580 fd83000 FrameBuffer.cpp:3790] Failed to find ColorBuffer:1671
E0414 16:57:49.222584 fd83000 FrameBuffer.cpp:3790] Failed to find ColorBuffer:1672
E0414 16:57:49.222589 fd83000 FrameBuffer.cpp:3790] Failed to find ColorBuffer:1661
E0414 16:57:49.222593 fd83000 FrameBuffer.cpp:3790] Failed to find ColorBuffer:1662
E0414 16:57:49.222597 fd83000 FrameBuffer.cpp:3790] Failed to find ColorBuffer:1674
E0414 16:57:49.222602 fd83000 FrameBuffer.cpp:3790] Failed to find ColorBuffer:1675
E0414 16:57:49.222606 fd83000 FrameBuffer.cpp:3790] Failed to find ColorBuffer:1665
E0414 16:57:49.222610 fd83000 FrameBuffer.cpp:3790] Failed to find ColorBuffer:1666
E0414 16:57:49.222627 fd83000 FrameBuffer.cpp:3790] Failed to find ColorBuffer:1667
E0414 16:57:49.222632 fd83000 FrameBuffer.cpp:3790] Failed to find ColorBuffer:1659
E0414 16:57:49.222636 fd83000 FrameBuffer.cpp:3790] Failed to find ColorBuffer:1676
E0414 16:57:49.222640 fd83000 FrameBuffer.cpp:3790] Failed to find ColorBuffer:1663
E0414 16:57:49.222644 fd83000 FrameBuffer.cpp:3790] Failed to find ColorBuffer:1673
E0414 16:57:49.222648 fd83000 FrameBuffer.cpp:3790] Failed to find ColorBuffer:1669
E0414 16:57:49.222652 fd83000 FrameBuffer.cpp:3790] Failed to find ColorBuffer:1664
E0414 16:57:49.222656 fd83000 FrameBuffer.cpp:3790] Failed to find ColorBuffer:1660
E0414 16:57:49.222660 fd83000 FrameBuffer.cpp:3790] Failed to find ColorBuffer:1668
E0414 16:57:49.222664 fd83000 FrameBuffer.cpp:3790] Failed to find ColorBuffer:1670
E0414 16:57:49.222668 fd83000 FrameBuffer.cpp:3790] Failed to find ColorBuffer:1658
E0414 16:57:49.222672 fd83000 FrameBuffer.cpp:3790] Failed to find ColorBuffer:1671
E0414 16:57:49.222676 fd83000 FrameBuffer.cpp:3790] Failed to find ColorBuffer:1672
E0414 16:57:49.222688 fd83000 FrameBuffer.cpp:3790] Failed to find ColorBuffer:1661
E0414 16:57:49.222700 fd83000 FrameBuffer.cpp:3790] Failed to find ColorBuffer:1662
E0414 16:57:49.222706 fd83000 FrameBuffer.cpp:3790] Failed to find ColorBuffer:1674
E0414 16:57:49.222711 fd83000 FrameBuffer.cpp:3790] Failed to find ColorBuffer:1675
E0414 16:57:49.222716 fd83000 FrameBuffer.cpp:3790] Failed to find ColorBuffer:1665
E0414 16:57:49.222721 fd83000 FrameBuffer.cpp:3790] Failed to find ColorBuffer:1666
E0414 16:57:49.222726 fd83000 FrameBuffer.cpp:3790] Failed to find ColorBuffer:1667
E0414 16:57:49.222731 fd83000 FrameBuffer.cpp:3790] Failed to find ColorBuffer:1659
E0414 16:57:49.222735 fd83000 FrameBuffer.cpp:3790] Failed to find ColorBuffer:1676
E0414 16:57:49.222739 fd83000 FrameBuffer.cpp:3790] Failed to find ColorBuffer:1663
E0414 16:57:49.222743 fd83000 FrameBuffer.cpp:3790] Failed to find ColorBuffer:1673
E0414 16:57:49.222747 fd83000 FrameBuffer.cpp:3790] Failed to find ColorBuffer:1669
E0414 16:57:49.222751 fd83000 FrameBuffer.cpp:3790] Failed to find ColorBuffer:1664
E0414 16:57:49.222755 fd83000 FrameBuffer.cpp:3790] Failed to find ColorBuffer:1660
E0414 16:57:49.222760 fd83000 FrameBuffer.cpp:3790] Failed to find ColorBuffer:1668
E0414 16:57:49.222764 fd83000 FrameBuffer.cpp:3790] Failed to find ColorBuffer:1670
E0414 16:57:49.222768 fd83000 FrameBuffer.cpp:3790] Failed to find ColorBuffer:1658
E0414 16:57:49.222772 fd83000 FrameBuffer.cpp:3790] Failed to find ColorBuffer:1671
E0414 16:57:49.222776 fd83000 FrameBuffer.cpp:3790] Failed to find ColorBuffer:1672
E0414 16:57:49.222781 fd83000 FrameBuffer.cpp:3790] Failed to find ColorBuffer:1661
E0414 16:57:49.222784 fd83000 FrameBuffer.cpp:3790] Failed to find ColorBuffer:1662
E0414 16:57:49.222789 fd83000 FrameBuffer.cpp:3790] Failed to find ColorBuffer:1674
E0414 16:57:49.222792 fd83000 FrameBuffer.cpp:3790] Failed to find ColorBuffer:1675
E0414 16:57:49.222796 fd83000 FrameBuffer.cpp:3790] Failed to find ColorBuffer:1665
E0414 16:57:49.222801 fd83000 FrameBuffer.cpp:3790] Failed to find ColorBuffer:1666
E0414 16:57:49.222804 fd83000 FrameBuffer.cpp:3790] Failed to find ColorBuffer:1667
E0414 16:57:49.222809 fd83000 FrameBuffer.cpp:3790] Failed to find ColorBuffer:1659
E0414 16:57:49.222813 fd83000 FrameBuffer.cpp:3790] Failed to find ColorBuffer:1676
E0414 16:57:49.222817 fd83000 FrameBuffer.cpp:3790] Failed to find ColorBuffer:1663
E0414 16:57:49.222820 fd83000 FrameBuffer.cpp:3790] Failed to find ColorBuffer:1673
E0414 16:57:49.222824 fd83000 FrameBuffer.cpp:3790] Failed to find ColorBuffer:1669
E0414 16:57:49.222828 fd83000 FrameBuffer.cpp:3790] Failed to find ColorBuffer:1664
E0414 16:57:49.222832 fd83000 FrameBuffer.cpp:3790] Failed to find ColorBuffer:1660
E0414 16:57:49.222836 fd83000 FrameBuffer.cpp:3790] Failed to find ColorBuffer:1668
E0414 16:57:49.222840 fd83000 FrameBuffer.cpp:3790] Failed to find ColorBuffer:1670
E0414 16:57:49.222844 fd83000 FrameBuffer.cpp:3790] Failed to find ColorBuffer:1658
E0414 16:57:49.222870 fd83000 FrameBuffer.cpp:3790] Failed to find ColorBuffer:1671
E0414 16:57:49.222875 fd83000 FrameBuffer.cpp:3790] Failed to find ColorBuffer:1672
E0414 16:57:49.222879 fd83000 FrameBuffer.cpp:3790] Failed to find ColorBuffer:1661
E0414 16:57:49.222883 fd83000 FrameBuffer.cpp:3790] Failed to find ColorBuffer:1662
E0414 16:57:49.222887 fd83000 FrameBuffer.cpp:3790] Failed to find ColorBuffer:1674
E0414 16:57:49.222891 fd83000 FrameBuffer.cpp:3790] Failed to find ColorBuffer:1675
E0414 16:57:49.222895 fd83000 FrameBuffer.cpp:3790] Failed to find ColorBuffer:1665
E0414 16:57:49.222899 fd83000 FrameBuffer.cpp:3790] Failed to find ColorBuffer:1666
E0414 16:57:49.222903 fd83000 FrameBuffer.cpp:3790] Failed to find ColorBuffer:1667
E0414 16:57:49.222907 fd83000 FrameBuffer.cpp:3790] Failed to find ColorBuffer:1659
E0414 16:57:49.222911 fd83000 FrameBuffer.cpp:3790] Failed to find ColorBuffer:1676
E0414 16:57:49.222915 fd83000 FrameBuffer.cpp:3790] Failed to find ColorBuffer:1663
E0414 16:57:49.222919 fd83000 FrameBuffer.cpp:3790] Failed to find ColorBuffer:1673
E0414 16:57:49.222923 fd83000 FrameBuffer.cpp:3790] Failed to find ColorBuffer:1669
E0414 16:57:49.222927 fd83000 FrameBuffer.cpp:3790] Failed to find ColorBuffer:1664
E0414 16:57:49.222931 fd83000 FrameBuffer.cpp:3790] Failed to find ColorBuffer:1660
E0414 16:57:49.222935 fd83000 FrameBuffer.cpp:3790] Failed to find ColorBuffer:1668
E0414 16:57:49.222939 fd83000 FrameBuffer.cpp:3790] Failed to find ColorBuffer:1670
E0414 16:57:49.222943 fd83000 FrameBuffer.cpp:3790] Failed to find ColorBuffer:1658
E0414 16:57:49.222947 fd83000 FrameBuffer.cpp:3790] Failed to find ColorBuffer:1671
E0414 16:57:49.222952 fd83000 FrameBuffer.cpp:3790] Failed to find ColorBuffer:1672
E0414 16:57:49.222956 fd83000 FrameBuffer.cpp:3790] Failed to find ColorBuffer:1661
E0414 16:57:49.222960 fd83000 FrameBuffer.cpp:3790] Failed to find ColorBuffer:1662
E0414 16:57:49.222964 fd83000 FrameBuffer.cpp:3790] Failed to find ColorBuffer:1674
E0414 16:57:49.222968 fd83000 FrameBuffer.cpp:3790] Failed to find ColorBuffer:1675
E0414 16:57:49.222971 fd83000 FrameBuffer.cpp:3790] Failed to find ColorBuffer:1665
E0414 16:57:49.222976 fd83000 FrameBuffer.cpp:3790] Failed to find ColorBuffer:1666
E0414 16:57:49.222980 fd83000 FrameBuffer.cpp:3790] Failed to find ColorBuffer:1667
E0414 16:57:49.222984 fd83000 FrameBuffer.cpp:3790] Failed to find ColorBuffer:1659
E0414 16:57:49.222988 fd83000 FrameBuffer.cpp:3790] Failed to find ColorBuffer:1676
E0414 16:57:49.222992 fd83000 FrameBuffer.cpp:3790] Failed to find ColorBuffer:1663
E0414 16:57:49.222995 fd83000 FrameBuffer.cpp:3790] Failed to find ColorBuffer:1673
E0414 16:57:49.222999 fd83000 FrameBuffer.cpp:3790] Failed to find ColorBuffer:1669
E0414 16:57:49.223005 fd83000 FrameBuffer.cpp:3790] Failed to find ColorBuffer:1664
E0414 16:57:49.223011 fd83000 FrameBuffer.cpp:3790] Failed to find ColorBuffer:1660
E0414 16:57:49.223016 fd83000 FrameBuffer.cpp:3790] Failed to find ColorBuffer:1668
E0414 16:57:49.223022 fd83000 FrameBuffer.cpp:3790] Failed to find ColorBuffer:1670
E0414 16:57:49.223027 fd83000 FrameBuffer.cpp:3790] Failed to find ColorBuffer:1658
E0414 16:57:49.223032 fd83000 FrameBuffer.cpp:3790] Failed to find ColorBuffer:1671
E0414 16:57:49.223038 fd83000 FrameBuffer.cpp:3790] Failed to find ColorBuffer:1672
E0414 16:57:49.223043 fd83000 FrameBuffer.cpp:3790] Failed to find ColorBuffer:1661
E0414 16:57:49.223048 fd83000 FrameBuffer.cpp:3790] Failed to find ColorBuffer:1662
E0414 16:57:49.223053 fd83000 FrameBuffer.cpp:3790] Failed to find ColorBuffer:1674
E0414 16:57:49.223058 fd83000 FrameBuffer.cpp:3790] Failed to find ColorBuffer:1675
E0414 16:57:49.223063 fd83000 FrameBuffer.cpp:3790] Failed to find ColorBuffer:1665
E0414 16:57:49.223068 fd83000 FrameBuffer.cpp:3790] Failed to find ColorBuffer:1666
E0414 16:57:49.223072 fd83000 FrameBuffer.cpp:3790] Failed to find ColorBuffer:1667
E0414 16:57:49.223078 fd83000 FrameBuffer.cpp:3790] Failed to find ColorBuffer:1659
E0414 16:57:49.223083 fd83000 FrameBuffer.cpp:3790] Failed to find ColorBuffer:1676
E0414 16:57:49.223097 fd83000 FrameBuffer.cpp:3790] Failed to find ColorBuffer:1663
E0414 16:57:49.223103 fd83000 FrameBuffer.cpp:3790] Failed to find ColorBuffer:1673
E0414 16:57:49.223108 fd83000 FrameBuffer.cpp:3790] Failed to find ColorBuffer:1669
E0414 16:57:49.223113 fd83000 FrameBuffer.cpp:3790] Failed to find ColorBuffer:1664
E0414 16:57:49.223118 fd83000 FrameBuffer.cpp:3790] Failed to find ColorBuffer:1660
E0414 16:57:49.223123 fd83000 FrameBuffer.cpp:3790] Failed to find ColorBuffer:1668
E0414 16:57:49.223128 fd83000 FrameBuffer.cpp:3790] Failed to find ColorBuffer:1670
E0414 16:57:49.223133 fd83000 FrameBuffer.cpp:3790] Failed to find ColorBuffer:1658
E0414 16:57:49.223138 fd83000 FrameBuffer.cpp:3790] Failed to find ColorBuffer:1671
E0414 16:57:49.223143 fd83000 FrameBuffer.cpp:3790] Failed to find ColorBuffer:1672
E0414 16:57:49.223149 fd83000 FrameBuffer.cpp:3790] Failed to find ColorBuffer:1661
E0414 16:57:49.223153 fd83000 FrameBuffer.cpp:3790] Failed to find ColorBuffer:1662
E0414 16:57:49.223158 fd83000 FrameBuffer.cpp:3790] Failed to find ColorBuffer:1674
E0414 16:57:49.223163 fd83000 FrameBuffer.cpp:3790] Failed to find ColorBuffer:1675
E0414 16:57:49.223169 fd83000 FrameBuffer.cpp:3790] Failed to find ColorBuffer:1665
E0414 16:57:49.223173 fd83000 FrameBuffer.cpp:3790] Failed to find ColorBuffer:1666
E0414 16:57:49.223177 fd83000 FrameBuffer.cpp:3790] Failed to find ColorBuffer:1667
E0414 16:57:49.223181 fd83000 FrameBuffer.cpp:3790] Failed to find ColorBuffer:1659
E0414 16:57:49.223185 fd83000 FrameBuffer.cpp:3790] Failed to find ColorBuffer:1676
E0414 16:57:49.223189 fd83000 FrameBuffer.cpp:3790] Failed to find ColorBuffer:1663
E0414 16:57:49.223193 fd83000 FrameBuffer.cpp:3790] Failed to find ColorBuffer:1673
E0414 16:57:49.223197 fd83000 FrameBuffer.cpp:3790] Failed to find ColorBuffer:1669
E0414 16:57:49.223201 fd83000 FrameBuffer.cpp:3790] Failed to find ColorBuffer:1664
E0414 16:57:49.223205 fd83000 FrameBuffer.cpp:3790] Failed to find ColorBuffer:1660
E0414 16:57:49.223209 fd83000 FrameBuffer.cpp:3790] Failed to find ColorBuffer:1668
E0414 16:57:49.223213 fd83000 FrameBuffer.cpp:3790] Failed to find ColorBuffer:1670
E0414 16:57:49.223217 fd83000 FrameBuffer.cpp:3790] Failed to find ColorBuffer:1658
E0414 16:57:49.223221 fd83000 FrameBuffer.cpp:3790] Failed to find ColorBuffer:1671
E0414 16:57:49.223225 fd83000 FrameBuffer.cpp:3790] Failed to find ColorBuffer:1672
E0414 16:57:49.223229 fd83000 FrameBuffer.cpp:3790] Failed to find ColorBuffer:1661
E0414 16:57:49.223233 fd83000 FrameBuffer.cpp:3790] Failed to find ColorBuffer:1662
E0414 16:57:49.223237 fd83000 FrameBuffer.cpp:3790] Failed to find ColorBuffer:1674
E0414 16:57:49.223240 fd83000 FrameBuffer.cpp:3790] Failed to find ColorBuffer:1675
E0414 16:57:49.223244 fd83000 FrameBuffer.cpp:3790] Failed to find ColorBuffer:1665
E0414 16:57:49.223248 fd83000 FrameBuffer.cpp:3790] Failed to find ColorBuffer:1666
E0414 16:57:49.223252 fd83000 FrameBuffer.cpp:3790] Failed to find ColorBuffer:1667
E0414 16:57:49.223256 fd83000 FrameBuffer.cpp:3790] Failed to find ColorBuffer:1659
E0414 16:57:49.223260 fd83000 FrameBuffer.cpp:3790] Failed to find ColorBuffer:1676
E0414 16:57:49.223264 fd83000 FrameBuffer.cpp:3790] Failed to find ColorBuffer:1663
E0414 16:57:49.223267 fd83000 FrameBuffer.cpp:3790] Failed to find ColorBuffer:1673
E0414 16:57:49.223271 fd83000 FrameBuffer.cpp:3790] Failed to find ColorBuffer:1669
E0414 16:57:49.223275 fd83000 FrameBuffer.cpp:3790] Failed to find ColorBuffer:1664
E0414 16:57:49.223279 fd83000 FrameBuffer.cpp:3790] Failed to find ColorBuffer:1660
E0414 16:57:49.223283 fd83000 FrameBuffer.cpp:3790] Failed to find ColorBuffer:1668
E0414 16:57:49.223287 fd83000 FrameBuffer.cpp:3790] Failed to find ColorBuffer:1670
E0414 16:57:49.223291 fd83000 FrameBuffer.cpp:3790] Failed to find ColorBuffer:1658
E0414 16:57:49.223295 fd83000 FrameBuffer.cpp:3790] Failed to find ColorBuffer:1671
E0414 16:57:49.223299 fd83000 FrameBuffer.cpp:3790] Failed to find ColorBuffer:1672
E0414 16:57:49.223303 fd83000 FrameBuffer.cpp:3790] Failed to find ColorBuffer:1661
E0414 16:57:49.223323 fd83000 FrameBuffer.cpp:3790] Failed to find ColorBuffer:1662
E0414 16:57:49.223328 fd83000 FrameBuffer.cpp:3790] Failed to find ColorBuffer:1674
E0414 16:57:49.223332 fd83000 FrameBuffer.cpp:3790] Failed to find ColorBuffer:1675
E0414 16:57:49.223336 fd83000 FrameBuffer.cpp:3790] Failed to find ColorBuffer:1665
E0414 16:57:49.223340 fd83000 FrameBuffer.cpp:3790] Failed to find ColorBuffer:1666
E0414 16:57:49.223344 fd83000 FrameBuffer.cpp:3790] Failed to find ColorBuffer:1667
E0414 16:57:49.223348 fd83000 FrameBuffer.cpp:3790] Failed to find ColorBuffer:1659
E0414 16:57:49.223352 fd83000 FrameBuffer.cpp:3790] Failed to find ColorBuffer:1676
E0414 16:57:49.223356 fd83000 FrameBuffer.cpp:3790] Failed to find ColorBuffer:1663
E0414 16:57:49.223360 fd83000 FrameBuffer.cpp:3790] Failed to find ColorBuffer:1673
E0414 16:57:49.223364 fd83000 FrameBuffer.cpp:3790] Failed to find ColorBuffer:1669
E0414 16:57:49.223368 fd83000 FrameBuffer.cpp:3790] Failed to find ColorBuffer:1664
E0414 16:57:49.223371 fd83000 FrameBuffer.cpp:3790] Failed to find ColorBuffer:1660
E0414 16:57:49.223375 fd83000 FrameBuffer.cpp:3790] Failed to find ColorBuffer:1668
E0414 16:57:49.223379 fd83000 FrameBuffer.cpp:3790] Failed to find ColorBuffer:1670
E0414 16:57:49.223383 fd83000 FrameBuffer.cpp:3790] Failed to find ColorBuffer:1658
E0414 16:57:49.223387 fd83000 FrameBuffer.cpp:3790] Failed to find ColorBuffer:1671
E0414 16:57:49.223391 fd83000 FrameBuffer.cpp:3790] Failed to find ColorBuffer:1672
E0414 16:57:49.223395 fd83000 FrameBuffer.cpp:3790] Failed to find ColorBuffer:1661
E0414 16:57:49.223399 fd83000 FrameBuffer.cpp:3790] Failed to find ColorBuffer:1662
E0414 16:57:49.223403 fd83000 FrameBuffer.cpp:3790] Failed to find ColorBuffer:1674
E0414 16:57:49.223407 fd83000 FrameBuffer.cpp:3790] Failed to find ColorBuffer:1675
E0414 16:57:49.223411 fd83000 FrameBuffer.cpp:3790] Failed to find ColorBuffer:1665
E0414 16:57:49.223415 fd83000 FrameBuffer.cpp:3790] Failed to find ColorBuffer:1666
E0414 16:57:49.223419 fd83000 FrameBuffer.cpp:3790] Failed to find ColorBuffer:1667
E0414 16:57:49.223423 fd83000 FrameBuffer.cpp:3790] Failed to find ColorBuffer:1659
E0414 16:57:49.223426 fd83000 FrameBuffer.cpp:3790] Failed to find ColorBuffer:1676
E0414 16:57:49.223430 fd83000 FrameBuffer.cpp:3790] Failed to find ColorBuffer:1663
E0414 16:57:49.223434 fd83000 FrameBuffer.cpp:3790] Failed to find ColorBuffer:1673
E0414 16:57:49.223438 fd83000 FrameBuffer.cpp:3790] Failed to find ColorBuffer:1669
E0414 16:57:49.223442 fd83000 FrameBuffer.cpp:3790] Failed to find ColorBuffer:1664
E0414 16:57:49.223446 fd83000 FrameBuffer.cpp:3790] Failed to find ColorBuffer:1660
E0414 16:57:49.223450 fd83000 FrameBuffer.cpp:3790] Failed to find ColorBuffer:1668
E0414 16:57:49.223453 fd83000 FrameBuffer.cpp:3790] Failed to find ColorBuffer:1670
E0414 16:57:49.223457 fd83000 FrameBuffer.cpp:3790] Failed to find ColorBuffer:1658
E0414 16:57:49.223461 fd83000 FrameBuffer.cpp:3790] Failed to find ColorBuffer:1671
E0414 16:57:49.223465 fd83000 FrameBuffer.cpp:3790] Failed to find ColorBuffer:1672
E0414 16:57:49.223469 fd83000 FrameBuffer.cpp:3790] Failed to find ColorBuffer:1661
E0414 16:57:49.223473 fd83000 FrameBuffer.cpp:3790] Failed to find ColorBuffer:1662
E0414 16:57:49.223477 fd83000 FrameBuffer.cpp:3790] Failed to find ColorBuffer:1674
E0414 16:57:49.223481 fd83000 FrameBuffer.cpp:3790] Failed to find ColorBuffer:1675
E0414 16:57:49.223485 fd83000 FrameBuffer.cpp:3790] Failed to find ColorBuffer:1665
E0414 16:57:49.223489 fd83000 FrameBuffer.cpp:3790] Failed to find ColorBuffer:1666
E0414 16:57:49.223493 fd83000 FrameBuffer.cpp:3790] Failed to find ColorBuffer:1667
E0414 16:57:49.223497 fd83000 FrameBuffer.cpp:3790] Failed to find ColorBuffer:1659
E0414 16:57:49.223500 fd83000 FrameBuffer.cpp:3790] Failed to find ColorBuffer:1676
E0414 16:57:49.223504 fd83000 FrameBuffer.cpp:3790] Failed to find ColorBuffer:1663
E0414 16:57:49.223508 fd83000 FrameBuffer.cpp:3790] Failed to find ColorBuffer:1673
E0414 16:57:49.223521 fd83000 FrameBuffer.cpp:3790] Failed to find ColorBuffer:1669
E0414 16:57:49.223526 fd83000 FrameBuffer.cpp:3790] Failed to find ColorBuffer:1664
E0414 16:57:49.223529 fd83000 FrameBuffer.cpp:3790] Failed to find ColorBuffer:1660
E0414 16:57:49.223533 fd83000 FrameBuffer.cpp:3790] Failed to find ColorBuffer:1668
E0414 16:57:49.223537 fd83000 FrameBuffer.cpp:3790] Failed to find ColorBuffer:1670
E0414 16:57:49.223541 fd83000 FrameBuffer.cpp:3790] Failed to find ColorBuffer:1658
E0414 16:57:49.223545 fd83000 FrameBuffer.cpp:3790] Failed to find ColorBuffer:1671
E0414 16:57:49.223549 fd83000 FrameBuffer.cpp:3790] Failed to find ColorBuffer:1672
E0414 16:57:49.223553 fd83000 FrameBuffer.cpp:3790] Failed to find ColorBuffer:1661
E0414 16:57:49.223557 fd83000 FrameBuffer.cpp:3790] Failed to find ColorBuffer:1662
E0414 16:57:49.223561 fd83000 FrameBuffer.cpp:3790] Failed to find ColorBuffer:1674
E0414 16:57:49.223565 fd83000 FrameBuffer.cpp:3790] Failed to find ColorBuffer:1675
E0414 16:57:49.223569 fd83000 FrameBuffer.cpp:3790] Failed to find ColorBuffer:1665
E0414 16:57:49.223573 fd83000 FrameBuffer.cpp:3790] Failed to find ColorBuffer:1666
E0414 16:57:49.223577 fd83000 FrameBuffer.cpp:3790] Failed to find ColorBuffer:1667
E0414 16:57:49.223581 fd83000 FrameBuffer.cpp:3790] Failed to find ColorBuffer:1659
E0414 16:57:49.223585 fd83000 FrameBuffer.cpp:3790] Failed to find ColorBuffer:1676
E0414 16:57:49.223589 fd83000 FrameBuffer.cpp:3790] Failed to find ColorBuffer:1663
E0414 16:57:49.223593 fd83000 FrameBuffer.cpp:3790] Failed to find ColorBuffer:1673
E0414 16:57:49.223597 fd83000 FrameBuffer.cpp:3790] Failed to find ColorBuffer:1669
E0414 16:57:49.223601 fd83000 FrameBuffer.cpp:3790] Failed to find ColorBuffer:1664
E0414 16:57:49.223605 fd83000 FrameBuffer.cpp:3790] Failed to find ColorBuffer:1660
E0414 16:57:49.223609 fd83000 FrameBuffer.cpp:3790] Failed to find ColorBuffer:1668
E0414 16:57:49.223613 fd83000 FrameBuffer.cpp:3790] Failed to find ColorBuffer:1670
E0414 16:57:49.223617 fd83000 FrameBuffer.cpp:3790] Failed to find ColorBuffer:1658
E0414 16:57:49.223621 fd83000 FrameBuffer.cpp:3790] Failed to find ColorBuffer:1671
E0414 16:57:49.223625 fd83000 FrameBuffer.cpp:3790] Failed to find ColorBuffer:1672
E0414 16:57:49.223629 fd83000 FrameBuffer.cpp:3790] Failed to find ColorBuffer:1661
E0414 16:57:49.223633 fd83000 FrameBuffer.cpp:3790] Failed to find ColorBuffer:1662
E0414 16:57:49.223637 fd83000 FrameBuffer.cpp:3790] Failed to find ColorBuffer:1674
E0414 16:57:49.223641 fd83000 FrameBuffer.cpp:3790] Failed to find ColorBuffer:1675
E0414 16:57:49.223645 fd83000 FrameBuffer.cpp:3790] Failed to find ColorBuffer:1665
E0414 16:57:49.223649 fd83000 FrameBuffer.cpp:3790] Failed to find ColorBuffer:1666
E0414 16:57:49.223653 fd83000 FrameBuffer.cpp:3790] Failed to find ColorBuffer:1667
E0414 16:57:49.223657 fd83000 FrameBuffer.cpp:3790] Failed to find ColorBuffer:1659
E0414 16:57:49.223660 fd83000 FrameBuffer.cpp:3790] Failed to find ColorBuffer:1676
E0414 16:57:49.223664 fd83000 FrameBuffer.cpp:3790] Failed to find ColorBuffer:1663
E0414 16:57:49.223668 fd83000 FrameBuffer.cpp:3790] Failed to find ColorBuffer:1673
E0414 16:57:49.223672 fd83000 FrameBuffer.cpp:3790] Failed to find ColorBuffer:1669
E0414 16:57:49.223676 fd83000 FrameBuffer.cpp:3790] Failed to find ColorBuffer:1664
E0414 16:57:49.223680 fd83000 FrameBuffer.cpp:3790] Failed to find ColorBuffer:1660
E0414 16:57:49.223684 fd83000 FrameBuffer.cpp:3790] Failed to find ColorBuffer:1668
E0414 16:57:49.223688 fd83000 FrameBuffer.cpp:3790] Failed to find ColorBuffer:1670
E0414 16:57:49.223692 fd83000 FrameBuffer.cpp:3790] Failed to find ColorBuffer:1658
E0414 16:57:49.223696 fd83000 FrameBuffer.cpp:3790] Failed to find ColorBuffer:1671
E0414 16:57:49.223700 fd83000 FrameBuffer.cpp:3790] Failed to find ColorBuffer:1672
E0414 16:57:49.223704 fd83000 FrameBuffer.cpp:3790] Failed to find ColorBuffer:1661
E0414 16:57:49.223708 fd83000 FrameBuffer.cpp:3790] Failed to find ColorBuffer:1662
E0414 16:57:49.223712 fd83000 FrameBuffer.cpp:3790] Failed to find ColorBuffer:1674
E0414 16:57:49.223746 fd83000 FrameBuffer.cpp:3790] Failed to find ColorBuffer:1675
E0414 16:57:49.223754 fd83000 FrameBuffer.cpp:3790] Failed to find ColorBuffer:1665
E0414 16:57:49.223758 fd83000 FrameBuffer.cpp:3790] Failed to find ColorBuffer:1666
E0414 16:57:49.223763 fd83000 FrameBuffer.cpp:3790] Failed to find ColorBuffer:1667
E0414 16:57:49.223767 fd83000 FrameBuffer.cpp:3790] Failed to find ColorBuffer:1659
E0414 16:57:49.223771 fd83000 FrameBuffer.cpp:3790] Failed to find ColorBuffer:1676
E0414 16:57:49.223775 fd83000 FrameBuffer.cpp:3790] Failed to find ColorBuffer:1663
E0414 16:57:49.223778 fd83000 FrameBuffer.cpp:3790] Failed to find ColorBuffer:1673
E0414 16:57:49.223782 fd83000 FrameBuffer.cpp:3790] Failed to find ColorBuffer:1669
E0414 16:57:49.223786 fd83000 FrameBuffer.cpp:3790] Failed to find ColorBuffer:1664
E0414 16:57:49.223790 fd83000 FrameBuffer.cpp:3790] Failed to find ColorBuffer:1660
E0414 16:57:49.223794 fd83000 FrameBuffer.cpp:3790] Failed to find ColorBuffer:1668
E0414 16:57:49.223798 fd83000 FrameBuffer.cpp:3790] Failed to find ColorBuffer:1670
E0414 16:57:49.223802 fd83000 FrameBuffer.cpp:3790] Failed to find ColorBuffer:1658
E0414 16:57:49.223806 fd83000 FrameBuffer.cpp:3790] Failed to find ColorBuffer:1671
E0414 16:57:49.223810 fd83000 FrameBuffer.cpp:3790] Failed to find ColorBuffer:1672
E0414 16:57:49.223814 fd83000 FrameBuffer.cpp:3790] Failed to find ColorBuffer:1661
E0414 16:57:49.223820 fd83000 FrameBuffer.cpp:3790] Failed to find ColorBuffer:1662
E0414 16:57:49.223853 fd83000 FrameBuffer.cpp:3790] Failed to find ColorBuffer:1674
E0414 16:57:49.223907 fd83000 FrameBuffer.cpp:3790] Failed to find ColorBuffer:1675
E0414 16:57:49.223958 fd83000 FrameBuffer.cpp:3790] Failed to find ColorBuffer:1665
E0414 16:57:49.224035 fd83000 FrameBuffer.cpp:3790] Failed to find ColorBuffer:1666
E0414 16:57:49.224049 fd83000 FrameBuffer.cpp:3790] Failed to find ColorBuffer:1667
E0414 16:57:49.224073 fd83000 FrameBuffer.cpp:3790] Failed to find ColorBuffer:1659
E0414 16:57:49.224138 fd83000 FrameBuffer.cpp:3790] Failed to find ColorBuffer:1676
E0414 16:57:49.224154 fd83000 FrameBuffer.cpp:3790] Failed to find ColorBuffer:1663
E0414 16:57:49.224159 fd83000 FrameBuffer.cpp:3790] Failed to find ColorBuffer:1673
E0414 16:57:49.224165 fd83000 FrameBuffer.cpp:3790] Failed to find ColorBuffer:1669
E0414 16:57:49.224169 fd83000 FrameBuffer.cpp:3790] Failed to find ColorBuffer:1664
E0414 16:57:49.224175 fd83000 FrameBuffer.cpp:3790] Failed to find ColorBuffer:1660
E0414 16:57:49.224179 fd83000 FrameBuffer.cpp:3790] Failed to find ColorBuffer:1668
E0414 16:57:49.224185 fd83000 FrameBuffer.cpp:3790] Failed to find ColorBuffer:1658
E0414 16:57:49.224224 fd83000 FrameBuffer.cpp:3790] Failed to find ColorBuffer:1671
E0414 16:57:49.224234 fd83000 FrameBuffer.cpp:3790] Failed to find ColorBuffer:1672
E0414 16:57:49.224239 fd83000 FrameBuffer.cpp:3790] Failed to find ColorBuffer:1661
E0414 16:57:49.224245 fd83000 FrameBuffer.cpp:3790] Failed to find ColorBuffer:1662
E0414 16:57:49.224250 fd83000 FrameBuffer.cpp:3790] Failed to find ColorBuffer:1674
E0414 16:57:49.224255 fd83000 FrameBuffer.cpp:3790] Failed to find ColorBuffer:1675
E0414 16:57:49.224261 fd83000 FrameBuffer.cpp:3790] Failed to find ColorBuffer:1665
E0414 16:57:49.224267 fd83000 FrameBuffer.cpp:3790] Failed to find ColorBuffer:1666
E0414 16:57:49.224272 fd83000 FrameBuffer.cpp:3790] Failed to find ColorBuffer:1667
E0414 16:57:49.224277 fd83000 FrameBuffer.cpp:3790] Failed to find ColorBuffer:1659
E0414 16:57:49.224283 fd83000 FrameBuffer.cpp:3790] Failed to find ColorBuffer:1676
E0414 16:57:49.224288 fd83000 FrameBuffer.cpp:3790] Failed to find ColorBuffer:1663
E0414 16:57:49.224294 fd83000 FrameBuffer.cpp:3790] Failed to find ColorBuffer:1673
E0414 16:57:49.224299 fd83000 FrameBuffer.cpp:3790] Failed to find ColorBuffer:1669
E0414 16:57:49.224304 fd83000 FrameBuffer.cpp:3790] Failed to find ColorBuffer:1664
E0414 16:57:49.224308 fd83000 FrameBuffer.cpp:3790] Failed to find ColorBuffer:1670
E0414 16:57:49.224312 fd83000 FrameBuffer.cpp:3790] Failed to find ColorBuffer:1660
E0414 16:57:49.224326 fd83000 FrameBuffer.cpp:3790] Failed to find ColorBuffer:1668
E0414 16:57:49.224331 fd83000 FrameBuffer.cpp:3790] Failed to find ColorBuffer:1658
E0414 16:57:49.224335 fd83000 FrameBuffer.cpp:3790] Failed to find ColorBuffer:1671
E0414 16:57:49.224339 fd83000 FrameBuffer.cpp:3790] Failed to find ColorBuffer:1672
E0414 16:57:49.224343 fd83000 FrameBuffer.cpp:3790] Failed to find ColorBuffer:1661
E0414 16:57:49.224347 fd83000 FrameBuffer.cpp:3790] Failed to find ColorBuffer:1662
E0414 16:57:49.224351 fd83000 FrameBuffer.cpp:3790] Failed to find ColorBuffer:1674
E0414 16:57:49.224355 fd83000 FrameBuffer.cpp:3790] Failed to find ColorBuffer:1675
E0414 16:57:49.224359 fd83000 FrameBuffer.cpp:3790] Failed to find ColorBuffer:1665
E0414 16:57:49.224364 fd83000 FrameBuffer.cpp:3790] Failed to find ColorBuffer:1666
E0414 16:57:49.224368 fd83000 FrameBuffer.cpp:3790] Failed to find ColorBuffer:1667
E0414 16:57:49.224371 fd83000 FrameBuffer.cpp:3790] Failed to find ColorBuffer:1659
E0414 16:57:49.224375 fd83000 FrameBuffer.cpp:3790] Failed to find ColorBuffer:1676
E0414 16:57:49.224380 fd83000 FrameBuffer.cpp:3790] Failed to find ColorBuffer:1663
E0414 16:57:49.224384 fd83000 FrameBuffer.cpp:3790] Failed to find ColorBuffer:1673
E0414 16:57:49.224400 fd83000 FrameBuffer.cpp:3790] Failed to find ColorBuffer:1669
E0414 16:57:49.224437 fd83000 FrameBuffer.cpp:3790] Failed to find ColorBuffer:1664
E0414 16:57:49.224497 fd83000 FrameBuffer.cpp:3790] Failed to find ColorBuffer:1670
E0414 16:57:49.224502 fd83000 FrameBuffer.cpp:3790] Failed to find ColorBuffer:1660
E0414 16:57:49.224507 fd83000 FrameBuffer.cpp:3790] Failed to find ColorBuffer:1668
E0414 16:57:49.224511 fd83000 FrameBuffer.cpp:3790] Failed to find ColorBuffer:1658
E0414 16:57:49.224515 fd83000 FrameBuffer.cpp:3790] Failed to find ColorBuffer:1671
E0414 16:57:49.224519 fd83000 FrameBuffer.cpp:3790] Failed to find ColorBuffer:1672
E0414 16:57:49.224523 fd83000 FrameBuffer.cpp:3790] Failed to find ColorBuffer:1661
E0414 16:57:49.224527 fd83000 FrameBuffer.cpp:3790] Failed to find ColorBuffer:1662
E0414 16:57:49.224532 fd83000 FrameBuffer.cpp:3790] Failed to find ColorBuffer:1674
E0414 16:57:49.224536 fd83000 FrameBuffer.cpp:3790] Failed to find ColorBuffer:1675
E0414 16:57:49.224540 fd83000 FrameBuffer.cpp:3790] Failed to find ColorBuffer:1665
E0414 16:57:49.224544 fd83000 FrameBuffer.cpp:3790] Failed to find ColorBuffer:1666
E0414 16:57:49.224548 fd83000 FrameBuffer.cpp:3790] Failed to find ColorBuffer:1667
E0414 16:57:49.224552 fd83000 FrameBuffer.cpp:3790] Failed to find ColorBuffer:1659
E0414 16:57:49.224556 fd83000 FrameBuffer.cpp:3790] Failed to find ColorBuffer:1676
E0414 16:57:49.224560 fd83000 FrameBuffer.cpp:3790] Failed to find ColorBuffer:1663
E0414 16:57:49.224564 fd83000 FrameBuffer.cpp:3790] Failed to find ColorBuffer:1673
E0414 16:57:49.224580 fd83000 FrameBuffer.cpp:3790] Failed to find ColorBuffer:1669
E0414 16:57:49.224618 fd83000 FrameBuffer.cpp:3790] Failed to find ColorBuffer:1664
E0414 16:57:49.224629 fd83000 FrameBuffer.cpp:3790] Failed to find ColorBuffer:1670
E0414 16:57:49.224634 fd83000 FrameBuffer.cpp:3790] Failed to find ColorBuffer:1660
E0414 16:57:49.224638 fd83000 FrameBuffer.cpp:3790] Failed to find ColorBuffer:1668
E0414 16:57:49.224642 fd83000 FrameBuffer.cpp:3790] Failed to find ColorBuffer:1658
E0414 16:57:49.224646 fd83000 FrameBuffer.cpp:3790] Failed to find ColorBuffer:1671
E0414 16:57:49.224650 fd83000 FrameBuffer.cpp:3790] Failed to find ColorBuffer:1672
E0414 16:57:49.224654 fd83000 FrameBuffer.cpp:3790] Failed to find ColorBuffer:1661
E0414 16:57:49.224659 fd83000 FrameBuffer.cpp:3790] Failed to find ColorBuffer:1662
E0414 16:57:49.224663 fd83000 FrameBuffer.cpp:3790] Failed to find ColorBuffer:1674
E0414 16:57:49.224680 fd83000 FrameBuffer.cpp:3790] Failed to find ColorBuffer:1675
E0414 16:57:49.224704 fd83000 FrameBuffer.cpp:3790] Failed to find ColorBuffer:1665
E0414 16:57:49.224709 fd83000 FrameBuffer.cpp:3790] Failed to find ColorBuffer:1666
E0414 16:57:49.224714 fd83000 FrameBuffer.cpp:3790] Failed to find ColorBuffer:1667
E0414 16:57:49.224727 fd83000 FrameBuffer.cpp:3790] Failed to find ColorBuffer:1659
E0414 16:57:49.224731 fd83000 FrameBuffer.cpp:3790] Failed to find ColorBuffer:1676
E0414 16:57:49.224735 fd83000 FrameBuffer.cpp:3790] Failed to find ColorBuffer:1663
E0414 16:57:49.224739 fd83000 FrameBuffer.cpp:3790] Failed to find ColorBuffer:1673
E0414 16:57:49.224744 fd83000 FrameBuffer.cpp:3790] Failed to find ColorBuffer:1669
E0414 16:57:49.224748 fd83000 FrameBuffer.cpp:3790] Failed to find ColorBuffer:1664
E0414 16:57:49.224751 fd83000 FrameBuffer.cpp:3790] Failed to find ColorBuffer:1670
E0414 16:57:49.224791 fd83000 FrameBuffer.cpp:3790] Failed to find ColorBuffer:1660
E0414 16:57:49.224796 fd83000 FrameBuffer.cpp:3790] Failed to find ColorBuffer:1668
E0414 16:57:49.224801 fd83000 FrameBuffer.cpp:3790] Failed to find ColorBuffer:1658
E0414 16:57:49.224805 fd83000 FrameBuffer.cpp:3790] Failed to find ColorBuffer:1671
E0414 16:57:49.224809 fd83000 FrameBuffer.cpp:3790] Failed to find ColorBuffer:1672
E0414 16:57:49.224814 fd83000 FrameBuffer.cpp:3790] Failed to find ColorBuffer:1661
E0414 16:57:49.224818 fd83000 FrameBuffer.cpp:3790] Failed to find ColorBuffer:1662
E0414 16:57:49.224823 fd83000 FrameBuffer.cpp:3790] Failed to find ColorBuffer:1674
E0414 16:57:49.224839 fd83000 FrameBuffer.cpp:3790] Failed to find ColorBuffer:1675
E0414 16:57:49.224859 fd83000 FrameBuffer.cpp:3790] Failed to find ColorBuffer:1665
E0414 16:57:49.224863 fd83000 FrameBuffer.cpp:3790] Failed to find ColorBuffer:1666
E0414 16:57:49.224868 fd83000 FrameBuffer.cpp:3790] Failed to find ColorBuffer:1667
E0414 16:57:49.224872 fd83000 FrameBuffer.cpp:3790] Failed to find ColorBuffer:1659
E0414 16:57:49.224876 fd83000 FrameBuffer.cpp:3790] Failed to find ColorBuffer:1676
E0414 16:57:49.224880 fd83000 FrameBuffer.cpp:3790] Failed to find ColorBuffer:1663
E0414 16:57:49.224884 fd83000 FrameBuffer.cpp:3790] Failed to find ColorBuffer:1673
E0414 16:57:49.224888 fd83000 FrameBuffer.cpp:3790] Failed to find ColorBuffer:1669
E0414 16:57:49.224891 fd83000 FrameBuffer.cpp:3790] Failed to find ColorBuffer:1664
E0414 16:57:49.224895 fd83000 FrameBuffer.cpp:3790] Failed to find ColorBuffer:1670
E0414 16:57:49.224899 fd83000 FrameBuffer.cpp:3790] Failed to find ColorBuffer:1660
E0414 16:57:49.224903 fd83000 FrameBuffer.cpp:3790] Failed to find ColorBuffer:1668
E0414 16:57:49.224907 fd83000 FrameBuffer.cpp:3790] Failed to find ColorBuffer:1658
E0414 16:57:49.224911 fd83000 FrameBuffer.cpp:3790] Failed to find ColorBuffer:1671
E0414 16:57:49.224915 fd83000 FrameBuffer.cpp:3790] Failed to find ColorBuffer:1672
E0414 16:57:49.224919 fd83000 FrameBuffer.cpp:3790] Failed to find ColorBuffer:1661
E0414 16:57:49.224923 fd83000 FrameBuffer.cpp:3790] Failed to find ColorBuffer:1662
E0414 16:57:49.224940 fd83000 FrameBuffer.cpp:3790] Failed to find ColorBuffer:1674
E0414 16:57:49.225010 fd83000 FrameBuffer.cpp:3790] Failed to find ColorBuffer:1675
E0414 16:57:49.225047 fd83000 FrameBuffer.cpp:3790] Failed to find ColorBuffer:1665
E0414 16:57:49.225073 fd83000 FrameBuffer.cpp:3790] Failed to find ColorBuffer:1666
E0414 16:57:49.225100 fd83000 FrameBuffer.cpp:3790] Failed to find ColorBuffer:1667
E0414 16:57:49.225129 fd83000 FrameBuffer.cpp:3790] Failed to find ColorBuffer:1659
E0414 16:57:49.225141 fd83000 FrameBuffer.cpp:3790] Failed to find ColorBuffer:1676
E0414 16:57:49.225146 fd83000 FrameBuffer.cpp:3790] Failed to find ColorBuffer:1663
E0414 16:57:49.225151 fd83000 FrameBuffer.cpp:3790] Failed to find ColorBuffer:1673
E0414 16:57:49.225155 fd83000 FrameBuffer.cpp:3790] Failed to find ColorBuffer:1669
E0414 16:57:49.225173 fd83000 FrameBuffer.cpp:3790] Failed to find ColorBuffer:1664
E0414 16:57:49.225212 fd83000 FrameBuffer.cpp:3790] Failed to find ColorBuffer:1670
E0414 16:57:49.225226 fd83000 FrameBuffer.cpp:3790] Failed to find ColorBuffer:1660
E0414 16:57:49.225230 fd83000 FrameBuffer.cpp:3790] Failed to find ColorBuffer:1668
E0414 16:57:49.225234 fd83000 FrameBuffer.cpp:3790] Failed to find ColorBuffer:1658
E0414 16:57:49.225247 fd83000 FrameBuffer.cpp:3790] Failed to find ColorBuffer:1671
E0414 16:57:49.225251 fd83000 FrameBuffer.cpp:3790] Failed to find ColorBuffer:1672
E0414 16:57:49.225256 fd83000 FrameBuffer.cpp:3790] Failed to find ColorBuffer:1661
E0414 16:57:49.225260 fd83000 FrameBuffer.cpp:3790] Failed to find ColorBuffer:1662
E0414 16:57:49.225294 fd83000 FrameBuffer.cpp:3790] Failed to find ColorBuffer:1674
E0414 16:57:49.225300 fd83000 FrameBuffer.cpp:3790] Failed to find ColorBuffer:1675
E0414 16:57:49.225304 fd83000 FrameBuffer.cpp:3790] Failed to find ColorBuffer:1665
E0414 16:57:49.225308 fd83000 FrameBuffer.cpp:3790] Failed to find ColorBuffer:1666
E0414 16:57:49.225312 fd83000 FrameBuffer.cpp:3790] Failed to find ColorBuffer:1667
E0414 16:57:49.225316 fd83000 FrameBuffer.cpp:3790] Failed to find ColorBuffer:1659
E0414 16:57:49.225321 fd83000 FrameBuffer.cpp:3790] Failed to find ColorBuffer:1676
E0414 16:57:49.225326 fd83000 FrameBuffer.cpp:3790] Failed to find ColorBuffer:1663
E0414 16:57:49.225329 fd83000 FrameBuffer.cpp:3790] Failed to find ColorBuffer:1673
E0414 16:57:49.225333 fd83000 FrameBuffer.cpp:3790] Failed to find ColorBuffer:1669
E0414 16:57:49.225337 fd83000 FrameBuffer.cpp:3790] Failed to find ColorBuffer:1664
E0414 16:57:49.225341 fd83000 FrameBuffer.cpp:3790] Failed to find ColorBuffer:1670
E0414 16:57:49.225345 fd83000 FrameBuffer.cpp:3790] Failed to find ColorBuffer:1660
E0414 16:57:49.225349 fd83000 FrameBuffer.cpp:3790] Failed to find ColorBuffer:1668
E0414 16:57:49.225354 fd83000 FrameBuffer.cpp:3790] Failed to find ColorBuffer:1658
E0414 16:57:49.225358 fd83000 FrameBuffer.cpp:3790] Failed to find ColorBuffer:1671
E0414 16:57:49.225362 fd83000 FrameBuffer.cpp:3790] Failed to find ColorBuffer:1672
E0414 16:57:49.225366 fd83000 FrameBuffer.cpp:3790] Failed to find ColorBuffer:1661
E0414 16:57:49.225370 fd83000 FrameBuffer.cpp:3790] Failed to find ColorBuffer:1662
E0414 16:57:49.225374 fd83000 FrameBuffer.cpp:3790] Failed to find ColorBuffer:1674
E0414 16:57:49.225379 fd83000 FrameBuffer.cpp:3790] Failed to find ColorBuffer:1675
E0414 16:57:49.225383 fd83000 FrameBuffer.cpp:3790] Failed to find ColorBuffer:1665
E0414 16:57:49.225387 fd83000 FrameBuffer.cpp:3790] Failed to find ColorBuffer:1666
E0414 16:57:49.225390 fd83000 FrameBuffer.cpp:3790] Failed to find ColorBuffer:1667
E0414 16:57:49.225394 fd83000 FrameBuffer.cpp:3790] Failed to find ColorBuffer:1659
E0414 16:57:49.225398 fd83000 FrameBuffer.cpp:3790] Failed to find ColorBuffer:1676
E0414 16:57:49.225402 fd83000 FrameBuffer.cpp:3790] Failed to find ColorBuffer:1663
E0414 16:57:49.225407 fd83000 FrameBuffer.cpp:3790] Failed to find ColorBuffer:1673
E0414 16:57:49.225412 fd83000 FrameBuffer.cpp:3790] Failed to find ColorBuffer:1669
E0414 16:57:49.225416 fd83000 FrameBuffer.cpp:3790] Failed to find ColorBuffer:1664
E0414 16:57:49.225420 fd83000 FrameBuffer.cpp:3790] Failed to find ColorBuffer:1670
E0414 16:57:49.225424 fd83000 FrameBuffer.cpp:3790] Failed to find ColorBuffer:1660
E0414 16:57:49.225428 fd83000 FrameBuffer.cpp:3790] Failed to find ColorBuffer:1668
E0414 16:57:49.225432 fd83000 FrameBuffer.cpp:3790] Failed to find ColorBuffer:1658
E0414 16:57:49.225435 fd83000 FrameBuffer.cpp:3790] Failed to find ColorBuffer:1671
E0414 16:57:49.225440 fd83000 FrameBuffer.cpp:3790] Failed to find ColorBuffer:1672
E0414 16:57:49.225444 fd83000 FrameBuffer.cpp:3790] Failed to find ColorBuffer:1661
E0414 16:57:49.225449 fd83000 FrameBuffer.cpp:3790] Failed to find ColorBuffer:1662
E0414 16:57:49.225453 fd83000 FrameBuffer.cpp:3790] Failed to find ColorBuffer:1674
E0414 16:57:49.225458 fd83000 FrameBuffer.cpp:3790] Failed to find ColorBuffer:1675
E0414 16:57:49.225461 fd83000 FrameBuffer.cpp:3790] Failed to find ColorBuffer:1665
E0414 16:57:49.225465 fd83000 FrameBuffer.cpp:3790] Failed to find ColorBuffer:1666
E0414 16:57:49.225470 fd83000 FrameBuffer.cpp:3790] Failed to find ColorBuffer:1667
E0414 16:57:49.225475 fd83000 FrameBuffer.cpp:3790] Failed to find ColorBuffer:1659
E0414 16:57:49.225479 fd83000 FrameBuffer.cpp:3790] Failed to find ColorBuffer:1676
E0414 16:57:49.225504 fd83000 FrameBuffer.cpp:3790] Failed to find ColorBuffer:1663
E0414 16:57:49.225508 fd83000 FrameBuffer.cpp:3790] Failed to find ColorBuffer:1673
E0414 16:57:49.225538 fd83000 FrameBuffer.cpp:3790] Failed to find ColorBuffer:1669
E0414 16:57:49.225613 fd83000 FrameBuffer.cpp:3790] Failed to find ColorBuffer:1664
E0414 16:57:49.225664 fd83000 FrameBuffer.cpp:3790] Failed to find ColorBuffer:1670
E0414 16:57:49.225677 fd83000 FrameBuffer.cpp:3790] Failed to find ColorBuffer:1660
E0414 16:57:49.225682 fd83000 FrameBuffer.cpp:3790] Failed to find ColorBuffer:1668
E0414 16:57:49.225687 fd83000 FrameBuffer.cpp:3790] Failed to find ColorBuffer:1658
E0414 16:57:49.225693 fd83000 FrameBuffer.cpp:3790] Failed to find ColorBuffer:1671
E0414 16:57:49.225698 fd83000 FrameBuffer.cpp:3790] Failed to find ColorBuffer:1672
E0414 16:57:49.225704 fd83000 FrameBuffer.cpp:3790] Failed to find ColorBuffer:1661
E0414 16:57:49.225709 fd83000 FrameBuffer.cpp:3790] Failed to find ColorBuffer:1662
E0414 16:57:49.225714 fd83000 FrameBuffer.cpp:3790] Failed to find ColorBuffer:1674
E0414 16:57:49.225720 fd83000 FrameBuffer.cpp:3790] Failed to find ColorBuffer:1675
E0414 16:57:49.225726 fd83000 FrameBuffer.cpp:3790] Failed to find ColorBuffer:1665
E0414 16:57:49.225730 fd83000 FrameBuffer.cpp:3790] Failed to find ColorBuffer:1666
E0414 16:57:49.225736 fd83000 FrameBuffer.cpp:3790] Failed to find ColorBuffer:1667
E0414 16:57:49.225743 fd83000 FrameBuffer.cpp:3790] Failed to find ColorBuffer:1659
E0414 16:57:49.225749 fd83000 FrameBuffer.cpp:3790] Failed to find ColorBuffer:1676
E0414 16:57:49.225773 fd83000 FrameBuffer.cpp:3790] Failed to find ColorBuffer:1663
E0414 16:57:49.225825 fd83000 FrameBuffer.cpp:3790] Failed to find ColorBuffer:1673
E0414 16:57:49.225847 fd83000 FrameBuffer.cpp:3790] Failed to find ColorBuffer:1669
E0414 16:57:49.225879 fd83000 FrameBuffer.cpp:3790] Failed to find ColorBuffer:1664
E0414 16:57:49.225914 fd83000 FrameBuffer.cpp:3790] Failed to find ColorBuffer:1670
E0414 16:57:49.225935 fd83000 FrameBuffer.cpp:3790] Failed to find ColorBuffer:1660
E0414 16:57:49.225943 fd83000 FrameBuffer.cpp:3790] Failed to find ColorBuffer:1668
E0414 16:57:49.225950 fd83000 FrameBuffer.cpp:3790] Failed to find ColorBuffer:1658
E0414 16:57:49.225955 fd83000 FrameBuffer.cpp:3790] Failed to find ColorBuffer:1671
E0414 16:57:49.225961 fd83000 FrameBuffer.cpp:3790] Failed to find ColorBuffer:1672
E0414 16:57:49.225968 fd83000 FrameBuffer.cpp:3790] Failed to find ColorBuffer:1661
E0414 16:57:49.225974 fd83000 FrameBuffer.cpp:3790] Failed to find ColorBuffer:1662
E0414 16:57:49.226019 fd83000 FrameBuffer.cpp:3790] Failed to find ColorBuffer:1674
E0414 16:57:49.226047 fd83000 FrameBuffer.cpp:3790] Failed to find ColorBuffer:1675
E0414 16:57:49.226065 fd83000 FrameBuffer.cpp:3790] Failed to find ColorBuffer:1665
E0414 16:57:49.226090 fd83000 FrameBuffer.cpp:3790] Failed to find ColorBuffer:1666
E0414 16:57:49.226102 fd83000 FrameBuffer.cpp:3790] Failed to find ColorBuffer:1667
E0414 16:57:49.226107 fd83000 FrameBuffer.cpp:3790] Failed to find ColorBuffer:1659
E0414 16:57:49.226111 fd83000 FrameBuffer.cpp:3790] Failed to find ColorBuffer:1676
E0414 16:57:49.226136 fd83000 FrameBuffer.cpp:3790] Failed to find ColorBuffer:1663
E0414 16:57:49.226142 fd83000 FrameBuffer.cpp:3790] Failed to find ColorBuffer:1673
E0414 16:57:49.226146 fd83000 FrameBuffer.cpp:3790] Failed to find ColorBuffer:1669
E0414 16:57:49.226150 fd83000 FrameBuffer.cpp:3790] Failed to find ColorBuffer:1664
E0414 16:57:49.226154 fd83000 FrameBuffer.cpp:3790] Failed to find ColorBuffer:1670
E0414 16:57:49.226158 fd83000 FrameBuffer.cpp:3790] Failed to find ColorBuffer:1660
E0414 16:57:49.226162 fd83000 FrameBuffer.cpp:3790] Failed to find ColorBuffer:1668
E0414 16:57:49.226166 fd83000 FrameBuffer.cpp:3790] Failed to find ColorBuffer:1658
E0414 16:57:49.226170 fd83000 FrameBuffer.cpp:3790] Failed to find ColorBuffer:1671
E0414 16:57:49.226174 fd83000 FrameBuffer.cpp:3790] Failed to find ColorBuffer:1672
E0414 16:57:49.226178 fd83000 FrameBuffer.cpp:3790] Failed to find ColorBuffer:1661
E0414 16:57:49.226399 fd83000 FrameBuffer.cpp:3790] Failed to find ColorBuffer:1662
E0414 16:57:49.226450 fd83000 FrameBuffer.cpp:3790] Failed to find ColorBuffer:1674
E0414 16:57:49.226487 fd83000 FrameBuffer.cpp:3790] Failed to find ColorBuffer:1675
E0414 16:57:49.226505 fd83000 FrameBuffer.cpp:3790] Failed to find ColorBuffer:1665
E0414 16:57:49.226520 fd83000 FrameBuffer.cpp:3790] Failed to find ColorBuffer:1666
E0414 16:57:49.226536 fd83000 FrameBuffer.cpp:3790] Failed to find ColorBuffer:1667
E0414 16:57:49.226591 fd83000 FrameBuffer.cpp:3790] Failed to find ColorBuffer:1659
E0414 16:57:49.226621 fd83000 FrameBuffer.cpp:3790] Failed to find ColorBuffer:1676
E0414 16:57:49.226635 fd83000 FrameBuffer.cpp:3790] Failed to find ColorBuffer:1663
E0414 16:57:49.226639 fd83000 FrameBuffer.cpp:3790] Failed to find ColorBuffer:1673
E0414 16:57:49.226644 fd83000 FrameBuffer.cpp:3790] Failed to find ColorBuffer:1669
E0414 16:57:49.226648 fd83000 FrameBuffer.cpp:3790] Failed to find ColorBuffer:1664
E0414 16:57:49.226652 fd83000 FrameBuffer.cpp:3790] Failed to find ColorBuffer:1670
E0414 16:57:49.226656 fd83000 FrameBuffer.cpp:3790] Failed to find ColorBuffer:1660
E0414 16:57:49.226660 fd83000 FrameBuffer.cpp:3790] Failed to find ColorBuffer:1668
E0414 16:57:49.226664 fd83000 FrameBuffer.cpp:3790] Failed to find ColorBuffer:1658
E0414 16:57:49.226668 fd83000 FrameBuffer.cpp:3790] Failed to find ColorBuffer:1671
E0414 16:57:49.226672 fd83000 FrameBuffer.cpp:3790] Failed to find ColorBuffer:1672
E0414 16:57:49.226676 fd83000 FrameBuffer.cpp:3790] Failed to find ColorBuffer:1661
E0414 16:57:49.226680 fd83000 FrameBuffer.cpp:3790] Failed to find ColorBuffer:1662
E0414 16:57:49.226684 fd83000 FrameBuffer.cpp:3790] Failed to find ColorBuffer:1674
E0414 16:57:49.226688 fd83000 FrameBuffer.cpp:3790] Failed to find ColorBuffer:1675
E0414 16:57:49.226692 fd83000 FrameBuffer.cpp:3790] Failed to find ColorBuffer:1665
E0414 16:57:49.226696 fd83000 FrameBuffer.cpp:3790] Failed to find ColorBuffer:1666
E0414 16:57:49.226700 fd83000 FrameBuffer.cpp:3790] Failed to find ColorBuffer:1667
E0414 16:57:49.226704 fd83000 FrameBuffer.cpp:3790] Failed to find ColorBuffer:1659
E0414 16:57:49.226708 fd83000 FrameBuffer.cpp:3790] Failed to find ColorBuffer:1676
E0414 16:57:49.226712 fd83000 FrameBuffer.cpp:3790] Failed to find ColorBuffer:1663
E0414 16:57:49.226716 fd83000 FrameBuffer.cpp:3790] Failed to find ColorBuffer:1673
E0414 16:57:49.226720 fd83000 FrameBuffer.cpp:3790] Failed to find ColorBuffer:1669
E0414 16:57:49.226724 fd83000 FrameBuffer.cpp:3790] Failed to find ColorBuffer:1664
E0414 16:57:49.226728 fd83000 FrameBuffer.cpp:3790] Failed to find ColorBuffer:1670
E0414 16:57:49.226732 fd83000 FrameBuffer.cpp:3790] Failed to find ColorBuffer:1660
E0414 16:57:49.226735 fd83000 FrameBuffer.cpp:3790] Failed to find ColorBuffer:1668
E0414 16:57:49.226739 fd83000 FrameBuffer.cpp:3790] Failed to find ColorBuffer:1658
E0414 16:57:49.226743 fd83000 FrameBuffer.cpp:3790] Failed to find ColorBuffer:1671
E0414 16:57:49.226747 fd83000 FrameBuffer.cpp:3790] Failed to find ColorBuffer:1672
E0414 16:57:49.226752 fd83000 FrameBuffer.cpp:3790] Failed to find ColorBuffer:1661
E0414 16:57:49.226768 fd83000 FrameBuffer.cpp:3790] Failed to find ColorBuffer:1662
E0414 16:57:49.226805 fd83000 FrameBuffer.cpp:3790] Failed to find ColorBuffer:1674
E0414 16:57:49.226836 fd83000 FrameBuffer.cpp:3790] Failed to find ColorBuffer:1675
E0414 16:57:49.226872 fd83000 FrameBuffer.cpp:3790] Failed to find ColorBuffer:1665
E0414 16:57:49.226912 fd83000 FrameBuffer.cpp:3790] Failed to find ColorBuffer:1666
E0414 16:57:49.226942 fd83000 FrameBuffer.cpp:3790] Failed to find ColorBuffer:1667
E0414 16:57:49.226969 fd83000 FrameBuffer.cpp:3790] Failed to find ColorBuffer:1659
E0414 16:57:49.226981 fd83000 FrameBuffer.cpp:3790] Failed to find ColorBuffer:1676
E0414 16:57:49.226986 fd83000 FrameBuffer.cpp:3790] Failed to find ColorBuffer:1663
E0414 16:57:49.226990 fd83000 FrameBuffer.cpp:3790] Failed to find ColorBuffer:1673
E0414 16:57:49.226994 fd83000 FrameBuffer.cpp:3790] Failed to find ColorBuffer:1669
E0414 16:57:49.227007 fd83000 FrameBuffer.cpp:3790] Failed to find ColorBuffer:1664
E0414 16:57:49.227011 fd83000 FrameBuffer.cpp:3790] Failed to find ColorBuffer:1670
E0414 16:57:49.227015 fd83000 FrameBuffer.cpp:3790] Failed to find ColorBuffer:1660
E0414 16:57:49.227019 fd83000 FrameBuffer.cpp:3790] Failed to find ColorBuffer:1668
E0414 16:57:49.227023 fd83000 FrameBuffer.cpp:3790] Failed to find ColorBuffer:1658
E0414 16:57:49.227027 fd83000 FrameBuffer.cpp:3790] Failed to find ColorBuffer:1671
E0414 16:57:49.227031 fd83000 FrameBuffer.cpp:3790] Failed to find ColorBuffer:1672
E0414 16:57:49.227035 fd83000 FrameBuffer.cpp:3790] Failed to find ColorBuffer:1661
E0414 16:57:49.227039 fd83000 FrameBuffer.cpp:3790] Failed to find ColorBuffer:1662
E0414 16:57:49.227043 fd83000 FrameBuffer.cpp:3790] Failed to find ColorBuffer:1674
E0414 16:57:49.227047 fd83000 FrameBuffer.cpp:3790] Failed to find ColorBuffer:1675
E0414 16:57:49.227051 fd83000 FrameBuffer.cpp:3790] Failed to find ColorBuffer:1665
E0414 16:57:49.227055 fd83000 FrameBuffer.cpp:3790] Failed to find ColorBuffer:1666
E0414 16:57:49.227059 fd83000 FrameBuffer.cpp:3790] Failed to find ColorBuffer:1667
E0414 16:57:49.227070 fd83000 FrameBuffer.cpp:3790] Failed to find ColorBuffer:1659
E0414 16:57:49.227074 fd83000 FrameBuffer.cpp:3790] Failed to find ColorBuffer:1676
E0414 16:57:49.227082 fd83000 FrameBuffer.cpp:3790] Failed to find ColorBuffer:1663
E0414 16:57:49.227086 fd83000 FrameBuffer.cpp:3790] Failed to find ColorBuffer:1673
E0414 16:57:49.227089 fd83000 FrameBuffer.cpp:3790] Failed to find ColorBuffer:1669
E0414 16:57:49.227101 fd83000 FrameBuffer.cpp:3790] Failed to find ColorBuffer:1664
E0414 16:57:49.227108 fd83000 FrameBuffer.cpp:3790] Failed to find ColorBuffer:1670
E0414 16:57:49.227113 fd83000 FrameBuffer.cpp:3790] Failed to find ColorBuffer:1660
E0414 16:57:49.227117 fd83000 FrameBuffer.cpp:3790] Failed to find ColorBuffer:1668
E0414 16:57:49.227121 fd83000 FrameBuffer.cpp:3790] Failed to find ColorBuffer:1658
E0414 16:57:49.227126 fd83000 FrameBuffer.cpp:3790] Failed to find ColorBuffer:1671
E0414 16:57:49.227130 fd83000 FrameBuffer.cpp:3790] Failed to find ColorBuffer:1672
E0414 16:57:49.227135 fd83000 FrameBuffer.cpp:3790] Failed to find ColorBuffer:1661
E0414 16:57:49.227140 fd83000 FrameBuffer.cpp:3790] Failed to find ColorBuffer:1662
E0414 16:57:49.227144 fd83000 FrameBuffer.cpp:3790] Failed to find ColorBuffer:1674
E0414 16:57:49.227148 fd83000 FrameBuffer.cpp:3790] Failed to find ColorBuffer:1675
E0414 16:57:49.227152 fd83000 FrameBuffer.cpp:3790] Failed to find ColorBuffer:1665
E0414 16:57:49.227156 fd83000 FrameBuffer.cpp:3790] Failed to find ColorBuffer:1666
E0414 16:57:49.227178 fd83000 FrameBuffer.cpp:3790] Failed to find ColorBuffer:1667
E0414 16:57:49.227218 fd83000 FrameBuffer.cpp:3790] Failed to find ColorBuffer:1659
E0414 16:57:49.227286 fd83000 FrameBuffer.cpp:3790] Failed to find ColorBuffer:1676
E0414 16:57:49.227332 fd83000 FrameBuffer.cpp:3790] Failed to find ColorBuffer:1663
E0414 16:57:49.227375 fd83000 FrameBuffer.cpp:3790] Failed to find ColorBuffer:1673
E0414 16:57:49.227397 fd83000 FrameBuffer.cpp:3790] Failed to find ColorBuffer:1669
E0414 16:57:49.227423 fd83000 FrameBuffer.cpp:3790] Failed to find ColorBuffer:1664
E0414 16:57:49.227428 fd83000 FrameBuffer.cpp:3790] Failed to find ColorBuffer:1670
E0414 16:57:49.227433 fd83000 FrameBuffer.cpp:3790] Failed to find ColorBuffer:1660
E0414 16:57:49.227437 fd83000 FrameBuffer.cpp:3790] Failed to find ColorBuffer:1668
E0414 16:57:49.227441 fd83000 FrameBuffer.cpp:3790] Failed to find ColorBuffer:1658
E0414 16:57:49.227445 fd83000 FrameBuffer.cpp:3790] Failed to find ColorBuffer:1671
E0414 16:57:49.227449 fd83000 FrameBuffer.cpp:3790] Failed to find ColorBuffer:1672
E0414 16:57:49.227453 fd83000 FrameBuffer.cpp:3790] Failed to find ColorBuffer:1661
E0414 16:57:49.227457 fd83000 FrameBuffer.cpp:3790] Failed to find ColorBuffer:1662
E0414 16:57:49.227460 fd83000 FrameBuffer.cpp:3790] Failed to find ColorBuffer:1674
E0414 16:57:49.227478 fd83000 FrameBuffer.cpp:3790] Failed to find ColorBuffer:1675
E0414 16:57:49.227483 fd83000 FrameBuffer.cpp:3790] Failed to find ColorBuffer:1665
E0414 16:57:49.227487 fd83000 FrameBuffer.cpp:3790] Failed to find ColorBuffer:1666
E0414 16:57:49.227491 fd83000 FrameBuffer.cpp:3790] Failed to find ColorBuffer:1667
E0414 16:57:49.227496 fd83000 FrameBuffer.cpp:3790] Failed to find ColorBuffer:1659
E0414 16:57:49.227500 fd83000 FrameBuffer.cpp:3790] Failed to find ColorBuffer:1676
E0414 16:57:49.227504 fd83000 FrameBuffer.cpp:3790] Failed to find ColorBuffer:1663
E0414 16:57:49.227508 fd83000 FrameBuffer.cpp:3790] Failed to find ColorBuffer:1673
E0414 16:57:49.227512 fd83000 FrameBuffer.cpp:3790] Failed to find ColorBuffer:1669
E0414 16:57:49.227516 fd83000 FrameBuffer.cpp:3790] Failed to find ColorBuffer:1664
E0414 16:57:49.227520 fd83000 FrameBuffer.cpp:3790] Failed to find ColorBuffer:1670
E0414 16:57:49.227524 fd83000 FrameBuffer.cpp:3790] Failed to find ColorBuffer:1660
E0414 16:57:49.227528 fd83000 FrameBuffer.cpp:3790] Failed to find ColorBuffer:1668
E0414 16:57:49.227532 fd83000 FrameBuffer.cpp:3790] Failed to find ColorBuffer:1658
E0414 16:57:49.227536 fd83000 FrameBuffer.cpp:3790] Failed to find ColorBuffer:1671
E0414 16:57:49.227540 fd83000 FrameBuffer.cpp:3790] Failed to find ColorBuffer:1672
E0414 16:57:49.227544 fd83000 FrameBuffer.cpp:3790] Failed to find ColorBuffer:1661
E0414 16:57:49.227548 fd83000 FrameBuffer.cpp:3790] Failed to find ColorBuffer:1662
E0414 16:57:49.227552 fd83000 FrameBuffer.cpp:3790] Failed to find ColorBuffer:1674
E0414 16:57:49.227556 fd83000 FrameBuffer.cpp:3790] Failed to find ColorBuffer:1675
E0414 16:57:49.227560 fd83000 FrameBuffer.cpp:3790] Failed to find ColorBuffer:1665
E0414 16:57:49.227564 fd83000 FrameBuffer.cpp:3790] Failed to find ColorBuffer:1666
E0414 16:57:49.227568 fd83000 FrameBuffer.cpp:3790] Failed to find ColorBuffer:1667
E0414 16:57:49.227572 fd83000 FrameBuffer.cpp:3790] Failed to find ColorBuffer:1659
E0414 16:57:49.227576 fd83000 FrameBuffer.cpp:3790] Failed to find ColorBuffer:1676
E0414 16:57:49.227580 fd83000 FrameBuffer.cpp:3790] Failed to find ColorBuffer:1663
E0414 16:57:49.227584 fd83000 FrameBuffer.cpp:3790] Failed to find ColorBuffer:1673
E0414 16:57:49.227589 fd83000 FrameBuffer.cpp:3790] Failed to find ColorBuffer:1669
E0414 16:57:49.227593 fd83000 FrameBuffer.cpp:3790] Failed to find ColorBuffer:1664
E0414 16:57:49.227597 fd83000 FrameBuffer.cpp:3790] Failed to find ColorBuffer:1670
E0414 16:57:49.227601 fd83000 FrameBuffer.cpp:3790] Failed to find ColorBuffer:1660
E0414 16:57:49.227605 fd83000 FrameBuffer.cpp:3790] Failed to find ColorBuffer:1668
E0414 16:57:49.227609 fd83000 FrameBuffer.cpp:3790] Failed to find ColorBuffer:1658
E0414 16:57:49.227613 fd83000 FrameBuffer.cpp:3790] Failed to find ColorBuffer:1671
E0414 16:57:49.227618 fd83000 FrameBuffer.cpp:3790] Failed to find ColorBuffer:1672
E0414 16:57:49.227624 fd83000 FrameBuffer.cpp:3790] Failed to find ColorBuffer:1661
E0414 16:57:49.227630 fd83000 FrameBuffer.cpp:3790] Failed to find ColorBuffer:1662
E0414 16:57:49.227635 fd83000 FrameBuffer.cpp:3790] Failed to find ColorBuffer:1674
E0414 16:57:49.227640 fd83000 FrameBuffer.cpp:3790] Failed to find ColorBuffer:1675
E0414 16:57:49.227645 fd83000 FrameBuffer.cpp:3790] Failed to find ColorBuffer:1665
E0414 16:57:49.227650 fd83000 FrameBuffer.cpp:3790] Failed to find ColorBuffer:1666
E0414 16:57:49.227656 fd83000 FrameBuffer.cpp:3790] Failed to find ColorBuffer:1667
E0414 16:57:49.227661 fd83000 FrameBuffer.cpp:3790] Failed to find ColorBuffer:1659
E0414 16:57:49.227666 fd83000 FrameBuffer.cpp:3790] Failed to find ColorBuffer:1676
E0414 16:57:49.227671 fd83000 FrameBuffer.cpp:3790] Failed to find ColorBuffer:1663
E0414 16:57:49.227676 fd83000 FrameBuffer.cpp:3790] Failed to find ColorBuffer:1673
E0414 16:57:49.227682 fd83000 FrameBuffer.cpp:3790] Failed to find ColorBuffer:1669
E0414 16:57:49.227687 fd83000 FrameBuffer.cpp:3790] Failed to find ColorBuffer:1664
E0414 16:57:49.227692 fd83000 FrameBuffer.cpp:3790] Failed to find ColorBuffer:1670
E0414 16:57:49.227740 fd83000 FrameBuffer.cpp:3790] Failed to find ColorBuffer:1660
E0414 16:57:49.227747 fd83000 FrameBuffer.cpp:3790] Failed to find ColorBuffer:1668
E0414 16:57:49.227752 fd83000 FrameBuffer.cpp:3790] Failed to find ColorBuffer:1658
E0414 16:57:49.227787 fd83000 FrameBuffer.cpp:3790] Failed to find ColorBuffer:1671
E0414 16:57:49.227827 fd83000 FrameBuffer.cpp:3790] Failed to find ColorBuffer:1672
E0414 16:57:49.227839 fd83000 FrameBuffer.cpp:3790] Failed to find ColorBuffer:1661
E0414 16:57:49.227844 fd83000 FrameBuffer.cpp:3790] Failed to find ColorBuffer:1662
E0414 16:57:49.227850 fd83000 FrameBuffer.cpp:3790] Failed to find ColorBuffer:1674
E0414 16:57:49.227855 fd83000 FrameBuffer.cpp:3790] Failed to find ColorBuffer:1675
E0414 16:57:49.227948 fd83000 FrameBuffer.cpp:3790] Failed to find ColorBuffer:1665
E0414 16:57:49.227971 fd83000 FrameBuffer.cpp:3790] Failed to find ColorBuffer:1666
E0414 16:57:49.227994 fd83000 FrameBuffer.cpp:3790] Failed to find ColorBuffer:1667
E0414 16:57:49.228000 fd83000 FrameBuffer.cpp:3790] Failed to find ColorBuffer:1659
E0414 16:57:49.228005 fd83000 FrameBuffer.cpp:3790] Failed to find ColorBuffer:1676
E0414 16:57:49.228011 fd83000 FrameBuffer.cpp:3790] Failed to find ColorBuffer:1663
E0414 16:57:49.228015 fd83000 FrameBuffer.cpp:3790] Failed to find ColorBuffer:1673
E0414 16:57:49.228020 fd83000 FrameBuffer.cpp:3790] Failed to find ColorBuffer:1669
E0414 16:57:49.228024 fd83000 FrameBuffer.cpp:3790] Failed to find ColorBuffer:1664
E0414 16:57:49.228028 fd83000 FrameBuffer.cpp:3790] Failed to find ColorBuffer:1670
E0414 16:57:49.228032 fd83000 FrameBuffer.cpp:3790] Failed to find ColorBuffer:1660
E0414 16:57:49.228036 fd83000 FrameBuffer.cpp:3790] Failed to find ColorBuffer:1668
E0414 16:57:49.228040 fd83000 FrameBuffer.cpp:3790] Failed to find ColorBuffer:1658
E0414 16:57:49.228044 fd83000 FrameBuffer.cpp:3790] Failed to find ColorBuffer:1671
E0414 16:57:49.228048 fd83000 FrameBuffer.cpp:3790] Failed to find ColorBuffer:1672
E0414 16:57:49.228052 fd83000 FrameBuffer.cpp:3790] Failed to find ColorBuffer:1661
E0414 16:57:49.228056 fd83000 FrameBuffer.cpp:3790] Failed to find ColorBuffer:1662
E0414 16:57:49.228060 fd83000 FrameBuffer.cpp:3790] Failed to find ColorBuffer:1674
E0414 16:57:49.228063 fd83000 FrameBuffer.cpp:3790] Failed to find ColorBuffer:1675
E0414 16:57:49.228067 fd83000 FrameBuffer.cpp:3790] Failed to find ColorBuffer:1665
E0414 16:57:49.228084 fd83000 FrameBuffer.cpp:3790] Failed to find ColorBuffer:1666
E0414 16:57:49.228135 fd83000 FrameBuffer.cpp:3790] Failed to find ColorBuffer:1667
E0414 16:57:49.228145 fd83000 FrameBuffer.cpp:3790] Failed to find ColorBuffer:1659
E0414 16:57:49.228150 fd83000 FrameBuffer.cpp:3790] Failed to find ColorBuffer:1676
E0414 16:57:49.228154 fd83000 FrameBuffer.cpp:3790] Failed to find ColorBuffer:1663
E0414 16:57:49.228158 fd83000 FrameBuffer.cpp:3790] Failed to find ColorBuffer:1673
E0414 16:57:49.228162 fd83000 FrameBuffer.cpp:3790] Failed to find ColorBuffer:1669
E0414 16:57:49.228186 fd83000 FrameBuffer.cpp:3790] Failed to find ColorBuffer:1664
E0414 16:57:49.228193 fd83000 FrameBuffer.cpp:3790] Failed to find ColorBuffer:1670
E0414 16:57:49.228198 fd83000 FrameBuffer.cpp:3790] Failed to find ColorBuffer:1660
E0414 16:57:49.228202 fd83000 FrameBuffer.cpp:3790] Failed to find ColorBuffer:1668
E0414 16:57:49.228206 fd83000 FrameBuffer.cpp:3790] Failed to find ColorBuffer:1658
E0414 16:57:49.228210 fd83000 FrameBuffer.cpp:3790] Failed to find ColorBuffer:1671
E0414 16:57:49.228214 fd83000 FrameBuffer.cpp:3790] Failed to find ColorBuffer:1672
E0414 16:57:49.228218 fd83000 FrameBuffer.cpp:3790] Failed to find ColorBuffer:1661
E0414 16:57:49.228222 fd83000 FrameBuffer.cpp:3790] Failed to find ColorBuffer:1662
E0414 16:57:49.228226 fd83000 FrameBuffer.cpp:3790] Failed to find ColorBuffer:1674
E0414 16:57:49.228230 fd83000 FrameBuffer.cpp:3790] Failed to find ColorBuffer:1675
E0414 16:57:49.228234 fd83000 FrameBuffer.cpp:3790] Failed to find ColorBuffer:1665
E0414 16:57:49.228239 fd83000 FrameBuffer.cpp:3790] Failed to find ColorBuffer:1666
E0414 16:57:49.228251 fd83000 FrameBuffer.cpp:3790] Failed to find ColorBuffer:1667
E0414 16:57:49.228269 fd83000 FrameBuffer.cpp:3790] Failed to find ColorBuffer:1659
E0414 16:57:49.228306 fd83000 FrameBuffer.cpp:3790] Failed to find ColorBuffer:1676
E0414 16:57:49.228338 fd83000 FrameBuffer.cpp:3790] Failed to find ColorBuffer:1663
E0414 16:57:49.228365 fd83000 FrameBuffer.cpp:3790] Failed to find ColorBuffer:1673
E0414 16:57:49.228433 fd83000 FrameBuffer.cpp:3790] Failed to find ColorBuffer:1669
E0414 16:57:49.228444 fd83000 FrameBuffer.cpp:3790] Failed to find ColorBuffer:1664
E0414 16:57:49.228449 fd83000 FrameBuffer.cpp:3790] Failed to find ColorBuffer:1670
E0414 16:57:49.228453 fd83000 FrameBuffer.cpp:3790] Failed to find ColorBuffer:1660
E0414 16:57:49.228457 fd83000 FrameBuffer.cpp:3790] Failed to find ColorBuffer:1668
E0414 16:57:49.228462 fd83000 FrameBuffer.cpp:3790] Failed to find ColorBuffer:1658
E0414 16:57:49.228466 fd83000 FrameBuffer.cpp:3790] Failed to find ColorBuffer:1671
E0414 16:57:49.228470 fd83000 FrameBuffer.cpp:3790] Failed to find ColorBuffer:1672
E0414 16:57:49.228474 fd83000 FrameBuffer.cpp:3790] Failed to find ColorBuffer:1661
E0414 16:57:49.228478 fd83000 FrameBuffer.cpp:3790] Failed to find ColorBuffer:1662
E0414 16:57:49.228482 fd83000 FrameBuffer.cpp:3790] Failed to find ColorBuffer:1674
E0414 16:57:49.228486 fd83000 FrameBuffer.cpp:3790] Failed to find ColorBuffer:1675
E0414 16:57:49.228490 fd83000 FrameBuffer.cpp:3790] Failed to find ColorBuffer:1665
E0414 16:57:49.228494 fd83000 FrameBuffer.cpp:3790] Failed to find ColorBuffer:1666
E0414 16:57:49.228498 fd83000 FrameBuffer.cpp:3790] Failed to find ColorBuffer:1667
E0414 16:57:49.228502 fd83000 FrameBuffer.cpp:3790] Failed to find ColorBuffer:1659
E0414 16:57:49.228507 fd83000 FrameBuffer.cpp:3790] Failed to find ColorBuffer:1676
E0414 16:57:49.228511 fd83000 FrameBuffer.cpp:3790] Failed to find ColorBuffer:1663
E0414 16:57:49.228515 fd83000 FrameBuffer.cpp:3790] Failed to find ColorBuffer:1673
E0414 16:57:49.228519 fd83000 FrameBuffer.cpp:3790] Failed to find ColorBuffer:1669
E0414 16:57:49.228523 fd83000 FrameBuffer.cpp:3790] Failed to find ColorBuffer:1664
E0414 16:57:49.228527 fd83000 FrameBuffer.cpp:3790] Failed to find ColorBuffer:1670
E0414 16:57:49.228531 fd83000 FrameBuffer.cpp:3790] Failed to find ColorBuffer:1660
E0414 16:57:49.228535 fd83000 FrameBuffer.cpp:3790] Failed to find ColorBuffer:1668
E0414 16:57:49.228539 fd83000 FrameBuffer.cpp:3790] Failed to find ColorBuffer:1658
E0414 16:57:49.228543 fd83000 FrameBuffer.cpp:3790] Failed to find ColorBuffer:1671
E0414 16:57:49.228547 fd83000 FrameBuffer.cpp:3790] Failed to find ColorBuffer:1672
E0414 16:57:49.228551 fd83000 FrameBuffer.cpp:3790] Failed to find ColorBuffer:1661
E0414 16:57:49.228555 fd83000 FrameBuffer.cpp:3790] Failed to find ColorBuffer:1662
E0414 16:57:49.228559 fd83000 FrameBuffer.cpp:3790] Failed to find ColorBuffer:1674
E0414 16:57:49.228576 fd83000 FrameBuffer.cpp:3790] Failed to find ColorBuffer:1675
E0414 16:57:49.228596 fd83000 FrameBuffer.cpp:3790] Failed to find ColorBuffer:1665
E0414 16:57:49.228601 fd83000 FrameBuffer.cpp:3790] Failed to find ColorBuffer:1666
E0414 16:57:49.228605 fd83000 FrameBuffer.cpp:3790] Failed to find ColorBuffer:1667
E0414 16:57:49.228609 fd83000 FrameBuffer.cpp:3790] Failed to find ColorBuffer:1659
E0414 16:57:49.228613 fd83000 FrameBuffer.cpp:3790] Failed to find ColorBuffer:1676
E0414 16:57:49.228617 fd83000 FrameBuffer.cpp:3790] Failed to find ColorBuffer:1663
E0414 16:57:49.228621 fd83000 FrameBuffer.cpp:3790] Failed to find ColorBuffer:1673
E0414 16:57:49.228625 fd83000 FrameBuffer.cpp:3790] Failed to find ColorBuffer:1669
E0414 16:57:49.228629 fd83000 FrameBuffer.cpp:3790] Failed to find ColorBuffer:1664
E0414 16:57:49.228633 fd83000 FrameBuffer.cpp:3790] Failed to find ColorBuffer:1670
E0414 16:57:49.228637 fd83000 FrameBuffer.cpp:3790] Failed to find ColorBuffer:1660
E0414 16:57:49.228641 fd83000 FrameBuffer.cpp:3790] Failed to find ColorBuffer:1668
E0414 16:57:49.228644 fd83000 FrameBuffer.cpp:3790] Failed to find ColorBuffer:1658
E0414 16:57:49.228660 fd83000 FrameBuffer.cpp:3790] Failed to find ColorBuffer:1671
E0414 16:57:49.228664 fd83000 FrameBuffer.cpp:3790] Failed to find ColorBuffer:1672
E0414 16:57:49.228681 fd83000 FrameBuffer.cpp:3790] Failed to find ColorBuffer:1661
E0414 16:57:49.228714 fd83000 FrameBuffer.cpp:3790] Failed to find ColorBuffer:1662
E0414 16:57:49.228739 fd83000 FrameBuffer.cpp:3790] Failed to find ColorBuffer:1674
E0414 16:57:49.228744 fd83000 FrameBuffer.cpp:3790] Failed to find ColorBuffer:1675
E0414 16:57:49.228748 fd83000 FrameBuffer.cpp:3790] Failed to find ColorBuffer:1665
E0414 16:57:49.228752 fd83000 FrameBuffer.cpp:3790] Failed to find ColorBuffer:1666
E0414 16:57:49.228756 fd83000 FrameBuffer.cpp:3790] Failed to find ColorBuffer:1667
E0414 16:57:49.228759 fd83000 FrameBuffer.cpp:3790] Failed to find ColorBuffer:1659
E0414 16:57:49.228763 fd83000 FrameBuffer.cpp:3790] Failed to find ColorBuffer:1676
E0414 16:57:49.228767 fd83000 FrameBuffer.cpp:3790] Failed to find ColorBuffer:1663
E0414 16:57:49.228771 fd83000 FrameBuffer.cpp:3790] Failed to find ColorBuffer:1673
E0414 16:57:49.228775 fd83000 FrameBuffer.cpp:3790] Failed to find ColorBuffer:1669
E0414 16:57:49.228779 fd83000 FrameBuffer.cpp:3790] Failed to find ColorBuffer:1664
E0414 16:57:49.228782 fd83000 FrameBuffer.cpp:3790] Failed to find ColorBuffer:1670
E0414 16:57:49.228786 fd83000 FrameBuffer.cpp:3790] Failed to find ColorBuffer:1660
E0414 16:57:49.228790 fd83000 FrameBuffer.cpp:3790] Failed to find ColorBuffer:1668
E0414 16:57:49.228795 fd83000 FrameBuffer.cpp:3790] Failed to find ColorBuffer:1658
E0414 16:57:49.228798 fd83000 FrameBuffer.cpp:3790] Failed to find ColorBuffer:1671
E0414 16:57:49.228802 fd83000 FrameBuffer.cpp:3790] Failed to find ColorBuffer:1672
E0414 16:57:49.228807 fd83000 FrameBuffer.cpp:3790] Failed to find ColorBuffer:1661
E0414 16:57:49.228811 fd83000 FrameBuffer.cpp:3790] Failed to find ColorBuffer:1662
E0414 16:57:49.228814 fd83000 FrameBuffer.cpp:3790] Failed to find ColorBuffer:1674
E0414 16:57:49.228818 fd83000 FrameBuffer.cpp:3790] Failed to find ColorBuffer:1675
E0414 16:57:49.228822 fd83000 FrameBuffer.cpp:3790] Failed to find ColorBuffer:1665
E0414 16:57:49.228826 fd83000 FrameBuffer.cpp:3790] Failed to find ColorBuffer:1666
E0414 16:57:49.228830 fd83000 FrameBuffer.cpp:3790] Failed to find ColorBuffer:1667
E0414 16:57:49.228834 fd83000 FrameBuffer.cpp:3790] Failed to find ColorBuffer:1659
E0414 16:57:49.228838 fd83000 FrameBuffer.cpp:3790] Failed to find ColorBuffer:1676
E0414 16:57:49.228842 fd83000 FrameBuffer.cpp:3790] Failed to find ColorBuffer:1663
E0414 16:57:49.228845 fd83000 FrameBuffer.cpp:3790] Failed to find ColorBuffer:1673
E0414 16:57:49.228849 fd83000 FrameBuffer.cpp:3790] Failed to find ColorBuffer:1669
E0414 16:57:49.228853 fd83000 FrameBuffer.cpp:3790] Failed to find ColorBuffer:1664
E0414 16:57:49.228857 fd83000 FrameBuffer.cpp:3790] Failed to find ColorBuffer:1670
E0414 16:57:49.228861 fd83000 FrameBuffer.cpp:3790] Failed to find ColorBuffer:1660
E0414 16:57:49.228865 fd83000 FrameBuffer.cpp:3790] Failed to find ColorBuffer:1668
E0414 16:57:49.228869 fd83000 FrameBuffer.cpp:3790] Failed to find ColorBuffer:1658
E0414 16:57:49.228873 fd83000 FrameBuffer.cpp:3790] Failed to find ColorBuffer:1671
E0414 16:57:49.228877 fd83000 FrameBuffer.cpp:3790] Failed to find ColorBuffer:1672
E0414 16:57:49.228881 fd83000 FrameBuffer.cpp:3790] Failed to find ColorBuffer:1661
E0414 16:57:49.228884 fd83000 FrameBuffer.cpp:3790] Failed to find ColorBuffer:1662
E0414 16:57:49.228888 fd83000 FrameBuffer.cpp:3790] Failed to find ColorBuffer:1674
E0414 16:57:49.228892 fd83000 FrameBuffer.cpp:3790] Failed to find ColorBuffer:1675
E0414 16:57:49.228896 fd83000 FrameBuffer.cpp:3790] Failed to find ColorBuffer:1665
E0414 16:57:49.228900 fd83000 FrameBuffer.cpp:3790] Failed to find ColorBuffer:1666
E0414 16:57:49.228904 fd83000 FrameBuffer.cpp:3790] Failed to find ColorBuffer:1667
E0414 16:57:49.228908 fd83000 FrameBuffer.cpp:3790] Failed to find ColorBuffer:1659
E0414 16:57:49.228912 fd83000 FrameBuffer.cpp:3790] Failed to find ColorBuffer:1676
E0414 16:57:49.228941 fd83000 FrameBuffer.cpp:3790] Failed to find ColorBuffer:1663
E0414 16:57:49.229004 fd83000 FrameBuffer.cpp:3790] Failed to find ColorBuffer:1673
E0414 16:57:49.229020 fd83000 FrameBuffer.cpp:3790] Failed to find ColorBuffer:1669
E0414 16:57:49.229035 fd83000 FrameBuffer.cpp:3790] Failed to find ColorBuffer:1664
E0414 16:57:49.229059 fd83000 FrameBuffer.cpp:3790] Failed to find ColorBuffer:1660
E0414 16:57:49.229074 fd83000 FrameBuffer.cpp:3790] Failed to find ColorBuffer:1668
E0414 16:57:49.229099 fd83000 FrameBuffer.cpp:3790] Failed to find ColorBuffer:1658
E0414 16:57:49.229129 fd83000 FrameBuffer.cpp:3790] Failed to find ColorBuffer:1671
E0414 16:57:49.229142 fd83000 FrameBuffer.cpp:3790] Failed to find ColorBuffer:1672
E0414 16:57:49.229147 fd83000 FrameBuffer.cpp:3790] Failed to find ColorBuffer:1661
E0414 16:57:49.229151 fd83000 FrameBuffer.cpp:3790] Failed to find ColorBuffer:1662
E0414 16:57:49.229155 fd83000 FrameBuffer.cpp:3790] Failed to find ColorBuffer:1674
E0414 16:57:49.229159 fd83000 FrameBuffer.cpp:3790] Failed to find ColorBuffer:1675
E0414 16:57:49.229166 fd83000 FrameBuffer.cpp:3790] Failed to find ColorBuffer:1655
E0414 16:57:49.229169 fd83000 FrameBuffer.cpp:3790] Failed to find ColorBuffer:1665
E0414 16:57:49.229173 fd83000 FrameBuffer.cpp:3790] Failed to find ColorBuffer:1666
E0414 16:57:49.229177 fd83000 FrameBuffer.cpp:3790] Failed to find ColorBuffer:1667
E0414 16:57:49.229184 fd83000 FrameBuffer.cpp:3790] Failed to find ColorBuffer:1659
E0414 16:57:49.229189 fd83000 FrameBuffer.cpp:3790] Failed to find ColorBuffer:1676
E0414 16:57:49.229194 fd83000 FrameBuffer.cpp:3790] Failed to find ColorBuffer:1663
E0414 16:57:49.229199 fd83000 FrameBuffer.cpp:3790] Failed to find ColorBuffer:1673
E0414 16:57:49.229204 fd83000 FrameBuffer.cpp:3790] Failed to find ColorBuffer:1669
E0414 16:57:49.229208 fd83000 FrameBuffer.cpp:3790] Failed to find ColorBuffer:1670
E0414 16:57:49.229213 fd83000 FrameBuffer.cpp:3790] Failed to find ColorBuffer:1664
E0414 16:57:49.229218 fd83000 FrameBuffer.cpp:3790] Failed to find ColorBuffer:1660
E0414 16:57:49.229223 fd83000 FrameBuffer.cpp:3790] Failed to find ColorBuffer:1668
E0414 16:57:49.229228 fd83000 FrameBuffer.cpp:3790] Failed to find ColorBuffer:1658
E0414 16:57:49.229233 fd83000 FrameBuffer.cpp:3790] Failed to find ColorBuffer:1671
E0414 16:57:49.229238 fd83000 FrameBuffer.cpp:3790] Failed to find ColorBuffer:1672
E0414 16:57:49.229242 fd83000 FrameBuffer.cpp:3790] Failed to find ColorBuffer:1661
E0414 16:57:49.229247 fd83000 FrameBuffer.cpp:3790] Failed to find ColorBuffer:1662
E0414 16:57:49.229252 fd83000 FrameBuffer.cpp:3790] Failed to find ColorBuffer:1674
E0414 16:57:49.229257 fd83000 FrameBuffer.cpp:3790] Failed to find ColorBuffer:1675
E0414 16:57:49.229261 fd83000 FrameBuffer.cpp:3790] Failed to find ColorBuffer:1665
E0414 16:57:49.229266 fd83000 FrameBuffer.cpp:3790] Failed to find ColorBuffer:1666
E0414 16:57:49.229271 fd83000 FrameBuffer.cpp:3790] Failed to find ColorBuffer:1667
E0414 16:57:49.229276 fd83000 FrameBuffer.cpp:3790] Failed to find ColorBuffer:1659
E0414 16:57:49.229281 fd83000 FrameBuffer.cpp:3790] Failed to find ColorBuffer:1676
E0414 16:57:49.229286 fd83000 FrameBuffer.cpp:3790] Failed to find ColorBuffer:1663
E0414 16:57:49.229290 fd83000 FrameBuffer.cpp:3790] Failed to find ColorBuffer:1673
E0414 16:57:49.229295 fd83000 FrameBuffer.cpp:3790] Failed to find ColorBuffer:1669
E0414 16:57:49.229300 fd83000 FrameBuffer.cpp:3790] Failed to find ColorBuffer:1670
E0414 16:57:49.229305 fd83000 FrameBuffer.cpp:3790] Failed to find ColorBuffer:1664
E0414 16:57:49.229309 fd83000 FrameBuffer.cpp:3790] Failed to find ColorBuffer:1660
E0414 16:57:49.229314 fd83000 FrameBuffer.cpp:3790] Failed to find ColorBuffer:1668
E0414 16:57:49.229319 fd83000 FrameBuffer.cpp:3790] Failed to find ColorBuffer:1658
E0414 16:57:49.229323 fd83000 FrameBuffer.cpp:3790] Failed to find ColorBuffer:1671
E0414 16:57:49.229327 fd83000 FrameBuffer.cpp:3790] Failed to find ColorBuffer:1672
E0414 16:57:49.229360 fd83000 FrameBuffer.cpp:3790] Failed to find ColorBuffer:1661
E0414 16:57:49.229364 fd83000 FrameBuffer.cpp:3790] Failed to find ColorBuffer:1662
E0414 16:57:49.229368 fd83000 FrameBuffer.cpp:3790] Failed to find ColorBuffer:1674
E0414 16:57:49.229372 fd83000 FrameBuffer.cpp:3790] Failed to find ColorBuffer:1675
E0414 16:57:49.229376 fd83000 FrameBuffer.cpp:3790] Failed to find ColorBuffer:1665
E0414 16:57:49.229380 fd83000 FrameBuffer.cpp:3790] Failed to find ColorBuffer:1666
E0414 16:57:49.229384 fd83000 FrameBuffer.cpp:3790] Failed to find ColorBuffer:1667
E0414 16:57:49.229388 fd83000 FrameBuffer.cpp:3790] Failed to find ColorBuffer:1659
E0414 16:57:49.229392 fd83000 FrameBuffer.cpp:3790] Failed to find ColorBuffer:1676
E0414 16:57:49.229395 fd83000 FrameBuffer.cpp:3790] Failed to find ColorBuffer:1663
E0414 16:57:49.229399 fd83000 FrameBuffer.cpp:3790] Failed to find ColorBuffer:1673
E0414 16:57:49.229403 fd83000 FrameBuffer.cpp:3790] Failed to find ColorBuffer:1669
E0414 16:57:49.229407 fd83000 FrameBuffer.cpp:3790] Failed to find ColorBuffer:1670
E0414 16:57:49.229411 fd83000 FrameBuffer.cpp:3790] Failed to find ColorBuffer:1664
E0414 16:57:49.229415 fd83000 FrameBuffer.cpp:3790] Failed to find ColorBuffer:1660
E0414 16:57:49.229419 fd83000 FrameBuffer.cpp:3790] Failed to find ColorBuffer:1668
E0414 16:57:49.229423 fd83000 FrameBuffer.cpp:3790] Failed to find ColorBuffer:1658
E0414 16:57:49.229427 fd83000 FrameBuffer.cpp:3790] Failed to find ColorBuffer:1671
E0414 16:57:49.229431 fd83000 FrameBuffer.cpp:3790] Failed to find ColorBuffer:1672
E0414 16:57:49.229434 fd83000 FrameBuffer.cpp:3790] Failed to find ColorBuffer:1661
E0414 16:57:49.229439 fd83000 FrameBuffer.cpp:3790] Failed to find ColorBuffer:1662
E0414 16:57:49.229442 fd83000 FrameBuffer.cpp:3790] Failed to find ColorBuffer:1674
E0414 16:57:49.229446 fd83000 FrameBuffer.cpp:3790] Failed to find ColorBuffer:1675
E0414 16:57:49.229450 fd83000 FrameBuffer.cpp:3790] Failed to find ColorBuffer:1665
E0414 16:57:49.229454 fd83000 FrameBuffer.cpp:3790] Failed to find ColorBuffer:1666
E0414 16:57:49.229457 fd83000 FrameBuffer.cpp:3790] Failed to find ColorBuffer:1667
E0414 16:57:49.229461 fd83000 FrameBuffer.cpp:3790] Failed to find ColorBuffer:1659
E0414 16:57:49.229465 fd83000 FrameBuffer.cpp:3790] Failed to find ColorBuffer:1676
E0414 16:57:49.229469 fd83000 FrameBuffer.cpp:3790] Failed to find ColorBuffer:1663
E0414 16:57:49.229472 fd83000 FrameBuffer.cpp:3790] Failed to find ColorBuffer:1673
E0414 16:57:49.229477 fd83000 FrameBuffer.cpp:3790] Failed to find ColorBuffer:1669
E0414 16:57:49.229481 fd83000 FrameBuffer.cpp:3790] Failed to find ColorBuffer:1670
E0414 16:57:49.229485 fd83000 FrameBuffer.cpp:3790] Failed to find ColorBuffer:1664
E0414 16:57:49.229488 fd83000 FrameBuffer.cpp:3790] Failed to find ColorBuffer:1660
E0414 16:57:49.229492 fd83000 FrameBuffer.cpp:3790] Failed to find ColorBuffer:1668
E0414 16:57:49.229496 fd83000 FrameBuffer.cpp:3790] Failed to find ColorBuffer:1658
E0414 16:57:49.229500 fd83000 FrameBuffer.cpp:3790] Failed to find ColorBuffer:1671
E0414 16:57:49.229503 fd83000 FrameBuffer.cpp:3790] Failed to find ColorBuffer:1672
E0414 16:57:49.229507 fd83000 FrameBuffer.cpp:3790] Failed to find ColorBuffer:1661
E0414 16:57:49.229511 fd83000 FrameBuffer.cpp:3790] Failed to find ColorBuffer:1662
E0414 16:57:49.229515 fd83000 FrameBuffer.cpp:3790] Failed to find ColorBuffer:1674
E0414 16:57:49.229518 fd83000 FrameBuffer.cpp:3790] Failed to find ColorBuffer:1675
E0414 16:57:49.229522 fd83000 FrameBuffer.cpp:3790] Failed to find ColorBuffer:1665
E0414 16:57:49.229526 fd83000 FrameBuffer.cpp:3790] Failed to find ColorBuffer:1666
E0414 16:57:49.229529 fd83000 FrameBuffer.cpp:3790] Failed to find ColorBuffer:1667
E0414 16:57:49.229533 fd83000 FrameBuffer.cpp:3790] Failed to find ColorBuffer:1659
E0414 16:57:49.229537 fd83000 FrameBuffer.cpp:3790] Failed to find ColorBuffer:1676
E0414 16:57:49.229556 fd83000 FrameBuffer.cpp:3790] Failed to find ColorBuffer:1663
E0414 16:57:49.229599 fd83000 FrameBuffer.cpp:3790] Failed to find ColorBuffer:1673
E0414 16:57:49.229646 fd83000 FrameBuffer.cpp:3790] Failed to find ColorBuffer:1669
E0414 16:57:49.229651 fd83000 FrameBuffer.cpp:3790] Failed to find ColorBuffer:1670
E0414 16:57:49.229655 fd83000 FrameBuffer.cpp:3790] Failed to find ColorBuffer:1664
E0414 16:57:49.229659 fd83000 FrameBuffer.cpp:3790] Failed to find ColorBuffer:1660
E0414 16:57:49.229663 fd83000 FrameBuffer.cpp:3790] Failed to find ColorBuffer:1668
E0414 16:57:49.229667 fd83000 FrameBuffer.cpp:3790] Failed to find ColorBuffer:1658
E0414 16:57:49.229671 fd83000 FrameBuffer.cpp:3790] Failed to find ColorBuffer:1671
E0414 16:57:49.229675 fd83000 FrameBuffer.cpp:3790] Failed to find ColorBuffer:1672
E0414 16:57:49.229679 fd83000 FrameBuffer.cpp:3790] Failed to find ColorBuffer:1661
E0414 16:57:49.229683 fd83000 FrameBuffer.cpp:3790] Failed to find ColorBuffer:1662
E0414 16:57:49.229686 fd83000 FrameBuffer.cpp:3790] Failed to find ColorBuffer:1674
E0414 16:57:49.229690 fd83000 FrameBuffer.cpp:3790] Failed to find ColorBuffer:1675
E0414 16:57:49.229694 fd83000 FrameBuffer.cpp:3790] Failed to find ColorBuffer:1665
E0414 16:57:49.229698 fd83000 FrameBuffer.cpp:3790] Failed to find ColorBuffer:1666
E0414 16:57:49.229702 fd83000 FrameBuffer.cpp:3790] Failed to find ColorBuffer:1667
E0414 16:57:49.229706 fd83000 FrameBuffer.cpp:3790] Failed to find ColorBuffer:1659
E0414 16:57:49.229710 fd83000 FrameBuffer.cpp:3790] Failed to find ColorBuffer:1676
E0414 16:57:49.229713 fd83000 FrameBuffer.cpp:3790] Failed to find ColorBuffer:1663
E0414 16:57:49.229718 fd83000 FrameBuffer.cpp:3790] Failed to find ColorBuffer:1673
E0414 16:57:49.229722 fd83000 FrameBuffer.cpp:3790] Failed to find ColorBuffer:1669
E0414 16:57:49.229726 fd83000 FrameBuffer.cpp:3790] Failed to find ColorBuffer:1670
E0414 16:57:49.229730 fd83000 FrameBuffer.cpp:3790] Failed to find ColorBuffer:1664
E0414 16:57:49.229733 fd83000 FrameBuffer.cpp:3790] Failed to find ColorBuffer:1660
E0414 16:57:49.229737 fd83000 FrameBuffer.cpp:3790] Failed to find ColorBuffer:1668
E0414 16:57:49.229741 fd83000 FrameBuffer.cpp:3790] Failed to find ColorBuffer:1658
E0414 16:57:49.229745 fd83000 FrameBuffer.cpp:3790] Failed to find ColorBuffer:1671
E0414 16:57:49.229749 fd83000 FrameBuffer.cpp:3790] Failed to find ColorBuffer:1672
E0414 16:57:49.229753 fd83000 FrameBuffer.cpp:3790] Failed to find ColorBuffer:1661
E0414 16:57:49.229789 fd83000 FrameBuffer.cpp:3790] Failed to find ColorBuffer:1662
E0414 16:57:49.229797 fd83000 FrameBuffer.cpp:3790] Failed to find ColorBuffer:1674
E0414 16:57:49.229801 fd83000 FrameBuffer.cpp:3790] Failed to find ColorBuffer:1675
E0414 16:57:49.229805 fd83000 FrameBuffer.cpp:3790] Failed to find ColorBuffer:1665
E0414 16:57:49.229809 fd83000 FrameBuffer.cpp:3790] Failed to find ColorBuffer:1666
E0414 16:57:49.229813 fd83000 FrameBuffer.cpp:3790] Failed to find ColorBuffer:1667
E0414 16:57:49.229816 fd83000 FrameBuffer.cpp:3790] Failed to find ColorBuffer:1659
E0414 16:57:49.229820 fd83000 FrameBuffer.cpp:3790] Failed to find ColorBuffer:1676
E0414 16:57:49.229824 fd83000 FrameBuffer.cpp:3790] Failed to find ColorBuffer:1663
E0414 16:57:49.229828 fd83000 FrameBuffer.cpp:3790] Failed to find ColorBuffer:1673
E0414 16:57:49.229832 fd83000 FrameBuffer.cpp:3790] Failed to find ColorBuffer:1669
E0414 16:57:49.229836 fd83000 FrameBuffer.cpp:3790] Failed to find ColorBuffer:1670
E0414 16:57:49.229840 fd83000 FrameBuffer.cpp:3790] Failed to find ColorBuffer:1664
E0414 16:57:49.229843 fd83000 FrameBuffer.cpp:3790] Failed to find ColorBuffer:1660
E0414 16:57:49.229847 fd83000 FrameBuffer.cpp:3790] Failed to find ColorBuffer:1668
E0414 16:57:49.229851 fd83000 FrameBuffer.cpp:3790] Failed to find ColorBuffer:1658
E0414 16:57:49.229855 fd83000 FrameBuffer.cpp:3790] Failed to find ColorBuffer:1671
E0414 16:57:49.229858 fd83000 FrameBuffer.cpp:3790] Failed to find ColorBuffer:1672
E0414 16:57:49.229862 fd83000 FrameBuffer.cpp:3790] Failed to find ColorBuffer:1661
E0414 16:57:49.229866 fd83000 FrameBuffer.cpp:3790] Failed to find ColorBuffer:1662
E0414 16:57:49.229870 fd83000 FrameBuffer.cpp:3790] Failed to find ColorBuffer:1674
E0414 16:57:49.229903 fd83000 FrameBuffer.cpp:3790] Failed to find ColorBuffer:1675
E0414 16:57:49.229935 fd83000 FrameBuffer.cpp:3790] Failed to find ColorBuffer:1665
E0414 16:57:49.229959 fd83000 FrameBuffer.cpp:3790] Failed to find ColorBuffer:1666
E0414 16:57:49.229971 fd83000 FrameBuffer.cpp:3790] Failed to find ColorBuffer:1667
E0414 16:57:49.229976 fd83000 FrameBuffer.cpp:3790] Failed to find ColorBuffer:1659
E0414 16:57:49.229980 fd83000 FrameBuffer.cpp:3790] Failed to find ColorBuffer:1676
E0414 16:57:49.229984 fd83000 FrameBuffer.cpp:3790] Failed to find ColorBuffer:1663
E0414 16:57:49.229987 fd83000 FrameBuffer.cpp:3790] Failed to find ColorBuffer:1673
E0414 16:57:49.229991 fd83000 FrameBuffer.cpp:3790] Failed to find ColorBuffer:1669
E0414 16:57:49.229995 fd83000 FrameBuffer.cpp:3790] Failed to find ColorBuffer:1670
E0414 16:57:49.229998 fd83000 FrameBuffer.cpp:3790] Failed to find ColorBuffer:1664
E0414 16:57:49.230002 fd83000 FrameBuffer.cpp:3790] Failed to find ColorBuffer:1660
E0414 16:57:49.230006 fd83000 FrameBuffer.cpp:3790] Failed to find ColorBuffer:1668
E0414 16:57:49.230010 fd83000 FrameBuffer.cpp:3790] Failed to find ColorBuffer:1658
E0414 16:57:49.230014 fd83000 FrameBuffer.cpp:3790] Failed to find ColorBuffer:1671
E0414 16:57:49.230018 fd83000 FrameBuffer.cpp:3790] Failed to find ColorBuffer:1672
E0414 16:57:49.230022 fd83000 FrameBuffer.cpp:3790] Failed to find ColorBuffer:1661
E0414 16:57:49.230026 fd83000 FrameBuffer.cpp:3790] Failed to find ColorBuffer:1662
E0414 16:57:49.230030 fd83000 FrameBuffer.cpp:3790] Failed to find ColorBuffer:1674
E0414 16:57:49.230034 fd83000 FrameBuffer.cpp:3790] Failed to find ColorBuffer:1675
E0414 16:57:49.230038 fd83000 FrameBuffer.cpp:3790] Failed to find ColorBuffer:1665
E0414 16:57:49.230042 fd83000 FrameBuffer.cpp:3790] Failed to find ColorBuffer:1666
E0414 16:57:49.230045 fd83000 FrameBuffer.cpp:3790] Failed to find ColorBuffer:1667
E0414 16:57:49.230049 fd83000 FrameBuffer.cpp:3790] Failed to find ColorBuffer:1659
E0414 16:57:49.230053 fd83000 FrameBuffer.cpp:3790] Failed to find ColorBuffer:1676
E0414 16:57:49.230057 fd83000 FrameBuffer.cpp:3790] Failed to find ColorBuffer:1663
E0414 16:57:49.230061 fd83000 FrameBuffer.cpp:3790] Failed to find ColorBuffer:1673
E0414 16:57:49.230064 fd83000 FrameBuffer.cpp:3790] Failed to find ColorBuffer:1669
E0414 16:57:49.230068 fd83000 FrameBuffer.cpp:3790] Failed to find ColorBuffer:1670
E0414 16:57:49.230072 fd83000 FrameBuffer.cpp:3790] Failed to find ColorBuffer:1664
E0414 16:57:49.230076 fd83000 FrameBuffer.cpp:3790] Failed to find ColorBuffer:1660
E0414 16:57:49.230080 fd83000 FrameBuffer.cpp:3790] Failed to find ColorBuffer:1668
E0414 16:57:49.230083 fd83000 FrameBuffer.cpp:3790] Failed to find ColorBuffer:1658
E0414 16:57:49.230087 fd83000 FrameBuffer.cpp:3790] Failed to find ColorBuffer:1671
E0414 16:57:49.230091 fd83000 FrameBuffer.cpp:3790] Failed to find ColorBuffer:1672
E0414 16:57:49.230095 fd83000 FrameBuffer.cpp:3790] Failed to find ColorBuffer:1661
E0414 16:57:49.230099 fd83000 FrameBuffer.cpp:3790] Failed to find ColorBuffer:1662
E0414 16:57:49.230103 fd83000 FrameBuffer.cpp:3790] Failed to find ColorBuffer:1674
E0414 16:57:49.230106 fd83000 FrameBuffer.cpp:3790] Failed to find ColorBuffer:1675
E0414 16:57:49.230110 fd83000 FrameBuffer.cpp:3790] Failed to find ColorBuffer:1665
E0414 16:57:49.230115 fd83000 FrameBuffer.cpp:3790] Failed to find ColorBuffer:1666
E0414 16:57:49.230118 fd83000 FrameBuffer.cpp:3790] Failed to find ColorBuffer:1667
E0414 16:57:49.230122 fd83000 FrameBuffer.cpp:3790] Failed to find ColorBuffer:1659
E0414 16:57:49.230126 fd83000 FrameBuffer.cpp:3790] Failed to find ColorBuffer:1676
E0414 16:57:49.230130 fd83000 FrameBuffer.cpp:3790] Failed to find ColorBuffer:1663
E0414 16:57:49.230133 fd83000 FrameBuffer.cpp:3790] Failed to find ColorBuffer:1673
E0414 16:57:49.230137 fd83000 FrameBuffer.cpp:3790] Failed to find ColorBuffer:1669
E0414 16:57:49.230141 fd83000 FrameBuffer.cpp:3790] Failed to find ColorBuffer:1670
E0414 16:57:49.230145 fd83000 FrameBuffer.cpp:3790] Failed to find ColorBuffer:1664
E0414 16:57:49.230159 fd83000 FrameBuffer.cpp:3790] Failed to find ColorBuffer:1660
E0414 16:57:49.230164 fd83000 FrameBuffer.cpp:3790] Failed to find ColorBuffer:1668
E0414 16:57:49.230169 fd83000 FrameBuffer.cpp:3790] Failed to find ColorBuffer:1658
E0414 16:57:49.230175 fd83000 FrameBuffer.cpp:3790] Failed to find ColorBuffer:1671
E0414 16:57:49.230181 fd83000 FrameBuffer.cpp:3790] Failed to find ColorBuffer:1672
E0414 16:57:49.230185 fd83000 FrameBuffer.cpp:3790] Failed to find ColorBuffer:1661
E0414 16:57:49.230190 fd83000 FrameBuffer.cpp:3790] Failed to find ColorBuffer:1662
E0414 16:57:49.230195 fd83000 FrameBuffer.cpp:3790] Failed to find ColorBuffer:1674
E0414 16:57:49.230200 fd83000 FrameBuffer.cpp:3790] Failed to find ColorBuffer:1675
E0414 16:57:49.230205 fd83000 FrameBuffer.cpp:3790] Failed to find ColorBuffer:1665
E0414 16:57:49.230210 fd83000 FrameBuffer.cpp:3790] Failed to find ColorBuffer:1666
E0414 16:57:49.230215 fd83000 FrameBuffer.cpp:3790] Failed to find ColorBuffer:1667
E0414 16:57:49.230220 fd83000 FrameBuffer.cpp:3790] Failed to find ColorBuffer:1659
E0414 16:57:49.230226 fd83000 FrameBuffer.cpp:3790] Failed to find ColorBuffer:1676
E0414 16:57:49.230231 fd83000 FrameBuffer.cpp:3790] Failed to find ColorBuffer:1663
E0414 16:57:49.230236 fd83000 FrameBuffer.cpp:3790] Failed to find ColorBuffer:1673
E0414 16:57:49.230241 fd83000 FrameBuffer.cpp:3790] Failed to find ColorBuffer:1669
E0414 16:57:49.230246 fd83000 FrameBuffer.cpp:3790] Failed to find ColorBuffer:1670
E0414 16:57:49.230251 fd83000 FrameBuffer.cpp:3790] Failed to find ColorBuffer:1664
E0414 16:57:49.230256 fd83000 FrameBuffer.cpp:3790] Failed to find ColorBuffer:1660
E0414 16:57:49.230261 fd83000 FrameBuffer.cpp:3790] Failed to find ColorBuffer:1668
E0414 16:57:49.230266 fd83000 FrameBuffer.cpp:3790] Failed to find ColorBuffer:1658
E0414 16:57:49.230280 fd83000 FrameBuffer.cpp:3790] Failed to find ColorBuffer:1671
E0414 16:57:49.230316 fd83000 FrameBuffer.cpp:3790] Failed to find ColorBuffer:1672
E0414 16:57:49.230329 fd83000 FrameBuffer.cpp:3790] Failed to find ColorBuffer:1661
E0414 16:57:49.230334 fd83000 FrameBuffer.cpp:3790] Failed to find ColorBuffer:1662
E0414 16:57:49.230339 fd83000 FrameBuffer.cpp:3790] Failed to find ColorBuffer:1674
E0414 16:57:49.230345 fd83000 FrameBuffer.cpp:3790] Failed to find ColorBuffer:1675
E0414 16:57:49.230350 fd83000 FrameBuffer.cpp:3790] Failed to find ColorBuffer:1665
E0414 16:57:49.230355 fd83000 FrameBuffer.cpp:3790] Failed to find ColorBuffer:1666
E0414 16:57:49.230359 fd83000 FrameBuffer.cpp:3790] Failed to find ColorBuffer:1667
E0414 16:57:49.230363 fd83000 FrameBuffer.cpp:3790] Failed to find ColorBuffer:1659
E0414 16:57:49.230367 fd83000 FrameBuffer.cpp:3790] Failed to find ColorBuffer:1676
E0414 16:57:49.230371 fd83000 FrameBuffer.cpp:3790] Failed to find ColorBuffer:1663
E0414 16:57:49.230375 fd83000 FrameBuffer.cpp:3790] Failed to find ColorBuffer:1673
E0414 16:57:49.230379 fd83000 FrameBuffer.cpp:3790] Failed to find ColorBuffer:1669
E0414 16:57:49.230383 fd83000 FrameBuffer.cpp:3790] Failed to find ColorBuffer:1670
E0414 16:57:49.230387 fd83000 FrameBuffer.cpp:3790] Failed to find ColorBuffer:1664
E0414 16:57:49.230391 fd83000 FrameBuffer.cpp:3790] Failed to find ColorBuffer:1660
E0414 16:57:49.230394 fd83000 FrameBuffer.cpp:3790] Failed to find ColorBuffer:1668
E0414 16:57:49.230398 fd83000 FrameBuffer.cpp:3790] Failed to find ColorBuffer:1658
E0414 16:57:49.230402 fd83000 FrameBuffer.cpp:3790] Failed to find ColorBuffer:1671
E0414 16:57:49.230406 fd83000 FrameBuffer.cpp:3790] Failed to find ColorBuffer:1672
E0414 16:57:49.230429 fd83000 FrameBuffer.cpp:3790] Failed to find ColorBuffer:1661
E0414 16:57:49.230466 fd83000 FrameBuffer.cpp:3790] Failed to find ColorBuffer:1662
E0414 16:57:49.230494 fd83000 FrameBuffer.cpp:3790] Failed to find ColorBuffer:1674
E0414 16:57:49.230542 fd83000 FrameBuffer.cpp:3790] Failed to find ColorBuffer:1675
E0414 16:57:49.230559 fd83000 FrameBuffer.cpp:3790] Failed to find ColorBuffer:1665
E0414 16:57:49.230792 fd83000 FrameBuffer.cpp:3790] Failed to find ColorBuffer:1666
E0414 16:57:49.230799 fd83000 FrameBuffer.cpp:3790] Failed to find ColorBuffer:1667
E0414 16:57:49.230805 fd83000 FrameBuffer.cpp:3790] Failed to find ColorBuffer:1659
E0414 16:57:49.230808 fd83000 FrameBuffer.cpp:3790] Failed to find ColorBuffer:1676
E0414 16:57:49.230812 fd83000 FrameBuffer.cpp:3790] Failed to find ColorBuffer:1663
E0414 16:57:49.230816 fd83000 FrameBuffer.cpp:3790] Failed to find ColorBuffer:1673
E0414 16:57:49.230820 fd83000 FrameBuffer.cpp:3790] Failed to find ColorBuffer:1669
E0414 16:57:49.230825 fd83000 FrameBuffer.cpp:3790] Failed to find ColorBuffer:1670
E0414 16:57:49.230829 fd83000 FrameBuffer.cpp:3790] Failed to find ColorBuffer:1664
E0414 16:57:49.230833 fd83000 FrameBuffer.cpp:3790] Failed to find ColorBuffer:1660
E0414 16:57:49.230837 fd83000 FrameBuffer.cpp:3790] Failed to find ColorBuffer:1668
E0414 16:57:49.230841 fd83000 FrameBuffer.cpp:3790] Failed to find ColorBuffer:1658
E0414 16:57:49.230845 fd83000 FrameBuffer.cpp:3790] Failed to find ColorBuffer:1671
E0414 16:57:49.230849 fd83000 FrameBuffer.cpp:3790] Failed to find ColorBuffer:1672
E0414 16:57:49.230853 fd83000 FrameBuffer.cpp:3790] Failed to find ColorBuffer:1661
E0414 16:57:49.230857 fd83000 FrameBuffer.cpp:3790] Failed to find ColorBuffer:1662
E0414 16:57:49.230861 fd83000 FrameBuffer.cpp:3790] Failed to find ColorBuffer:1674
E0414 16:57:49.230865 fd83000 FrameBuffer.cpp:3790] Failed to find ColorBuffer:1675
E0414 16:57:49.230869 fd83000 FrameBuffer.cpp:3790] Failed to find ColorBuffer:1665
E0414 16:57:49.230872 fd83000 FrameBuffer.cpp:3790] Failed to find ColorBuffer:1666
E0414 16:57:49.230876 fd83000 FrameBuffer.cpp:3790] Failed to find ColorBuffer:1667
E0414 16:57:49.230880 fd83000 FrameBuffer.cpp:3790] Failed to find ColorBuffer:1659
E0414 16:57:49.230884 fd83000 FrameBuffer.cpp:3790] Failed to find ColorBuffer:1676
E0414 16:57:49.230887 fd83000 FrameBuffer.cpp:3790] Failed to find ColorBuffer:1663
E0414 16:57:49.230905 fd83000 FrameBuffer.cpp:3790] Failed to find ColorBuffer:1673
E0414 16:57:49.230921 fd83000 FrameBuffer.cpp:3790] Failed to find ColorBuffer:1669
E0414 16:57:49.230926 fd83000 FrameBuffer.cpp:3790] Failed to find ColorBuffer:1670
E0414 16:57:49.230930 fd83000 FrameBuffer.cpp:3790] Failed to find ColorBuffer:1664
E0414 16:57:49.230933 fd83000 FrameBuffer.cpp:3790] Failed to find ColorBuffer:1660
E0414 16:57:49.230938 fd83000 FrameBuffer.cpp:3790] Failed to find ColorBuffer:1668
E0414 16:57:49.230941 fd83000 FrameBuffer.cpp:3790] Failed to find ColorBuffer:1658
E0414 16:57:49.230945 fd83000 FrameBuffer.cpp:3790] Failed to find ColorBuffer:1671
E0414 16:57:49.230949 fd83000 FrameBuffer.cpp:3790] Failed to find ColorBuffer:1672
E0414 16:57:49.230953 fd83000 FrameBuffer.cpp:3790] Failed to find ColorBuffer:1661
E0414 16:57:49.230957 fd83000 FrameBuffer.cpp:3790] Failed to find ColorBuffer:1662
E0414 16:57:49.230960 fd83000 FrameBuffer.cpp:3790] Failed to find ColorBuffer:1674
E0414 16:57:49.230964 fd83000 FrameBuffer.cpp:3790] Failed to find ColorBuffer:1675
E0414 16:57:49.230968 fd83000 FrameBuffer.cpp:3790] Failed to find ColorBuffer:1665
E0414 16:57:49.230972 fd83000 FrameBuffer.cpp:3790] Failed to find ColorBuffer:1666
E0414 16:57:49.230976 fd83000 FrameBuffer.cpp:3790] Failed to find ColorBuffer:1667
E0414 16:57:49.230980 fd83000 FrameBuffer.cpp:3790] Failed to find ColorBuffer:1659
E0414 16:57:49.230984 fd83000 FrameBuffer.cpp:3790] Failed to find ColorBuffer:1676
E0414 16:57:49.230988 fd83000 FrameBuffer.cpp:3790] Failed to find ColorBuffer:1663
E0414 16:57:49.230991 fd83000 FrameBuffer.cpp:3790] Failed to find ColorBuffer:1673
E0414 16:57:49.230995 fd83000 FrameBuffer.cpp:3790] Failed to find ColorBuffer:1669
E0414 16:57:49.230999 fd83000 FrameBuffer.cpp:3790] Failed to find ColorBuffer:1670
E0414 16:57:49.231003 fd83000 FrameBuffer.cpp:3790] Failed to find ColorBuffer:1664
E0414 16:57:49.231007 fd83000 FrameBuffer.cpp:3790] Failed to find ColorBuffer:1660
E0414 16:57:49.231011 fd83000 FrameBuffer.cpp:3790] Failed to find ColorBuffer:1668
E0414 16:57:49.231029 fd83000 FrameBuffer.cpp:3790] Failed to find ColorBuffer:1658
E0414 16:57:49.231033 fd83000 FrameBuffer.cpp:3790] Failed to find ColorBuffer:1671
E0414 16:57:49.231037 fd83000 FrameBuffer.cpp:3790] Failed to find ColorBuffer:1672
E0414 16:57:49.231041 fd83000 FrameBuffer.cpp:3790] Failed to find ColorBuffer:1661
E0414 16:57:49.231045 fd83000 FrameBuffer.cpp:3790] Failed to find ColorBuffer:1662
E0414 16:57:49.231049 fd83000 FrameBuffer.cpp:3790] Failed to find ColorBuffer:1674
E0414 16:57:49.231053 fd83000 FrameBuffer.cpp:3790] Failed to find ColorBuffer:1675
E0414 16:57:49.231057 fd83000 FrameBuffer.cpp:3790] Failed to find ColorBuffer:1665
E0414 16:57:49.231061 fd83000 FrameBuffer.cpp:3790] Failed to find ColorBuffer:1666
E0414 16:57:49.231065 fd83000 FrameBuffer.cpp:3790] Failed to find ColorBuffer:1667
E0414 16:57:49.231069 fd83000 FrameBuffer.cpp:3790] Failed to find ColorBuffer:1659
E0414 16:57:49.231080 fd83000 FrameBuffer.cpp:3790] Failed to find ColorBuffer:1676
E0414 16:57:49.231143 fd83000 FrameBuffer.cpp:3790] Failed to find ColorBuffer:1663
E0414 16:57:49.231163 fd83000 FrameBuffer.cpp:3790] Failed to find ColorBuffer:1673
E0414 16:57:49.231180 fd83000 FrameBuffer.cpp:3790] Failed to find ColorBuffer:1669
E0414 16:57:49.231194 fd83000 FrameBuffer.cpp:3790] Failed to find ColorBuffer:1670
E0414 16:57:49.231240 fd83000 FrameBuffer.cpp:3790] Failed to find ColorBuffer:1664
E0414 16:57:49.231270 fd83000 FrameBuffer.cpp:3790] Failed to find ColorBuffer:1660
E0414 16:57:49.231283 fd83000 FrameBuffer.cpp:3790] Failed to find ColorBuffer:1668
E0414 16:57:49.231287 fd83000 FrameBuffer.cpp:3790] Failed to find ColorBuffer:1658
E0414 16:57:49.231292 fd83000 FrameBuffer.cpp:3790] Failed to find ColorBuffer:1671
E0414 16:57:49.231296 fd83000 FrameBuffer.cpp:3790] Failed to find ColorBuffer:1672
E0414 16:57:49.231300 fd83000 FrameBuffer.cpp:3790] Failed to find ColorBuffer:1661
E0414 16:57:49.231305 fd83000 FrameBuffer.cpp:3790] Failed to find ColorBuffer:1662
E0414 16:57:49.231309 fd83000 FrameBuffer.cpp:3790] Failed to find ColorBuffer:1674
E0414 16:57:49.231313 fd83000 FrameBuffer.cpp:3790] Failed to find ColorBuffer:1675
E0414 16:57:49.231317 fd83000 FrameBuffer.cpp:3790] Failed to find ColorBuffer:1665
E0414 16:57:49.231321 fd83000 FrameBuffer.cpp:3790] Failed to find ColorBuffer:1666
E0414 16:57:49.231384 fd83000 FrameBuffer.cpp:3790] Failed to find ColorBuffer:1667
E0414 16:57:49.231395 fd83000 FrameBuffer.cpp:3790] Failed to find ColorBuffer:1659
E0414 16:57:49.231399 fd83000 FrameBuffer.cpp:3790] Failed to find ColorBuffer:1676
E0414 16:57:49.231403 fd83000 FrameBuffer.cpp:3790] Failed to find ColorBuffer:1663
E0414 16:57:49.231407 fd83000 FrameBuffer.cpp:3790] Failed to find ColorBuffer:1673
E0414 16:57:49.231411 fd83000 FrameBuffer.cpp:3790] Failed to find ColorBuffer:1669
E0414 16:57:49.231415 fd83000 FrameBuffer.cpp:3790] Failed to find ColorBuffer:1670
E0414 16:57:49.231418 fd83000 FrameBuffer.cpp:3790] Failed to find ColorBuffer:1664
E0414 16:57:49.231422 fd83000 FrameBuffer.cpp:3790] Failed to find ColorBuffer:1660
E0414 16:57:49.231426 fd83000 FrameBuffer.cpp:3790] Failed to find ColorBuffer:1668
E0414 16:57:49.231430 fd83000 FrameBuffer.cpp:3790] Failed to find ColorBuffer:1658
E0414 16:57:49.231434 fd83000 FrameBuffer.cpp:3790] Failed to find ColorBuffer:1671
E0414 16:57:49.231438 fd83000 FrameBuffer.cpp:3790] Failed to find ColorBuffer:1672
E0414 16:57:49.231442 fd83000 FrameBuffer.cpp:3790] Failed to find ColorBuffer:1661
E0414 16:57:49.231446 fd83000 FrameBuffer.cpp:3790] Failed to find ColorBuffer:1662
E0414 16:57:49.231450 fd83000 FrameBuffer.cpp:3790] Failed to find ColorBuffer:1674
E0414 16:57:49.231453 fd83000 FrameBuffer.cpp:3790] Failed to find ColorBuffer:1675
E0414 16:57:49.231457 fd83000 FrameBuffer.cpp:3790] Failed to find ColorBuffer:1665
E0414 16:57:49.231461 fd83000 FrameBuffer.cpp:3790] Failed to find ColorBuffer:1666
E0414 16:57:49.231465 fd83000 FrameBuffer.cpp:3790] Failed to find ColorBuffer:1667
E0414 16:57:49.231469 fd83000 FrameBuffer.cpp:3790] Failed to find ColorBuffer:1659
E0414 16:57:49.231483 fd83000 FrameBuffer.cpp:3790] Failed to find ColorBuffer:1676
E0414 16:57:49.231487 fd83000 FrameBuffer.cpp:3790] Failed to find ColorBuffer:1663
E0414 16:57:49.231491 fd83000 FrameBuffer.cpp:3790] Failed to find ColorBuffer:1673
E0414 16:57:49.231495 fd83000 FrameBuffer.cpp:3790] Failed to find ColorBuffer:1669
E0414 16:57:49.231499 fd83000 FrameBuffer.cpp:3790] Failed to find ColorBuffer:1657
E0414 16:57:49.231503 fd83000 FrameBuffer.cpp:3790] Failed to find ColorBuffer:1670
E0414 16:57:49.231507 fd83000 FrameBuffer.cpp:3790] Failed to find ColorBuffer:1664
E0414 16:57:49.231511 fd83000 FrameBuffer.cpp:3790] Failed to find ColorBuffer:1660
E0414 16:57:49.231515 fd83000 FrameBuffer.cpp:3790] Failed to find ColorBuffer:1668
E0414 16:57:49.231519 fd83000 FrameBuffer.cpp:3790] Failed to find ColorBuffer:1658
E0414 16:57:49.231523 fd83000 FrameBuffer.cpp:3790] Failed to find ColorBuffer:1653
E0414 16:57:49.231527 fd83000 FrameBuffer.cpp:3790] Failed to find ColorBuffer:1671
E0414 16:57:49.231531 fd83000 FrameBuffer.cpp:3790] Failed to find ColorBuffer:1655
E0414 16:57:49.231535 fd83000 FrameBuffer.cpp:3790] Failed to find ColorBuffer:1657
E0414 16:57:49.231539 fd83000 FrameBuffer.cpp:3790] Failed to find ColorBuffer:1672
E0414 16:57:49.231543 fd83000 FrameBuffer.cpp:3790] Failed to find ColorBuffer:1653
E0414 16:57:49.231547 fd83000 FrameBuffer.cpp:3790] Failed to find ColorBuffer:1655
E0414 16:57:49.231551 fd83000 FrameBuffer.cpp:3790] Failed to find ColorBuffer:1661
E0414 16:57:49.231555 fd83000 FrameBuffer.cpp:3790] Failed to find ColorBuffer:1657
E0414 16:57:49.231559 fd83000 FrameBuffer.cpp:3790] Failed to find ColorBuffer:1653
E0414 16:57:49.231563 fd83000 FrameBuffer.cpp:3790] Failed to find ColorBuffer:1662
E0414 16:57:49.231567 fd83000 FrameBuffer.cpp:3790] Failed to find ColorBuffer:1655
E0414 16:57:49.231571 fd83000 FrameBuffer.cpp:3790] Failed to find ColorBuffer:1657
E0414 16:57:49.231575 fd83000 FrameBuffer.cpp:3790] Failed to find ColorBuffer:1674
E0414 16:57:49.231579 fd83000 FrameBuffer.cpp:3790] Failed to find ColorBuffer:1653
E0414 16:57:49.231583 fd83000 FrameBuffer.cpp:3790] Failed to find ColorBuffer:1655
E0414 16:57:49.231587 fd83000 FrameBuffer.cpp:3790] Failed to find ColorBuffer:1675
E0414 16:57:49.231591 fd83000 FrameBuffer.cpp:3790] Failed to find ColorBuffer:1657
E0414 16:57:49.231595 fd83000 FrameBuffer.cpp:3790] Failed to find ColorBuffer:1653
E0414 16:57:49.231599 fd83000 FrameBuffer.cpp:3790] Failed to find ColorBuffer:1665
E0414 16:57:49.231603 fd83000 FrameBuffer.cpp:3790] Failed to find ColorBuffer:1655
E0414 16:57:49.231607 fd83000 FrameBuffer.cpp:3790] Failed to find ColorBuffer:1657
E0414 16:57:49.231611 fd83000 FrameBuffer.cpp:3790] Failed to find ColorBuffer:1666
E0414 16:57:49.231614 fd83000 FrameBuffer.cpp:3790] Failed to find ColorBuffer:1653
E0414 16:57:49.231619 fd83000 FrameBuffer.cpp:3790] Failed to find ColorBuffer:1655
E0414 16:57:49.231623 fd83000 FrameBuffer.cpp:3790] Failed to find ColorBuffer:1667
E0414 16:57:49.231626 fd83000 FrameBuffer.cpp:3790] Failed to find ColorBuffer:1657
E0414 16:57:49.231630 fd83000 FrameBuffer.cpp:3790] Failed to find ColorBuffer:1659
E0414 16:57:49.231635 fd83000 FrameBuffer.cpp:3790] Failed to find ColorBuffer:1676
E0414 16:57:49.231639 fd83000 FrameBuffer.cpp:3790] Failed to find ColorBuffer:1663
E0414 16:57:49.231643 fd83000 FrameBuffer.cpp:3790] Failed to find ColorBuffer:1673
E0414 16:57:49.231647 fd83000 FrameBuffer.cpp:3790] Failed to find ColorBuffer:1669
E0414 16:57:49.231652 fd83000 FrameBuffer.cpp:3790] Failed to find ColorBuffer:1670
E0414 16:57:49.231655 fd83000 FrameBuffer.cpp:3790] Failed to find ColorBuffer:1664
E0414 16:57:49.231659 fd83000 FrameBuffer.cpp:3790] Failed to find ColorBuffer:1660
E0414 16:57:49.231663 fd83000 FrameBuffer.cpp:3790] Failed to find ColorBuffer:1668
E0414 16:57:49.231668 fd83000 FrameBuffer.cpp:3790] Failed to find ColorBuffer:1658
E0414 16:57:49.231672 fd83000 FrameBuffer.cpp:3790] Failed to find ColorBuffer:1671
E0414 16:57:49.231676 fd83000 FrameBuffer.cpp:3790] Failed to find ColorBuffer:1672
E0414 16:57:49.231689 fd83000 FrameBuffer.cpp:3790] Failed to find ColorBuffer:1661
E0414 16:57:49.231707 fd83000 FrameBuffer.cpp:3790] Failed to find ColorBuffer:1662
E0414 16:57:49.231713 fd83000 FrameBuffer.cpp:3790] Failed to find ColorBuffer:1674
E0414 16:57:49.231718 fd83000 FrameBuffer.cpp:3790] Failed to find ColorBuffer:1675
E0414 16:57:49.231724 fd83000 FrameBuffer.cpp:3790] Failed to find ColorBuffer:1665
E0414 16:57:49.231729 fd83000 FrameBuffer.cpp:3790] Failed to find ColorBuffer:1666
E0414 16:57:49.231734 fd83000 FrameBuffer.cpp:3790] Failed to find ColorBuffer:1667
E0414 16:57:49.231740 fd83000 FrameBuffer.cpp:3790] Failed to find ColorBuffer:1659
E0414 16:57:49.231745 fd83000 FrameBuffer.cpp:3790] Failed to find ColorBuffer:1676
E0414 16:57:49.231749 fd83000 FrameBuffer.cpp:3790] Failed to find ColorBuffer:1663
E0414 16:57:49.231755 fd83000 FrameBuffer.cpp:3790] Failed to find ColorBuffer:1673
E0414 16:57:49.231761 fd83000 FrameBuffer.cpp:3790] Failed to find ColorBuffer:1669
E0414 16:57:49.231766 fd83000 FrameBuffer.cpp:3790] Failed to find ColorBuffer:1670
E0414 16:57:49.231770 fd83000 FrameBuffer.cpp:3790] Failed to find ColorBuffer:1653
E0414 16:57:49.231775 fd83000 FrameBuffer.cpp:3790] Failed to find ColorBuffer:1664
E0414 16:57:49.231780 fd83000 FrameBuffer.cpp:3790] Failed to find ColorBuffer:1660
E0414 16:57:49.231786 fd83000 FrameBuffer.cpp:3790] Failed to find ColorBuffer:1668
E0414 16:57:49.231791 fd83000 FrameBuffer.cpp:3790] Failed to find ColorBuffer:1658
E0414 16:57:50.784016 fd83000 FrameBuffer.cpp:3790] Failed to find ColorBuffer:1678
E0414 16:57:50.784123 fd83000 FrameBuffer.cpp:3790] Failed to find ColorBuffer:1681
E0414 16:57:50.784139 fd83000 FrameBuffer.cpp:3790] Failed to find ColorBuffer:1680
E0414 16:58:01.107130 fd83000 FrameBuffer.cpp:3790] Failed to find ColorBuffer:1682
E0414 16:58:03.619574 fd83000 FrameBuffer.cpp:3790] Failed to find ColorBuffer:1692
E0414 16:58:14.535119 fd83000 FrameBuffer.cpp:3790] Failed to find ColorBuffer:1748
E0414 16:58:14.535288 fd83000 FrameBuffer.cpp:3790] Failed to find ColorBuffer:1752
E0414 16:58:14.535297 fd83000 FrameBuffer.cpp:3790] Failed to find ColorBuffer:1746
E0414 16:58:14.535303 fd83000 FrameBuffer.cpp:3790] Failed to find ColorBuffer:1748
E0414 16:58:14.535308 fd83000 FrameBuffer.cpp:3790] Failed to find ColorBuffer:1752
E0414 16:58:14.535354 fd83000 FrameBuffer.cpp:3790] Failed to find ColorBuffer:1755
E0414 16:58:14.535360 fd83000 FrameBuffer.cpp:3790] Failed to find ColorBuffer:1746
E0414 16:58:14.535364 fd83000 FrameBuffer.cpp:3790] Failed to find ColorBuffer:1757
E0414 16:58:14.535368 fd83000 FrameBuffer.cpp:3790] Failed to find ColorBuffer:1758
E0414 16:58:14.535372 fd83000 FrameBuffer.cpp:3790] Failed to find ColorBuffer:1748
E0414 16:58:14.535376 fd83000 FrameBuffer.cpp:3790] Failed to find ColorBuffer:1759
E0414 16:58:14.535380 fd83000 FrameBuffer.cpp:3790] Failed to find ColorBuffer:1760
E0414 16:58:14.535384 fd83000 FrameBuffer.cpp:3790] Failed to find ColorBuffer:1761
E0414 16:58:14.535388 fd83000 FrameBuffer.cpp:3790] Failed to find ColorBuffer:1762
E0414 16:58:14.535392 fd83000 FrameBuffer.cpp:3790] Failed to find ColorBuffer:1757
E0414 16:58:14.535396 fd83000 FrameBuffer.cpp:3790] Failed to find ColorBuffer:1758
E0414 16:58:14.535400 fd83000 FrameBuffer.cpp:3790] Failed to find ColorBuffer:1763
E0414 16:58:14.535404 fd83000 FrameBuffer.cpp:3790] Failed to find ColorBuffer:1752
E0414 16:58:14.535408 fd83000 FrameBuffer.cpp:3790] Failed to find ColorBuffer:1759
E0414 16:58:14.535412 fd83000 FrameBuffer.cpp:3790] Failed to find ColorBuffer:1764
E0414 16:58:14.535416 fd83000 FrameBuffer.cpp:3790] Failed to find ColorBuffer:1765
E0414 16:58:14.535420 fd83000 FrameBuffer.cpp:3790] Failed to find ColorBuffer:1766
E0414 16:58:14.535424 fd83000 FrameBuffer.cpp:3790] Failed to find ColorBuffer:1760
E0414 16:58:14.535428 fd83000 FrameBuffer.cpp:3790] Failed to find ColorBuffer:1767
E0414 16:58:14.535431 fd83000 FrameBuffer.cpp:3790] Failed to find ColorBuffer:1768
E0414 16:58:14.535475 fd83000 FrameBuffer.cpp:3790] Failed to find ColorBuffer:1761
E0414 16:58:14.535479 fd83000 FrameBuffer.cpp:3790] Failed to find ColorBuffer:1769
E0414 16:58:14.535483 fd83000 FrameBuffer.cpp:3790] Failed to find ColorBuffer:1746
E0414 16:58:14.535487 fd83000 FrameBuffer.cpp:3790] Failed to find ColorBuffer:1770
E0414 16:58:14.535491 fd83000 FrameBuffer.cpp:3790] Failed to find ColorBuffer:1771
E0414 16:58:14.535495 fd83000 FrameBuffer.cpp:3790] Failed to find ColorBuffer:1762
E0414 16:58:14.535498 fd83000 FrameBuffer.cpp:3790] Failed to find ColorBuffer:1772
E0414 16:58:14.535502 fd83000 FrameBuffer.cpp:3790] Failed to find ColorBuffer:1773
E0414 16:58:14.535506 fd83000 FrameBuffer.cpp:3790] Failed to find ColorBuffer:1774
E0414 16:58:14.535510 fd83000 FrameBuffer.cpp:3790] Failed to find ColorBuffer:1757
E0414 16:58:14.535513 fd83000 FrameBuffer.cpp:3790] Failed to find ColorBuffer:1758
E0414 16:58:14.535517 fd83000 FrameBuffer.cpp:3790] Failed to find ColorBuffer:1748
E0414 16:58:14.535521 fd83000 FrameBuffer.cpp:3790] Failed to find ColorBuffer:1763
E0414 16:58:14.535533 fd83000 FrameBuffer.cpp:3790] Failed to find ColorBuffer:1759
E0414 16:58:14.535539 fd83000 FrameBuffer.cpp:3790] Failed to find ColorBuffer:1764
E0414 16:58:14.535544 fd83000 FrameBuffer.cpp:3790] Failed to find ColorBuffer:1765
E0414 16:58:14.535549 fd83000 FrameBuffer.cpp:3790] Failed to find ColorBuffer:1775
E0414 16:58:14.535554 fd83000 FrameBuffer.cpp:3790] Failed to find ColorBuffer:1766
E0414 16:58:14.535558 fd83000 FrameBuffer.cpp:3790] Failed to find ColorBuffer:1752
E0414 16:58:14.535562 fd83000 FrameBuffer.cpp:3790] Failed to find ColorBuffer:1760
E0414 16:58:14.535567 fd83000 FrameBuffer.cpp:3790] Failed to find ColorBuffer:1767
E0414 16:58:14.535572 fd83000 FrameBuffer.cpp:3790] Failed to find ColorBuffer:1768
E0414 16:58:14.535576 fd83000 FrameBuffer.cpp:3790] Failed to find ColorBuffer:1761
E0414 16:58:14.535579 fd83000 FrameBuffer.cpp:3790] Failed to find ColorBuffer:1769
E0414 16:58:14.535583 fd83000 FrameBuffer.cpp:3790] Failed to find ColorBuffer:1770
E0414 16:58:14.535587 fd83000 FrameBuffer.cpp:3790] Failed to find ColorBuffer:1771
E0414 16:58:14.535591 fd83000 FrameBuffer.cpp:3790] Failed to find ColorBuffer:1762
E0414 16:58:14.535594 fd83000 FrameBuffer.cpp:3790] Failed to find ColorBuffer:1746
E0414 16:58:14.535598 fd83000 FrameBuffer.cpp:3790] Failed to find ColorBuffer:1772
E0414 16:58:14.535602 fd83000 FrameBuffer.cpp:3790] Failed to find ColorBuffer:1773
E0414 16:58:14.535605 fd83000 FrameBuffer.cpp:3790] Failed to find ColorBuffer:1774
E0414 16:58:14.535609 fd83000 FrameBuffer.cpp:3790] Failed to find ColorBuffer:1757
E0414 16:58:14.535613 fd83000 FrameBuffer.cpp:3790] Failed to find ColorBuffer:1758
E0414 16:58:14.535617 fd83000 FrameBuffer.cpp:3790] Failed to find ColorBuffer:1763
E0414 16:58:14.535620 fd83000 FrameBuffer.cpp:3790] Failed to find ColorBuffer:1759
E0414 16:58:14.535624 fd83000 FrameBuffer.cpp:3790] Failed to find ColorBuffer:1764
E0414 16:58:14.535628 fd83000 FrameBuffer.cpp:3790] Failed to find ColorBuffer:1748
E0414 16:58:14.535631 fd83000 FrameBuffer.cpp:3790] Failed to find ColorBuffer:1765
E0414 16:58:14.535635 fd83000 FrameBuffer.cpp:3790] Failed to find ColorBuffer:1775
E0414 16:58:14.535639 fd83000 FrameBuffer.cpp:3790] Failed to find ColorBuffer:1766
E0414 16:58:14.535643 fd83000 FrameBuffer.cpp:3790] Failed to find ColorBuffer:1760
E0414 16:58:14.535646 fd83000 FrameBuffer.cpp:3790] Failed to find ColorBuffer:1767
E0414 16:58:14.535650 fd83000 FrameBuffer.cpp:3790] Failed to find ColorBuffer:1752
E0414 16:58:14.535654 fd83000 FrameBuffer.cpp:3790] Failed to find ColorBuffer:1768
E0414 16:58:14.535657 fd83000 FrameBuffer.cpp:3790] Failed to find ColorBuffer:1761
E0414 16:58:14.535661 fd83000 FrameBuffer.cpp:3790] Failed to find ColorBuffer:1769
E0414 16:58:14.535665 fd83000 FrameBuffer.cpp:3790] Failed to find ColorBuffer:1746
E0414 16:58:14.535669 fd83000 FrameBuffer.cpp:3790] Failed to find ColorBuffer:1770
INFO    | Warning: delivering touch release to same window QWindow(0x0) not QWidgetWindow(0x12b889de0, name="EmulatorContainerClassWindow") ((null):0, (null))
INFO    | Warning: skipping QEventPoint(id=0 ts=0 pos=0,0 scn=1087.76,575.832 gbl=1087.76,575.832 Released ellipse=(1x1 ∡ 0) vel=0,0 press=-1087.76,-575.832 last=-1087.76,-575.832 Δ 1087.76,575.832) : no target window ((null):0, (null))
E0414 16:58:19.968888 fd83000 FrameBuffer.cpp:3790] Failed to find ColorBuffer:1798
INFO    | Warning: delivering touch release to same window QWindow(0x0) not QWidgetWindow(0x12b889de0, name="EmulatorContainerClassWindow") ((null):0, (null))
INFO    | Warning: skipping QEventPoint(id=0 ts=0 pos=0,0 scn=1050.65,185.343 gbl=1050.65,185.343 Released ellipse=(1x1 ∡ 0) vel=0,0 press=-1050.65,-185.343 last=-1050.65,-185.343 Δ 1050.65,185.343) : no target window ((null):0, (null))
E0414 16:58:46.241989 fd83000 FrameBuffer.cpp:3790] Failed to find ColorBuffer:1806
E0414 16:58:46.242156 fd83000 FrameBuffer.cpp:3790] Failed to find ColorBuffer:1807
E0414 16:58:46.242661 fd83000 FrameBuffer.cpp:3790] Failed to find ColorBuffer:1808
E0414 16:58:46.242682 fd83000 FrameBuffer.cpp:3790] Failed to find ColorBuffer:1809
E0414 16:58:46.242694 fd83000 FrameBuffer.cpp:3790] Failed to find ColorBuffer:1810
E0414 16:58:46.242703 fd83000 FrameBuffer.cpp:3790] Failed to find ColorBuffer:1811
E0414 16:58:46.242748 fd83000 FrameBuffer.cpp:3790] Failed to find ColorBuffer:1812
E0414 16:58:46.242758 fd83000 FrameBuffer.cpp:3790] Failed to find ColorBuffer:1806
E0414 16:58:46.242773 fd83000 FrameBuffer.cpp:3790] Failed to find ColorBuffer:1813
E0414 16:58:46.242780 fd83000 FrameBuffer.cpp:3790] Failed to find ColorBuffer:1814
E0414 16:58:46.242785 fd83000 FrameBuffer.cpp:3790] Failed to find ColorBuffer:1807
E0414 16:58:46.242790 fd83000 FrameBuffer.cpp:3790] Failed to find ColorBuffer:1808
E0414 16:58:46.242799 fd83000 FrameBuffer.cpp:3790] Failed to find ColorBuffer:1815
E0414 16:58:46.242804 fd83000 FrameBuffer.cpp:3790] Failed to find ColorBuffer:1816
E0414 16:58:46.242809 fd83000 FrameBuffer.cpp:3790] Failed to find ColorBuffer:1817
E0414 16:58:46.242813 fd83000 FrameBuffer.cpp:3790] Failed to find ColorBuffer:1809
E0414 16:58:46.242817 fd83000 FrameBuffer.cpp:3790] Failed to find ColorBuffer:1818
E0414 16:58:46.242823 fd83000 FrameBuffer.cpp:3790] Failed to find ColorBuffer:1819
E0414 16:58:46.242830 fd83000 FrameBuffer.cpp:3790] Failed to find ColorBuffer:1820
E0414 16:58:46.242835 fd83000 FrameBuffer.cpp:3790] Failed to find ColorBuffer:1810
E0414 16:58:46.242840 fd83000 FrameBuffer.cpp:3790] Failed to find ColorBuffer:1821
E0414 16:58:46.242845 fd83000 FrameBuffer.cpp:3790] Failed to find ColorBuffer:1822
E0414 16:58:46.242849 fd83000 FrameBuffer.cpp:3790] Failed to find ColorBuffer:1823
E0414 16:58:46.242853 fd83000 FrameBuffer.cpp:3790] Failed to find ColorBuffer:1824
E0414 16:58:46.242869 fd83000 FrameBuffer.cpp:3790] Failed to find ColorBuffer:1811
E0414 16:58:46.242876 fd83000 FrameBuffer.cpp:3790] Failed to find ColorBuffer:1812
E0414 16:58:46.242931 fd83000 FrameBuffer.cpp:3790] Failed to find ColorBuffer:1806
E0414 16:58:46.242939 fd83000 FrameBuffer.cpp:3790] Failed to find ColorBuffer:1813
E0414 16:58:46.242943 fd83000 FrameBuffer.cpp:3790] Failed to find ColorBuffer:1814
E0414 16:58:46.242948 fd83000 FrameBuffer.cpp:3790] Failed to find ColorBuffer:1807
E0414 16:58:46.242952 fd83000 FrameBuffer.cpp:3790] Failed to find ColorBuffer:1808
E0414 16:58:46.242957 fd83000 FrameBuffer.cpp:3790] Failed to find ColorBuffer:1815
E0414 16:58:46.242962 fd83000 FrameBuffer.cpp:3790] Failed to find ColorBuffer:1816
E0414 16:58:46.242983 fd83000 FrameBuffer.cpp:3790] Failed to find ColorBuffer:1817
E0414 16:58:46.242990 fd83000 FrameBuffer.cpp:3790] Failed to find ColorBuffer:1809
E0414 16:58:46.242996 fd83000 FrameBuffer.cpp:3790] Failed to find ColorBuffer:1818
E0414 16:58:46.243001 fd83000 FrameBuffer.cpp:3790] Failed to find ColorBuffer:1819
E0414 16:58:46.243007 fd83000 FrameBuffer.cpp:3790] Failed to find ColorBuffer:1820
E0414 16:58:46.243013 fd83000 FrameBuffer.cpp:3790] Failed to find ColorBuffer:1810
E0414 16:58:46.243065 fd83000 FrameBuffer.cpp:3790] Failed to find ColorBuffer:1821
E0414 16:58:46.243071 fd83000 FrameBuffer.cpp:3790] Failed to find ColorBuffer:1822
E0414 16:58:46.243077 fd83000 FrameBuffer.cpp:3790] Failed to find ColorBuffer:1823
E0414 16:58:46.243081 fd83000 FrameBuffer.cpp:3790] Failed to find ColorBuffer:1824
E0414 16:58:46.243086 fd83000 FrameBuffer.cpp:3790] Failed to find ColorBuffer:1811
E0414 16:58:46.243090 fd83000 FrameBuffer.cpp:3790] Failed to find ColorBuffer:1812
E0414 16:58:46.243094 fd83000 FrameBuffer.cpp:3790] Failed to find ColorBuffer:1806
E0414 16:58:46.243099 fd83000 FrameBuffer.cpp:3790] Failed to find ColorBuffer:1813
E0414 16:58:46.243104 fd83000 FrameBuffer.cpp:3790] Failed to find ColorBuffer:1814
E0414 16:58:46.243107 fd83000 FrameBuffer.cpp:3790] Failed to find ColorBuffer:1807
E0414 16:58:46.243112 fd83000 FrameBuffer.cpp:3790] Failed to find ColorBuffer:1808
E0414 16:58:46.243117 fd83000 FrameBuffer.cpp:3790] Failed to find ColorBuffer:1815
E0414 16:58:46.243121 fd83000 FrameBuffer.cpp:3790] Failed to find ColorBuffer:1816
E0414 16:58:46.243126 fd83000 FrameBuffer.cpp:3790] Failed to find ColorBuffer:1817
E0414 16:58:46.243130 fd83000 FrameBuffer.cpp:3790] Failed to find ColorBuffer:1809
E0414 16:58:46.243135 fd83000 FrameBuffer.cpp:3790] Failed to find ColorBuffer:1818
E0414 16:58:46.243140 fd83000 FrameBuffer.cpp:3790] Failed to find ColorBuffer:1819
E0414 16:58:46.243145 fd83000 FrameBuffer.cpp:3790] Failed to find ColorBuffer:1820
E0414 16:58:46.243151 fd83000 FrameBuffer.cpp:3790] Failed to find ColorBuffer:1810
E0414 16:58:46.243156 fd83000 FrameBuffer.cpp:3790] Failed to find ColorBuffer:1821
E0414 16:58:46.243162 fd83000 FrameBuffer.cpp:3790] Failed to find ColorBuffer:1822
E0414 16:58:46.243167 fd83000 FrameBuffer.cpp:3790] Failed to find ColorBuffer:1823
E0414 16:58:46.243172 fd83000 FrameBuffer.cpp:3790] Failed to find ColorBuffer:1824
E0414 16:58:46.243178 fd83000 FrameBuffer.cpp:3790] Failed to find ColorBuffer:1811
E0414 16:58:46.243183 fd83000 FrameBuffer.cpp:3790] Failed to find ColorBuffer:1812
E0414 16:58:46.243189 fd83000 FrameBuffer.cpp:3790] Failed to find ColorBuffer:1806
E0414 16:58:46.243251 fd83000 FrameBuffer.cpp:3790] Failed to find ColorBuffer:1813
E0414 16:58:46.243257 fd83000 FrameBuffer.cpp:3790] Failed to find ColorBuffer:1814
E0414 16:58:46.243262 fd83000 FrameBuffer.cpp:3790] Failed to find ColorBuffer:1807
E0414 16:58:46.243267 fd83000 FrameBuffer.cpp:3790] Failed to find ColorBuffer:1808
E0414 16:58:46.243272 fd83000 FrameBuffer.cpp:3790] Failed to find ColorBuffer:1815
E0414 16:58:46.243277 fd83000 FrameBuffer.cpp:3790] Failed to find ColorBuffer:1816
E0414 16:58:46.243280 fd83000 FrameBuffer.cpp:3790] Failed to find ColorBuffer:1817
E0414 16:58:46.243285 fd83000 FrameBuffer.cpp:3790] Failed to find ColorBuffer:1809
E0414 16:58:46.243289 fd83000 FrameBuffer.cpp:3790] Failed to find ColorBuffer:1818
E0414 16:58:46.243294 fd83000 FrameBuffer.cpp:3790] Failed to find ColorBuffer:1819
E0414 16:58:46.243298 fd83000 FrameBuffer.cpp:3790] Failed to find ColorBuffer:1820
E0414 16:58:46.243302 fd83000 FrameBuffer.cpp:3790] Failed to find ColorBuffer:1810
E0414 16:58:46.243306 fd83000 FrameBuffer.cpp:3790] Failed to find ColorBuffer:1821
E0414 16:58:46.243311 fd83000 FrameBuffer.cpp:3790] Failed to find ColorBuffer:1822
E0414 16:58:46.243315 fd83000 FrameBuffer.cpp:3790] Failed to find ColorBuffer:1823
E0414 16:58:46.243320 fd83000 FrameBuffer.cpp:3790] Failed to find ColorBuffer:1824
E0414 16:58:46.243324 fd83000 FrameBuffer.cpp:3790] Failed to find ColorBuffer:1811
E0414 16:58:46.243328 fd83000 FrameBuffer.cpp:3790] Failed to find ColorBuffer:1812
E0414 16:58:46.243332 fd83000 FrameBuffer.cpp:3790] Failed to find ColorBuffer:1806
E0414 16:58:46.243336 fd83000 FrameBuffer.cpp:3790] Failed to find ColorBuffer:1813
E0414 16:58:46.243341 fd83000 FrameBuffer.cpp:3790] Failed to find ColorBuffer:1814
E0414 16:58:46.243346 fd83000 FrameBuffer.cpp:3790] Failed to find ColorBuffer:1807
E0414 16:58:46.243350 fd83000 FrameBuffer.cpp:3790] Failed to find ColorBuffer:1808
E0414 16:58:46.243378 fd83000 FrameBuffer.cpp:3790] Failed to find ColorBuffer:1815
E0414 16:58:46.243383 fd83000 FrameBuffer.cpp:3790] Failed to find ColorBuffer:1816
E0414 16:58:46.243388 fd83000 FrameBuffer.cpp:3790] Failed to find ColorBuffer:1817
E0414 16:58:46.243392 fd83000 FrameBuffer.cpp:3790] Failed to find ColorBuffer:1809
E0414 16:58:46.243396 fd83000 FrameBuffer.cpp:3790] Failed to find ColorBuffer:1818
E0414 16:58:46.243401 fd83000 FrameBuffer.cpp:3790] Failed to find ColorBuffer:1819
E0414 16:58:46.243405 fd83000 FrameBuffer.cpp:3790] Failed to find ColorBuffer:1820
E0414 16:58:46.243410 fd83000 FrameBuffer.cpp:3790] Failed to find ColorBuffer:1810
E0414 16:58:46.243414 fd83000 FrameBuffer.cpp:3790] Failed to find ColorBuffer:1821
E0414 16:58:46.243418 fd83000 FrameBuffer.cpp:3790] Failed to find ColorBuffer:1822
E0414 16:58:46.243423 fd83000 FrameBuffer.cpp:3790] Failed to find ColorBuffer:1823
E0414 16:58:46.243427 fd83000 FrameBuffer.cpp:3790] Failed to find ColorBuffer:1824
E0414 16:58:46.243432 fd83000 FrameBuffer.cpp:3790] Failed to find ColorBuffer:1811
E0414 16:58:46.243436 fd83000 FrameBuffer.cpp:3790] Failed to find ColorBuffer:1812
E0414 16:58:46.243441 fd83000 FrameBuffer.cpp:3790] Failed to find ColorBuffer:1806
E0414 16:58:46.243445 fd83000 FrameBuffer.cpp:3790] Failed to find ColorBuffer:1813
E0414 16:58:46.243450 fd83000 FrameBuffer.cpp:3790] Failed to find ColorBuffer:1814
E0414 16:58:46.243454 fd83000 FrameBuffer.cpp:3790] Failed to find ColorBuffer:1807
E0414 16:58:46.243460 fd83000 FrameBuffer.cpp:3790] Failed to find ColorBuffer:1808
E0414 16:58:46.243464 fd83000 FrameBuffer.cpp:3790] Failed to find ColorBuffer:1815
E0414 16:58:46.243468 fd83000 FrameBuffer.cpp:3790] Failed to find ColorBuffer:1816
E0414 16:58:46.243473 fd83000 FrameBuffer.cpp:3790] Failed to find ColorBuffer:1817
E0414 16:58:46.243477 fd83000 FrameBuffer.cpp:3790] Failed to find ColorBuffer:1809
E0414 16:58:46.243481 fd83000 FrameBuffer.cpp:3790] Failed to find ColorBuffer:1818
E0414 16:58:46.243485 fd83000 FrameBuffer.cpp:3790] Failed to find ColorBuffer:1819
E0414 16:58:46.243491 fd83000 FrameBuffer.cpp:3790] Failed to find ColorBuffer:1820
E0414 16:58:46.243496 fd83000 FrameBuffer.cpp:3790] Failed to find ColorBuffer:1810
E0414 16:58:46.243501 fd83000 FrameBuffer.cpp:3790] Failed to find ColorBuffer:1821
E0414 16:58:46.243505 fd83000 FrameBuffer.cpp:3790] Failed to find ColorBuffer:1822
E0414 16:58:46.243509 fd83000 FrameBuffer.cpp:3790] Failed to find ColorBuffer:1823
E0414 16:58:46.243514 fd83000 FrameBuffer.cpp:3790] Failed to find ColorBuffer:1824
E0414 16:58:46.243518 fd83000 FrameBuffer.cpp:3790] Failed to find ColorBuffer:1811
E0414 16:58:46.243523 fd83000 FrameBuffer.cpp:3790] Failed to find ColorBuffer:1812
E0414 16:58:46.243527 fd83000 FrameBuffer.cpp:3790] Failed to find ColorBuffer:1806
E0414 16:58:46.243531 fd83000 FrameBuffer.cpp:3790] Failed to find ColorBuffer:1813
E0414 16:58:46.243535 fd83000 FrameBuffer.cpp:3790] Failed to find ColorBuffer:1814
E0414 16:58:46.243539 fd83000 FrameBuffer.cpp:3790] Failed to find ColorBuffer:1807
E0414 16:58:46.243542 fd83000 FrameBuffer.cpp:3790] Failed to find ColorBuffer:1808
E0414 16:58:46.243546 fd83000 FrameBuffer.cpp:3790] Failed to find ColorBuffer:1815
E0414 16:58:46.243550 fd83000 FrameBuffer.cpp:3790] Failed to find ColorBuffer:1816
E0414 16:58:46.243554 fd83000 FrameBuffer.cpp:3790] Failed to find ColorBuffer:1817
E0414 16:58:46.243558 fd83000 FrameBuffer.cpp:3790] Failed to find ColorBuffer:1809
E0414 16:58:46.243563 fd83000 FrameBuffer.cpp:3790] Failed to find ColorBuffer:1818
E0414 16:58:46.243568 fd83000 FrameBuffer.cpp:3790] Failed to find ColorBuffer:1819
E0414 16:58:46.243573 fd83000 FrameBuffer.cpp:3790] Failed to find ColorBuffer:1820
E0414 16:58:46.243578 fd83000 FrameBuffer.cpp:3790] Failed to find ColorBuffer:1810
E0414 16:58:46.243583 fd83000 FrameBuffer.cpp:3790] Failed to find ColorBuffer:1821
E0414 16:58:46.243588 fd83000 FrameBuffer.cpp:3790] Failed to find ColorBuffer:1822
E0414 16:58:46.243593 fd83000 FrameBuffer.cpp:3790] Failed to find ColorBuffer:1823
E0414 16:58:46.243625 fd83000 FrameBuffer.cpp:3790] Failed to find ColorBuffer:1824
E0414 16:58:46.243631 fd83000 FrameBuffer.cpp:3790] Failed to find ColorBuffer:1811
E0414 16:58:46.243636 fd83000 FrameBuffer.cpp:3790] Failed to find ColorBuffer:1812
E0414 16:58:46.243642 fd83000 FrameBuffer.cpp:3790] Failed to find ColorBuffer:1806
E0414 16:58:46.243646 fd83000 FrameBuffer.cpp:3790] Failed to find ColorBuffer:1813
E0414 16:58:46.243662 fd83000 FrameBuffer.cpp:3790] Failed to find ColorBuffer:1814
E0414 16:58:46.243668 fd83000 FrameBuffer.cpp:3790] Failed to find ColorBuffer:1807
E0414 16:58:46.243674 fd83000 FrameBuffer.cpp:3790] Failed to find ColorBuffer:1808
E0414 16:58:46.243680 fd83000 FrameBuffer.cpp:3790] Failed to find ColorBuffer:1815
E0414 16:58:46.243685 fd83000 FrameBuffer.cpp:3790] Failed to find ColorBuffer:1816
E0414 16:58:46.243690 fd83000 FrameBuffer.cpp:3790] Failed to find ColorBuffer:1817
E0414 16:58:46.243696 fd83000 FrameBuffer.cpp:3790] Failed to find ColorBuffer:1809
E0414 16:58:46.243701 fd83000 FrameBuffer.cpp:3790] Failed to find ColorBuffer:1818
E0414 16:58:46.243707 fd83000 FrameBuffer.cpp:3790] Failed to find ColorBuffer:1819
E0414 16:58:46.243712 fd83000 FrameBuffer.cpp:3790] Failed to find ColorBuffer:1820
E0414 16:58:46.243717 fd83000 FrameBuffer.cpp:3790] Failed to find ColorBuffer:1810
E0414 16:58:46.243723 fd83000 FrameBuffer.cpp:3790] Failed to find ColorBuffer:1821
E0414 16:58:46.243728 fd83000 FrameBuffer.cpp:3790] Failed to find ColorBuffer:1822
E0414 16:58:46.243733 fd83000 FrameBuffer.cpp:3790] Failed to find ColorBuffer:1823
E0414 16:58:46.243738 fd83000 FrameBuffer.cpp:3790] Failed to find ColorBuffer:1824
E0414 16:58:46.243743 fd83000 FrameBuffer.cpp:3790] Failed to find ColorBuffer:1811
E0414 16:58:46.243747 fd83000 FrameBuffer.cpp:3790] Failed to find ColorBuffer:1812
E0414 16:58:46.243754 fd83000 FrameBuffer.cpp:3790] Failed to find ColorBuffer:1806
E0414 16:58:46.243760 fd83000 FrameBuffer.cpp:3790] Failed to find ColorBuffer:1813
E0414 16:58:46.243764 fd83000 FrameBuffer.cpp:3790] Failed to find ColorBuffer:1814
E0414 16:58:46.243768 fd83000 FrameBuffer.cpp:3790] Failed to find ColorBuffer:1807
INFO    | Warning: delivering touch release to same window QWindow(0x0) not QWidgetWindow(0x12b889de0, name="EmulatorContainerClassWindow") ((null):0, (null))
INFO    | Warning: skipping QEventPoint(id=1 ts=0 pos=0,0 scn=1113.5,616.717 gbl=1113.5,616.717 Released ellipse=(1x1 ∡ 0) vel=0,0 press=-1113.5,-616.717 last=-1113.5,-616.717 Δ 1113.5,616.717) : no target window ((null):0, (null))
INFO    | Warning: delivering touch release to same window QWindow(0x0) not QWidgetWindow(0x12b889de0, name="EmulatorContainerClassWindow") ((null):0, (null))
INFO    | Warning: skipping QEventPoint(id=0 ts=0 pos=0,0 scn=747.913,663.455 gbl=747.913,663.455 Released ellipse=(1x1 ∡ 0) vel=0,0 press=-747.913,-663.455 last=-747.913,-663.455 Δ 747.913,663.455) : no target window ((null):0, (null))
E0414 17:03:48.633828 fd83000 FrameBuffer.cpp:3790] Failed to find ColorBuffer:1879
E0414 17:03:48.634800 fd83000 FrameBuffer.cpp:3790] Failed to find ColorBuffer:1880
E0414 17:03:48.634814 fd83000 FrameBuffer.cpp:3790] Failed to find ColorBuffer:1881
E0414 17:03:48.634821 fd83000 FrameBuffer.cpp:3790] Failed to find ColorBuffer:1882
E0414 17:03:48.634979 fd83000 FrameBuffer.cpp:3790] Failed to find ColorBuffer:1883
E0414 17:03:48.634987 fd83000 FrameBuffer.cpp:3790] Failed to find ColorBuffer:1884
E0414 17:03:48.634997 fd83000 FrameBuffer.cpp:3790] Failed to find ColorBuffer:1885
E0414 17:03:48.635002 fd83000 FrameBuffer.cpp:3790] Failed to find ColorBuffer:1886
E0414 17:03:48.635007 fd83000 FrameBuffer.cpp:3790] Failed to find ColorBuffer:1879
E0414 17:03:48.635013 fd83000 FrameBuffer.cpp:3790] Failed to find ColorBuffer:1887
E0414 17:03:48.635017 fd83000 FrameBuffer.cpp:3790] Failed to find ColorBuffer:1888
E0414 17:03:48.635025 fd83000 FrameBuffer.cpp:3790] Failed to find ColorBuffer:1889
E0414 17:03:48.635034 fd83000 FrameBuffer.cpp:3790] Failed to find ColorBuffer:1890
E0414 17:03:48.635067 fd83000 FrameBuffer.cpp:3790] Failed to find ColorBuffer:1880
E0414 17:03:48.635071 fd83000 FrameBuffer.cpp:3790] Failed to find ColorBuffer:1891
E0414 17:03:48.635075 fd83000 FrameBuffer.cpp:3790] Failed to find ColorBuffer:1892
E0414 17:03:48.635091 fd83000 FrameBuffer.cpp:3790] Failed to find ColorBuffer:1893
E0414 17:03:48.635095 fd83000 FrameBuffer.cpp:3790] Failed to find ColorBuffer:1894
E0414 17:03:48.635101 fd83000 FrameBuffer.cpp:3790] Failed to find ColorBuffer:1881
E0414 17:03:48.635105 fd83000 FrameBuffer.cpp:3790] Failed to find ColorBuffer:1882
E0414 17:03:48.635109 fd83000 FrameBuffer.cpp:3790] Failed to find ColorBuffer:1883
E0414 17:03:48.635113 fd83000 FrameBuffer.cpp:3790] Failed to find ColorBuffer:1884
E0414 17:03:48.635117 fd83000 FrameBuffer.cpp:3790] Failed to find ColorBuffer:1895
E0414 17:03:48.635121 fd83000 FrameBuffer.cpp:3790] Failed to find ColorBuffer:1896
E0414 17:03:48.635126 fd83000 FrameBuffer.cpp:3790] Failed to find ColorBuffer:1897
E0414 17:03:48.635130 fd83000 FrameBuffer.cpp:3790] Failed to find ColorBuffer:1885
E0414 17:03:48.635135 fd83000 FrameBuffer.cpp:3790] Failed to find ColorBuffer:1886
E0414 17:03:48.635139 fd83000 FrameBuffer.cpp:3790] Failed to find ColorBuffer:1879
E0414 17:03:48.635143 fd83000 FrameBuffer.cpp:3790] Failed to find ColorBuffer:1887
E0414 17:03:48.635148 fd83000 FrameBuffer.cpp:3790] Failed to find ColorBuffer:1888
E0414 17:03:48.635193 fd83000 FrameBuffer.cpp:3790] Failed to find ColorBuffer:1889
E0414 17:03:48.635201 fd83000 FrameBuffer.cpp:3790] Failed to find ColorBuffer:1890
E0414 17:03:48.635207 fd83000 FrameBuffer.cpp:3790] Failed to find ColorBuffer:1880
E0414 17:03:48.635212 fd83000 FrameBuffer.cpp:3790] Failed to find ColorBuffer:1891
E0414 17:03:48.635217 fd83000 FrameBuffer.cpp:3790] Failed to find ColorBuffer:1892
E0414 17:03:48.635223 fd83000 FrameBuffer.cpp:3790] Failed to find ColorBuffer:1893
E0414 17:03:48.635228 fd83000 FrameBuffer.cpp:3790] Failed to find ColorBuffer:1894
E0414 17:03:48.635233 fd83000 FrameBuffer.cpp:3790] Failed to find ColorBuffer:1881
E0414 17:03:48.635238 fd83000 FrameBuffer.cpp:3790] Failed to find ColorBuffer:1882
E0414 17:03:48.635243 fd83000 FrameBuffer.cpp:3790] Failed to find ColorBuffer:1883
E0414 17:03:48.635246 fd83000 FrameBuffer.cpp:3790] Failed to find ColorBuffer:1884
E0414 17:03:48.635250 fd83000 FrameBuffer.cpp:3790] Failed to find ColorBuffer:1895
E0414 17:03:48.635254 fd83000 FrameBuffer.cpp:3790] Failed to find ColorBuffer:1896
E0414 17:03:48.635258 fd83000 FrameBuffer.cpp:3790] Failed to find ColorBuffer:1897
E0414 17:03:48.635262 fd83000 FrameBuffer.cpp:3790] Failed to find ColorBuffer:1885
E0414 17:03:48.635265 fd83000 FrameBuffer.cpp:3790] Failed to find ColorBuffer:1886
E0414 17:03:48.635269 fd83000 FrameBuffer.cpp:3790] Failed to find ColorBuffer:1879
E0414 17:03:48.635273 fd83000 FrameBuffer.cpp:3790] Failed to find ColorBuffer:1887
E0414 17:03:48.635277 fd83000 FrameBuffer.cpp:3790] Failed to find ColorBuffer:1888
E0414 17:03:48.635281 fd83000 FrameBuffer.cpp:3790] Failed to find ColorBuffer:1889
E0414 17:03:48.635285 fd83000 FrameBuffer.cpp:3790] Failed to find ColorBuffer:1890
E0414 17:03:48.635288 fd83000 FrameBuffer.cpp:3790] Failed to find ColorBuffer:1880
E0414 17:03:48.635293 fd83000 FrameBuffer.cpp:3790] Failed to find ColorBuffer:1891
E0414 17:03:48.635297 fd83000 FrameBuffer.cpp:3790] Failed to find ColorBuffer:1892
E0414 17:03:48.635301 fd83000 FrameBuffer.cpp:3790] Failed to find ColorBuffer:1893
E0414 17:03:48.635305 fd83000 FrameBuffer.cpp:3790] Failed to find ColorBuffer:1894
E0414 17:03:48.635309 fd83000 FrameBuffer.cpp:3790] Failed to find ColorBuffer:1881
E0414 17:03:48.635313 fd83000 FrameBuffer.cpp:3790] Failed to find ColorBuffer:1882
E0414 17:03:48.635317 fd83000 FrameBuffer.cpp:3790] Failed to find ColorBuffer:1883
E0414 17:03:48.635321 fd83000 FrameBuffer.cpp:3790] Failed to find ColorBuffer:1884
E0414 17:03:48.635325 fd83000 FrameBuffer.cpp:3790] Failed to find ColorBuffer:1895
E0414 17:03:48.635330 fd83000 FrameBuffer.cpp:3790] Failed to find ColorBuffer:1896
E0414 17:03:48.635347 fd83000 FrameBuffer.cpp:3790] Failed to find ColorBuffer:1897
E0414 17:03:48.635351 fd83000 FrameBuffer.cpp:3790] Failed to find ColorBuffer:1885
E0414 17:03:48.635355 fd83000 FrameBuffer.cpp:3790] Failed to find ColorBuffer:1886
E0414 17:03:48.635359 fd83000 FrameBuffer.cpp:3790] Failed to find ColorBuffer:1879
E0414 17:03:48.635362 fd83000 FrameBuffer.cpp:3790] Failed to find ColorBuffer:1887
E0414 17:03:48.635366 fd83000 FrameBuffer.cpp:3790] Failed to find ColorBuffer:1888
E0414 17:03:48.635370 fd83000 FrameBuffer.cpp:3790] Failed to find ColorBuffer:1889
E0414 17:03:48.635374 fd83000 FrameBuffer.cpp:3790] Failed to find ColorBuffer:1890
E0414 17:03:48.635379 fd83000 FrameBuffer.cpp:3790] Failed to find ColorBuffer:1880
E0414 17:03:48.635384 fd83000 FrameBuffer.cpp:3790] Failed to find ColorBuffer:1891
E0414 17:03:48.635389 fd83000 FrameBuffer.cpp:3790] Failed to find ColorBuffer:1892
E0414 17:03:48.635394 fd83000 FrameBuffer.cpp:3790] Failed to find ColorBuffer:1893
E0414 17:03:48.635399 fd83000 FrameBuffer.cpp:3790] Failed to find ColorBuffer:1894
E0414 17:03:48.635404 fd83000 FrameBuffer.cpp:3790] Failed to find ColorBuffer:1881
E0414 17:03:48.635409 fd83000 FrameBuffer.cpp:3790] Failed to find ColorBuffer:1882
E0414 17:03:48.635414 fd83000 FrameBuffer.cpp:3790] Failed to find ColorBuffer:1883
E0414 17:03:48.635419 fd83000 FrameBuffer.cpp:3790] Failed to find ColorBuffer:1884
E0414 17:03:48.635424 fd83000 FrameBuffer.cpp:3790] Failed to find ColorBuffer:1895
E0414 17:03:48.635429 fd83000 FrameBuffer.cpp:3790] Failed to find ColorBuffer:1896
E0414 17:03:48.635434 fd83000 FrameBuffer.cpp:3790] Failed to find ColorBuffer:1897
E0414 17:03:48.635438 fd83000 FrameBuffer.cpp:3790] Failed to find ColorBuffer:1885
E0414 17:03:48.635443 fd83000 FrameBuffer.cpp:3790] Failed to find ColorBuffer:1886
E0414 17:03:48.635448 fd83000 FrameBuffer.cpp:3790] Failed to find ColorBuffer:1879
E0414 17:03:48.635453 fd83000 FrameBuffer.cpp:3790] Failed to find ColorBuffer:1887
E0414 17:03:48.635458 fd83000 FrameBuffer.cpp:3790] Failed to find ColorBuffer:1888
E0414 17:03:48.635463 fd83000 FrameBuffer.cpp:3790] Failed to find ColorBuffer:1889
E0414 17:03:48.635469 fd83000 FrameBuffer.cpp:3790] Failed to find ColorBuffer:1890
E0414 17:03:48.635474 fd83000 FrameBuffer.cpp:3790] Failed to find ColorBuffer:1880
E0414 17:03:48.635479 fd83000 FrameBuffer.cpp:3790] Failed to find ColorBuffer:1891
E0414 17:03:48.635484 fd83000 FrameBuffer.cpp:3790] Failed to find ColorBuffer:1892
E0414 17:03:48.635489 fd83000 FrameBuffer.cpp:3790] Failed to find ColorBuffer:1893
E0414 17:03:48.635494 fd83000 FrameBuffer.cpp:3790] Failed to find ColorBuffer:1894
E0414 17:03:48.635499 fd83000 FrameBuffer.cpp:3790] Failed to find ColorBuffer:1881
E0414 17:03:48.635504 fd83000 FrameBuffer.cpp:3790] Failed to find ColorBuffer:1882
E0414 17:03:48.635510 fd83000 FrameBuffer.cpp:3790] Failed to find ColorBuffer:1883
E0414 17:03:48.635515 fd83000 FrameBuffer.cpp:3790] Failed to find ColorBuffer:1884
E0414 17:03:48.635519 fd83000 FrameBuffer.cpp:3790] Failed to find ColorBuffer:1895
E0414 17:03:48.635523 fd83000 FrameBuffer.cpp:3790] Failed to find ColorBuffer:1896
E0414 17:03:48.635527 fd83000 FrameBuffer.cpp:3790] Failed to find ColorBuffer:1897
E0414 17:03:48.635530 fd83000 FrameBuffer.cpp:3790] Failed to find ColorBuffer:1885
E0414 17:03:48.635534 fd83000 FrameBuffer.cpp:3790] Failed to find ColorBuffer:1886
E0414 17:03:48.635538 fd83000 FrameBuffer.cpp:3790] Failed to find ColorBuffer:1879
E0414 17:03:48.635542 fd83000 FrameBuffer.cpp:3790] Failed to find ColorBuffer:1887
E0414 17:03:48.635545 fd83000 FrameBuffer.cpp:3790] Failed to find ColorBuffer:1888
E0414 17:03:48.635550 fd83000 FrameBuffer.cpp:3790] Failed to find ColorBuffer:1889
E0414 17:03:48.635554 fd83000 FrameBuffer.cpp:3790] Failed to find ColorBuffer:1890
E0414 17:03:48.635557 fd83000 FrameBuffer.cpp:3790] Failed to find ColorBuffer:1880
E0414 17:03:48.635561 fd83000 FrameBuffer.cpp:3790] Failed to find ColorBuffer:1891
E0414 17:03:48.635565 fd83000 FrameBuffer.cpp:3790] Failed to find ColorBuffer:1892
E0414 17:03:48.635580 fd83000 FrameBuffer.cpp:3790] Failed to find ColorBuffer:1893
E0414 17:03:48.635584 fd83000 FrameBuffer.cpp:3790] Failed to find ColorBuffer:1894
E0414 17:03:48.635588 fd83000 FrameBuffer.cpp:3790] Failed to find ColorBuffer:1881
E0414 17:03:48.635592 fd83000 FrameBuffer.cpp:3790] Failed to find ColorBuffer:1882
E0414 17:03:48.635596 fd83000 FrameBuffer.cpp:3790] Failed to find ColorBuffer:1883
E0414 17:03:48.635600 fd83000 FrameBuffer.cpp:3790] Failed to find ColorBuffer:1884
E0414 17:03:48.635604 fd83000 FrameBuffer.cpp:3790] Failed to find ColorBuffer:1895
E0414 17:03:48.635607 fd83000 FrameBuffer.cpp:3790] Failed to find ColorBuffer:1896
E0414 17:03:48.635611 fd83000 FrameBuffer.cpp:3790] Failed to find ColorBuffer:1897
E0414 17:03:48.635615 fd83000 FrameBuffer.cpp:3790] Failed to find ColorBuffer:1885
E0414 17:03:48.635620 fd83000 FrameBuffer.cpp:3790] Failed to find ColorBuffer:1886
E0414 17:03:48.635624 fd83000 FrameBuffer.cpp:3790] Failed to find ColorBuffer:1879
E0414 17:03:48.635627 fd83000 FrameBuffer.cpp:3790] Failed to find ColorBuffer:1887
E0414 17:03:48.635631 fd83000 FrameBuffer.cpp:3790] Failed to find ColorBuffer:1888
E0414 17:03:48.635635 fd83000 FrameBuffer.cpp:3790] Failed to find ColorBuffer:1889
E0414 17:03:48.635640 fd83000 FrameBuffer.cpp:3790] Failed to find ColorBuffer:1890
E0414 17:03:48.635644 fd83000 FrameBuffer.cpp:3790] Failed to find ColorBuffer:1880
E0414 17:03:48.635648 fd83000 FrameBuffer.cpp:3790] Failed to find ColorBuffer:1891
E0414 17:03:48.635651 fd83000 FrameBuffer.cpp:3790] Failed to find ColorBuffer:1892
E0414 17:03:48.635655 fd83000 FrameBuffer.cpp:3790] Failed to find ColorBuffer:1893
E0414 17:03:48.635659 fd83000 FrameBuffer.cpp:3790] Failed to find ColorBuffer:1894
E0414 17:03:48.635663 fd83000 FrameBuffer.cpp:3790] Failed to find ColorBuffer:1881
E0414 17:03:48.635666 fd83000 FrameBuffer.cpp:3790] Failed to find ColorBuffer:1882
E0414 17:03:48.635671 fd83000 FrameBuffer.cpp:3790] Failed to find ColorBuffer:1883
E0414 17:03:48.635674 fd83000 FrameBuffer.cpp:3790] Failed to find ColorBuffer:1884
E0414 17:03:48.635678 fd83000 FrameBuffer.cpp:3790] Failed to find ColorBuffer:1895
E0414 17:03:48.635682 fd83000 FrameBuffer.cpp:3790] Failed to find ColorBuffer:1896
E0414 17:03:48.635686 fd83000 FrameBuffer.cpp:3790] Failed to find ColorBuffer:1897
E0414 17:03:48.635689 fd83000 FrameBuffer.cpp:3790] Failed to find ColorBuffer:1885
E0414 17:03:48.635693 fd83000 FrameBuffer.cpp:3790] Failed to find ColorBuffer:1886
E0414 17:03:48.635697 fd83000 FrameBuffer.cpp:3790] Failed to find ColorBuffer:1879
E0414 17:03:48.635701 fd83000 FrameBuffer.cpp:3790] Failed to find ColorBuffer:1887
E0414 17:03:48.635705 fd83000 FrameBuffer.cpp:3790] Failed to find ColorBuffer:1888
E0414 17:03:48.635709 fd83000 FrameBuffer.cpp:3790] Failed to find ColorBuffer:1889
E0414 17:03:48.635713 fd83000 FrameBuffer.cpp:3790] Failed to find ColorBuffer:1890
E0414 17:03:48.635717 fd83000 FrameBuffer.cpp:3790] Failed to find ColorBuffer:1880
E0414 17:03:48.635721 fd83000 FrameBuffer.cpp:3790] Failed to find ColorBuffer:1891
E0414 17:03:48.635724 fd83000 FrameBuffer.cpp:3790] Failed to find ColorBuffer:1892
E0414 17:03:48.635728 fd83000 FrameBuffer.cpp:3790] Failed to find ColorBuffer:1893
E0414 17:03:48.635732 fd83000 FrameBuffer.cpp:3790] Failed to find ColorBuffer:1894
E0414 17:03:48.635736 fd83000 FrameBuffer.cpp:3790] Failed to find ColorBuffer:1881
E0414 17:03:48.635740 fd83000 FrameBuffer.cpp:3790] Failed to find ColorBuffer:1882
E0414 17:03:48.635744 fd83000 FrameBuffer.cpp:3790] Failed to find ColorBuffer:1883
E0414 17:03:48.635748 fd83000 FrameBuffer.cpp:3790] Failed to find ColorBuffer:1884
E0414 17:03:48.635753 fd83000 FrameBuffer.cpp:3790] Failed to find ColorBuffer:1895
E0414 17:03:48.635756 fd83000 FrameBuffer.cpp:3790] Failed to find ColorBuffer:1896
E0414 17:03:48.635760 fd83000 FrameBuffer.cpp:3790] Failed to find ColorBuffer:1897
E0414 17:03:48.635764 fd83000 FrameBuffer.cpp:3790] Failed to find ColorBuffer:1885
E0414 17:03:48.635768 fd83000 FrameBuffer.cpp:3790] Failed to find ColorBuffer:1886
E0414 17:03:48.635783 fd83000 FrameBuffer.cpp:3790] Failed to find ColorBuffer:1879
E0414 17:03:48.635787 fd83000 FrameBuffer.cpp:3790] Failed to find ColorBuffer:1887
E0414 17:03:48.635791 fd83000 FrameBuffer.cpp:3790] Failed to find ColorBuffer:1888
E0414 17:03:48.635796 fd83000 FrameBuffer.cpp:3790] Failed to find ColorBuffer:1889
E0414 17:03:48.635799 fd83000 FrameBuffer.cpp:3790] Failed to find ColorBuffer:1890
E0414 17:03:48.635803 fd83000 FrameBuffer.cpp:3790] Failed to find ColorBuffer:1880
E0414 17:03:48.635807 fd83000 FrameBuffer.cpp:3790] Failed to find ColorBuffer:1891
E0414 17:03:48.635811 fd83000 FrameBuffer.cpp:3790] Failed to find ColorBuffer:1892
E0414 17:03:48.635815 fd83000 FrameBuffer.cpp:3790] Failed to find ColorBuffer:1893
E0414 17:03:48.635819 fd83000 FrameBuffer.cpp:3790] Failed to find ColorBuffer:1894
E0414 17:03:48.635823 fd83000 FrameBuffer.cpp:3790] Failed to find ColorBuffer:1881
E0414 17:03:48.635826 fd83000 FrameBuffer.cpp:3790] Failed to find ColorBuffer:1882
E0414 17:03:48.635831 fd83000 FrameBuffer.cpp:3790] Failed to find ColorBuffer:1883
E0414 17:03:48.635835 fd83000 FrameBuffer.cpp:3790] Failed to find ColorBuffer:1884
E0414 17:03:48.635839 fd83000 FrameBuffer.cpp:3790] Failed to find ColorBuffer:1895
E0414 17:03:48.635843 fd83000 FrameBuffer.cpp:3790] Failed to find ColorBuffer:1896
E0414 17:03:48.635847 fd83000 FrameBuffer.cpp:3790] Failed to find ColorBuffer:1897
E0414 17:03:48.635850 fd83000 FrameBuffer.cpp:3790] Failed to find ColorBuffer:1885
E0414 17:03:48.635854 fd83000 FrameBuffer.cpp:3790] Failed to find ColorBuffer:1886
E0414 17:03:48.635858 fd83000 FrameBuffer.cpp:3790] Failed to find ColorBuffer:1879
E0414 17:03:48.635861 fd83000 FrameBuffer.cpp:3790] Failed to find ColorBuffer:1887
E0414 17:03:48.635865 fd83000 FrameBuffer.cpp:3790] Failed to find ColorBuffer:1888
E0414 17:03:48.635869 fd83000 FrameBuffer.cpp:3790] Failed to find ColorBuffer:1889
E0414 17:03:48.635873 fd83000 FrameBuffer.cpp:3790] Failed to find ColorBuffer:1890
E0414 17:03:48.635877 fd83000 FrameBuffer.cpp:3790] Failed to find ColorBuffer:1880
E0414 17:03:48.635881 fd83000 FrameBuffer.cpp:3790] Failed to find ColorBuffer:1891
E0414 17:03:48.635885 fd83000 FrameBuffer.cpp:3790] Failed to find ColorBuffer:1892
E0414 17:03:48.635888 fd83000 FrameBuffer.cpp:3790] Failed to find ColorBuffer:1893
E0414 17:03:48.635892 fd83000 FrameBuffer.cpp:3790] Failed to find ColorBuffer:1894
E0414 17:03:48.635896 fd83000 FrameBuffer.cpp:3790] Failed to find ColorBuffer:1881
E0414 17:03:48.635900 fd83000 FrameBuffer.cpp:3790] Failed to find ColorBuffer:1882
E0414 17:03:48.635903 fd83000 FrameBuffer.cpp:3790] Failed to find ColorBuffer:1883
E0414 17:03:48.635907 fd83000 FrameBuffer.cpp:3790] Failed to find ColorBuffer:1884
E0414 17:03:48.635911 fd83000 FrameBuffer.cpp:3790] Failed to find ColorBuffer:1895
E0414 17:03:48.635915 fd83000 FrameBuffer.cpp:3790] Failed to find ColorBuffer:1896
E0414 17:03:48.635919 fd83000 FrameBuffer.cpp:3790] Failed to find ColorBuffer:1897
E0414 17:03:48.635922 fd83000 FrameBuffer.cpp:3790] Failed to find ColorBuffer:1885
E0414 17:03:48.635926 fd83000 FrameBuffer.cpp:3790] Failed to find ColorBuffer:1886
E0414 17:03:48.635930 fd83000 FrameBuffer.cpp:3790] Failed to find ColorBuffer:1879
E0414 17:03:48.635934 fd83000 FrameBuffer.cpp:3790] Failed to find ColorBuffer:1887
E0414 17:03:48.635939 fd83000 FrameBuffer.cpp:3790] Failed to find ColorBuffer:1888
E0414 17:03:48.635944 fd83000 FrameBuffer.cpp:3790] Failed to find ColorBuffer:1889
E0414 17:03:48.635949 fd83000 FrameBuffer.cpp:3790] Failed to find ColorBuffer:1890
E0414 17:03:48.635953 fd83000 FrameBuffer.cpp:3790] Failed to find ColorBuffer:1880
E0414 17:03:48.635959 fd83000 FrameBuffer.cpp:3790] Failed to find ColorBuffer:1891
E0414 17:03:48.635964 fd83000 FrameBuffer.cpp:3790] Failed to find ColorBuffer:1892
E0414 17:03:48.635969 fd83000 FrameBuffer.cpp:3790] Failed to find ColorBuffer:1893
E0414 17:03:48.635973 fd83000 FrameBuffer.cpp:3790] Failed to find ColorBuffer:1894
E0414 17:03:48.635998 fd83000 FrameBuffer.cpp:3790] Failed to find ColorBuffer:1881
E0414 17:03:48.636003 fd83000 FrameBuffer.cpp:3790] Failed to find ColorBuffer:1882
E0414 17:03:48.636006 fd83000 FrameBuffer.cpp:3790] Failed to find ColorBuffer:1883
E0414 17:03:48.636010 fd83000 FrameBuffer.cpp:3790] Failed to find ColorBuffer:1884
E0414 17:03:48.636014 fd83000 FrameBuffer.cpp:3790] Failed to find ColorBuffer:1895
E0414 17:03:48.636018 fd83000 FrameBuffer.cpp:3790] Failed to find ColorBuffer:1896
E0414 17:03:48.636022 fd83000 FrameBuffer.cpp:3790] Failed to find ColorBuffer:1897
E0414 17:03:48.636025 fd83000 FrameBuffer.cpp:3790] Failed to find ColorBuffer:1885
E0414 17:03:48.636029 fd83000 FrameBuffer.cpp:3790] Failed to find ColorBuffer:1886
E0414 17:03:48.636033 fd83000 FrameBuffer.cpp:3790] Failed to find ColorBuffer:1879
E0414 17:03:48.636037 fd83000 FrameBuffer.cpp:3790] Failed to find ColorBuffer:1887
E0414 17:03:48.636040 fd83000 FrameBuffer.cpp:3790] Failed to find ColorBuffer:1888
E0414 17:03:48.636044 fd83000 FrameBuffer.cpp:3790] Failed to find ColorBuffer:1889
E0414 17:03:48.636048 fd83000 FrameBuffer.cpp:3790] Failed to find ColorBuffer:1890
E0414 17:03:48.636051 fd83000 FrameBuffer.cpp:3790] Failed to find ColorBuffer:1880
E0414 17:03:48.636055 fd83000 FrameBuffer.cpp:3790] Failed to find ColorBuffer:1891
E0414 17:03:48.636059 fd83000 FrameBuffer.cpp:3790] Failed to find ColorBuffer:1892
E0414 17:03:48.636063 fd83000 FrameBuffer.cpp:3790] Failed to find ColorBuffer:1893
E0414 17:03:48.636066 fd83000 FrameBuffer.cpp:3790] Failed to find ColorBuffer:1894
E0414 17:03:48.636070 fd83000 FrameBuffer.cpp:3790] Failed to find ColorBuffer:1881
E0414 17:03:48.636074 fd83000 FrameBuffer.cpp:3790] Failed to find ColorBuffer:1882
E0414 17:03:48.636077 fd83000 FrameBuffer.cpp:3790] Failed to find ColorBuffer:1883
E0414 17:03:48.636081 fd83000 FrameBuffer.cpp:3790] Failed to find ColorBuffer:1884
E0414 17:03:48.636085 fd83000 FrameBuffer.cpp:3790] Failed to find ColorBuffer:1895
E0414 17:03:48.636088 fd83000 FrameBuffer.cpp:3790] Failed to find ColorBuffer:1896
E0414 17:03:48.636092 fd83000 FrameBuffer.cpp:3790] Failed to find ColorBuffer:1897
E0414 17:03:48.636096 fd83000 FrameBuffer.cpp:3790] Failed to find ColorBuffer:1885
E0414 17:03:48.636099 fd83000 FrameBuffer.cpp:3790] Failed to find ColorBuffer:1886
E0414 17:03:48.636103 fd83000 FrameBuffer.cpp:3790] Failed to find ColorBuffer:1879
E0414 17:03:48.636107 fd83000 FrameBuffer.cpp:3790] Failed to find ColorBuffer:1887
E0414 17:03:48.636110 fd83000 FrameBuffer.cpp:3790] Failed to find ColorBuffer:1888
E0414 17:03:48.636115 fd83000 FrameBuffer.cpp:3790] Failed to find ColorBuffer:1889
E0414 17:03:48.636118 fd83000 FrameBuffer.cpp:3790] Failed to find ColorBuffer:1890
E0414 17:03:48.636122 fd83000 FrameBuffer.cpp:3790] Failed to find ColorBuffer:1880
E0414 17:03:48.636126 fd83000 FrameBuffer.cpp:3790] Failed to find ColorBuffer:1891
E0414 17:03:48.636131 fd83000 FrameBuffer.cpp:3790] Failed to find ColorBuffer:1892
E0414 17:03:48.636136 fd83000 FrameBuffer.cpp:3790] Failed to find ColorBuffer:1893
E0414 17:03:48.636140 fd83000 FrameBuffer.cpp:3790] Failed to find ColorBuffer:1894
E0414 17:03:48.636146 fd83000 FrameBuffer.cpp:3790] Failed to find ColorBuffer:1881
E0414 17:03:48.636151 fd83000 FrameBuffer.cpp:3790] Failed to find ColorBuffer:1882
E0414 17:03:48.636157 fd83000 FrameBuffer.cpp:3790] Failed to find ColorBuffer:1883
E0414 17:03:48.636163 fd83000 FrameBuffer.cpp:3790] Failed to find ColorBuffer:1884
E0414 17:03:48.636168 fd83000 FrameBuffer.cpp:3790] Failed to find ColorBuffer:1895
E0414 17:03:48.636173 fd83000 FrameBuffer.cpp:3790] Failed to find ColorBuffer:1896
E0414 17:03:48.636178 fd83000 FrameBuffer.cpp:3790] Failed to find ColorBuffer:1897
E0414 17:03:48.636183 fd83000 FrameBuffer.cpp:3790] Failed to find ColorBuffer:1885
E0414 17:03:48.636189 fd83000 FrameBuffer.cpp:3790] Failed to find ColorBuffer:1886
E0414 17:03:48.636193 fd83000 FrameBuffer.cpp:3790] Failed to find ColorBuffer:1879
E0414 17:03:48.636198 fd83000 FrameBuffer.cpp:3790] Failed to find ColorBuffer:1887
E0414 17:03:48.636213 fd83000 FrameBuffer.cpp:3790] Failed to find ColorBuffer:1888
E0414 17:03:48.636218 fd83000 FrameBuffer.cpp:3790] Failed to find ColorBuffer:1889
E0414 17:03:48.636223 fd83000 FrameBuffer.cpp:3790] Failed to find ColorBuffer:1890
E0414 17:03:48.636228 fd83000 FrameBuffer.cpp:3790] Failed to find ColorBuffer:1880
E0414 17:03:48.636232 fd83000 FrameBuffer.cpp:3790] Failed to find ColorBuffer:1891
E0414 17:03:48.636238 fd83000 FrameBuffer.cpp:3790] Failed to find ColorBuffer:1892
E0414 17:03:48.636242 fd83000 FrameBuffer.cpp:3790] Failed to find ColorBuffer:1893
E0414 17:03:48.636247 fd83000 FrameBuffer.cpp:3790] Failed to find ColorBuffer:1894
E0414 17:03:48.636252 fd83000 FrameBuffer.cpp:3790] Failed to find ColorBuffer:1881
E0414 17:03:48.636257 fd83000 FrameBuffer.cpp:3790] Failed to find ColorBuffer:1882
E0414 17:03:48.636263 fd83000 FrameBuffer.cpp:3790] Failed to find ColorBuffer:1883
E0414 17:03:48.636267 fd83000 FrameBuffer.cpp:3790] Failed to find ColorBuffer:1884
E0414 17:03:48.636272 fd83000 FrameBuffer.cpp:3790] Failed to find ColorBuffer:1895
E0414 17:03:48.636277 fd83000 FrameBuffer.cpp:3790] Failed to find ColorBuffer:1896
E0414 17:03:48.636282 fd83000 FrameBuffer.cpp:3790] Failed to find ColorBuffer:1897
E0414 17:03:48.636287 fd83000 FrameBuffer.cpp:3790] Failed to find ColorBuffer:1885
E0414 17:03:48.636292 fd83000 FrameBuffer.cpp:3790] Failed to find ColorBuffer:1886
E0414 17:03:48.636295 fd83000 FrameBuffer.cpp:3790] Failed to find ColorBuffer:1879
E0414 17:03:48.636300 fd83000 FrameBuffer.cpp:3790] Failed to find ColorBuffer:1887
E0414 17:03:48.636304 fd83000 FrameBuffer.cpp:3790] Failed to find ColorBuffer:1888
E0414 17:03:48.636308 fd83000 FrameBuffer.cpp:3790] Failed to find ColorBuffer:1889
E0414 17:03:48.636312 fd83000 FrameBuffer.cpp:3790] Failed to find ColorBuffer:1890
E0414 17:03:48.636316 fd83000 FrameBuffer.cpp:3790] Failed to find ColorBuffer:1880
E0414 17:03:48.636319 fd83000 FrameBuffer.cpp:3790] Failed to find ColorBuffer:1891
E0414 17:03:48.636323 fd83000 FrameBuffer.cpp:3790] Failed to find ColorBuffer:1892
E0414 17:03:48.636327 fd83000 FrameBuffer.cpp:3790] Failed to find ColorBuffer:1893
E0414 17:03:48.636330 fd83000 FrameBuffer.cpp:3790] Failed to find ColorBuffer:1894
E0414 17:03:48.636334 fd83000 FrameBuffer.cpp:3790] Failed to find ColorBuffer:1881
E0414 17:03:48.636338 fd83000 FrameBuffer.cpp:3790] Failed to find ColorBuffer:1882
E0414 17:03:48.636342 fd83000 FrameBuffer.cpp:3790] Failed to find ColorBuffer:1883
E0414 17:03:48.636346 fd83000 FrameBuffer.cpp:3790] Failed to find ColorBuffer:1884
E0414 17:03:48.636349 fd83000 FrameBuffer.cpp:3790] Failed to find ColorBuffer:1895
E0414 17:03:48.636353 fd83000 FrameBuffer.cpp:3790] Failed to find ColorBuffer:1896
E0414 17:03:48.636357 fd83000 FrameBuffer.cpp:3790] Failed to find ColorBuffer:1897
E0414 17:03:48.636361 fd83000 FrameBuffer.cpp:3790] Failed to find ColorBuffer:1885
E0414 17:03:48.636365 fd83000 FrameBuffer.cpp:3790] Failed to find ColorBuffer:1886
E0414 17:03:48.636368 fd83000 FrameBuffer.cpp:3790] Failed to find ColorBuffer:1879
E0414 17:03:48.636372 fd83000 FrameBuffer.cpp:3790] Failed to find ColorBuffer:1887
E0414 17:03:48.636376 fd83000 FrameBuffer.cpp:3790] Failed to find ColorBuffer:1888
E0414 17:03:48.636380 fd83000 FrameBuffer.cpp:3790] Failed to find ColorBuffer:1889
E0414 17:03:48.636383 fd83000 FrameBuffer.cpp:3790] Failed to find ColorBuffer:1890
E0414 17:03:48.636387 fd83000 FrameBuffer.cpp:3790] Failed to find ColorBuffer:1880
E0414 17:03:48.636391 fd83000 FrameBuffer.cpp:3790] Failed to find ColorBuffer:1891
E0414 17:03:48.636395 fd83000 FrameBuffer.cpp:3790] Failed to find ColorBuffer:1892
E0414 17:03:48.636399 fd83000 FrameBuffer.cpp:3790] Failed to find ColorBuffer:1893
E0414 17:03:48.636402 fd83000 FrameBuffer.cpp:3790] Failed to find ColorBuffer:1894
E0414 17:03:48.636406 fd83000 FrameBuffer.cpp:3790] Failed to find ColorBuffer:1881
E0414 17:03:48.636410 fd83000 FrameBuffer.cpp:3790] Failed to find ColorBuffer:1882
E0414 17:03:48.636414 fd83000 FrameBuffer.cpp:3790] Failed to find ColorBuffer:1883
E0414 17:03:48.636427 fd83000 FrameBuffer.cpp:3790] Failed to find ColorBuffer:1884
E0414 17:03:48.636430 fd83000 FrameBuffer.cpp:3790] Failed to find ColorBuffer:1895
E0414 17:03:48.636434 fd83000 FrameBuffer.cpp:3790] Failed to find ColorBuffer:1896
E0414 17:03:48.636438 fd83000 FrameBuffer.cpp:3790] Failed to find ColorBuffer:1897
E0414 17:03:48.636442 fd83000 FrameBuffer.cpp:3790] Failed to find ColorBuffer:1885
E0414 17:03:48.636445 fd83000 FrameBuffer.cpp:3790] Failed to find ColorBuffer:1886
E0414 17:03:48.636449 fd83000 FrameBuffer.cpp:3790] Failed to find ColorBuffer:1879
E0414 17:03:48.636453 fd83000 FrameBuffer.cpp:3790] Failed to find ColorBuffer:1887
E0414 17:03:48.636457 fd83000 FrameBuffer.cpp:3790] Failed to find ColorBuffer:1888
E0414 17:03:48.636460 fd83000 FrameBuffer.cpp:3790] Failed to find ColorBuffer:1889
E0414 17:03:48.636464 fd83000 FrameBuffer.cpp:3790] Failed to find ColorBuffer:1890
E0414 17:03:48.636468 fd83000 FrameBuffer.cpp:3790] Failed to find ColorBuffer:1880
E0414 17:03:48.636471 fd83000 FrameBuffer.cpp:3790] Failed to find ColorBuffer:1891
E0414 17:03:48.636475 fd83000 FrameBuffer.cpp:3790] Failed to find ColorBuffer:1892
E0414 17:03:48.636479 fd83000 FrameBuffer.cpp:3790] Failed to find ColorBuffer:1893
E0414 17:03:48.636483 fd83000 FrameBuffer.cpp:3790] Failed to find ColorBuffer:1894
E0414 17:03:48.636486 fd83000 FrameBuffer.cpp:3790] Failed to find ColorBuffer:1881
E0414 17:03:48.636490 fd83000 FrameBuffer.cpp:3790] Failed to find ColorBuffer:1882
E0414 17:03:48.636494 fd83000 FrameBuffer.cpp:3790] Failed to find ColorBuffer:1883
E0414 17:03:48.636498 fd83000 FrameBuffer.cpp:3790] Failed to find ColorBuffer:1884
E0414 17:03:48.636501 fd83000 FrameBuffer.cpp:3790] Failed to find ColorBuffer:1895
E0414 17:03:48.636505 fd83000 FrameBuffer.cpp:3790] Failed to find ColorBuffer:1896
E0414 17:03:48.636509 fd83000 FrameBuffer.cpp:3790] Failed to find ColorBuffer:1897
E0414 17:03:48.636512 fd83000 FrameBuffer.cpp:3790] Failed to find ColorBuffer:1885
E0414 17:03:48.636516 fd83000 FrameBuffer.cpp:3790] Failed to find ColorBuffer:1886
E0414 17:03:48.636520 fd83000 FrameBuffer.cpp:3790] Failed to find ColorBuffer:1879
E0414 17:03:48.636524 fd83000 FrameBuffer.cpp:3790] Failed to find ColorBuffer:1887
E0414 17:03:48.636527 fd83000 FrameBuffer.cpp:3790] Failed to find ColorBuffer:1888
E0414 17:03:48.636531 fd83000 FrameBuffer.cpp:3790] Failed to find ColorBuffer:1889
E0414 17:03:48.636535 fd83000 FrameBuffer.cpp:3790] Failed to find ColorBuffer:1890
E0414 17:03:48.636539 fd83000 FrameBuffer.cpp:3790] Failed to find ColorBuffer:1880
E0414 17:03:48.636542 fd83000 FrameBuffer.cpp:3790] Failed to find ColorBuffer:1891
E0414 17:03:48.636546 fd83000 FrameBuffer.cpp:3790] Failed to find ColorBuffer:1892
E0414 17:03:48.636550 fd83000 FrameBuffer.cpp:3790] Failed to find ColorBuffer:1893
E0414 17:03:48.636554 fd83000 FrameBuffer.cpp:3790] Failed to find ColorBuffer:1894
E0414 17:03:48.636557 fd83000 FrameBuffer.cpp:3790] Failed to find ColorBuffer:1881
E0414 17:03:48.636561 fd83000 FrameBuffer.cpp:3790] Failed to find ColorBuffer:1882
E0414 17:03:48.636565 fd83000 FrameBuffer.cpp:3790] Failed to find ColorBuffer:1883
E0414 17:03:48.636569 fd83000 FrameBuffer.cpp:3790] Failed to find ColorBuffer:1884
E0414 17:03:48.636572 fd83000 FrameBuffer.cpp:3790] Failed to find ColorBuffer:1895
E0414 17:03:48.636576 fd83000 FrameBuffer.cpp:3790] Failed to find ColorBuffer:1896
E0414 17:03:48.636580 fd83000 FrameBuffer.cpp:3790] Failed to find ColorBuffer:1897
E0414 17:03:48.636583 fd83000 FrameBuffer.cpp:3790] Failed to find ColorBuffer:1885
E0414 17:03:48.636587 fd83000 FrameBuffer.cpp:3790] Failed to find ColorBuffer:1886
E0414 17:03:48.636591 fd83000 FrameBuffer.cpp:3790] Failed to find ColorBuffer:1879
E0414 17:03:48.636594 fd83000 FrameBuffer.cpp:3790] Failed to find ColorBuffer:1887
E0414 17:03:48.636598 fd83000 FrameBuffer.cpp:3790] Failed to find ColorBuffer:1888
E0414 17:03:48.636602 fd83000 FrameBuffer.cpp:3790] Failed to find ColorBuffer:1889
E0414 17:03:48.636606 fd83000 FrameBuffer.cpp:3790] Failed to find ColorBuffer:1890
E0414 17:03:48.636621 fd83000 FrameBuffer.cpp:3790] Failed to find ColorBuffer:1880
E0414 17:03:48.636625 fd83000 FrameBuffer.cpp:3790] Failed to find ColorBuffer:1891
E0414 17:03:48.636629 fd83000 FrameBuffer.cpp:3790] Failed to find ColorBuffer:1892
E0414 17:03:48.636633 fd83000 FrameBuffer.cpp:3790] Failed to find ColorBuffer:1893
E0414 17:03:48.636637 fd83000 FrameBuffer.cpp:3790] Failed to find ColorBuffer:1894
E0414 17:03:48.636640 fd83000 FrameBuffer.cpp:3790] Failed to find ColorBuffer:1881
E0414 17:03:48.636644 fd83000 FrameBuffer.cpp:3790] Failed to find ColorBuffer:1882
E0414 17:03:48.636648 fd83000 FrameBuffer.cpp:3790] Failed to find ColorBuffer:1883
E0414 17:03:48.636651 fd83000 FrameBuffer.cpp:3790] Failed to find ColorBuffer:1884
E0414 17:03:48.636655 fd83000 FrameBuffer.cpp:3790] Failed to find ColorBuffer:1895
E0414 17:03:48.636659 fd83000 FrameBuffer.cpp:3790] Failed to find ColorBuffer:1896
E0414 17:03:48.636663 fd83000 FrameBuffer.cpp:3790] Failed to find ColorBuffer:1897
E0414 17:03:48.636667 fd83000 FrameBuffer.cpp:3790] Failed to find ColorBuffer:1885
E0414 17:03:48.636671 fd83000 FrameBuffer.cpp:3790] Failed to find ColorBuffer:1886
E0414 17:03:48.636674 fd83000 FrameBuffer.cpp:3790] Failed to find ColorBuffer:1879
E0414 17:03:48.636678 fd83000 FrameBuffer.cpp:3790] Failed to find ColorBuffer:1887
E0414 17:03:48.636682 fd83000 FrameBuffer.cpp:3790] Failed to find ColorBuffer:1888
E0414 17:03:48.636685 fd83000 FrameBuffer.cpp:3790] Failed to find ColorBuffer:1889
E0414 17:03:48.636689 fd83000 FrameBuffer.cpp:3790] Failed to find ColorBuffer:1890
E0414 17:03:48.636693 fd83000 FrameBuffer.cpp:3790] Failed to find ColorBuffer:1880
E0414 17:03:48.636697 fd83000 FrameBuffer.cpp:3790] Failed to find ColorBuffer:1891
E0414 17:03:48.636701 fd83000 FrameBuffer.cpp:3790] Failed to find ColorBuffer:1892
E0414 17:03:48.636705 fd83000 FrameBuffer.cpp:3790] Failed to find ColorBuffer:1893
E0414 17:03:48.636708 fd83000 FrameBuffer.cpp:3790] Failed to find ColorBuffer:1894
E0414 17:03:48.636712 fd83000 FrameBuffer.cpp:3790] Failed to find ColorBuffer:1881
E0414 17:03:48.636716 fd83000 FrameBuffer.cpp:3790] Failed to find ColorBuffer:1882
E0414 17:03:48.636720 fd83000 FrameBuffer.cpp:3790] Failed to find ColorBuffer:1883
E0414 17:03:48.636724 fd83000 FrameBuffer.cpp:3790] Failed to find ColorBuffer:1884
E0414 17:03:48.636728 fd83000 FrameBuffer.cpp:3790] Failed to find ColorBuffer:1895
E0414 17:03:48.636732 fd83000 FrameBuffer.cpp:3790] Failed to find ColorBuffer:1896
E0414 17:03:48.636736 fd83000 FrameBuffer.cpp:3790] Failed to find ColorBuffer:1897
E0414 17:03:48.636739 fd83000 FrameBuffer.cpp:3790] Failed to find ColorBuffer:1885
E0414 17:03:48.636743 fd83000 FrameBuffer.cpp:3790] Failed to find ColorBuffer:1886
E0414 17:03:48.636747 fd83000 FrameBuffer.cpp:3790] Failed to find ColorBuffer:1879
E0414 17:03:48.636751 fd83000 FrameBuffer.cpp:3790] Failed to find ColorBuffer:1887
E0414 17:03:48.636755 fd83000 FrameBuffer.cpp:3790] Failed to find ColorBuffer:1888
E0414 17:03:48.636759 fd83000 FrameBuffer.cpp:3790] Failed to find ColorBuffer:1889
E0414 17:03:48.636763 fd83000 FrameBuffer.cpp:3790] Failed to find ColorBuffer:1890
E0414 17:03:48.636766 fd83000 FrameBuffer.cpp:3790] Failed to find ColorBuffer:1880
E0414 17:03:48.636770 fd83000 FrameBuffer.cpp:3790] Failed to find ColorBuffer:1891
E0414 17:03:48.636774 fd83000 FrameBuffer.cpp:3790] Failed to find ColorBuffer:1892
E0414 17:03:48.636778 fd83000 FrameBuffer.cpp:3790] Failed to find ColorBuffer:1893
E0414 17:03:48.636782 fd83000 FrameBuffer.cpp:3790] Failed to find ColorBuffer:1894
E0414 17:03:48.636786 fd83000 FrameBuffer.cpp:3790] Failed to find ColorBuffer:1881
E0414 17:03:48.636790 fd83000 FrameBuffer.cpp:3790] Failed to find ColorBuffer:1882
E0414 17:03:48.636794 fd83000 FrameBuffer.cpp:3790] Failed to find ColorBuffer:1883
E0414 17:03:48.636798 fd83000 FrameBuffer.cpp:3790] Failed to find ColorBuffer:1884
E0414 17:03:48.636801 fd83000 FrameBuffer.cpp:3790] Failed to find ColorBuffer:1895
E0414 17:03:48.636977 fd83000 FrameBuffer.cpp:3790] Failed to find ColorBuffer:1896
E0414 17:03:48.636989 fd83000 FrameBuffer.cpp:3790] Failed to find ColorBuffer:1897
E0414 17:03:48.636995 fd83000 FrameBuffer.cpp:3790] Failed to find ColorBuffer:1885
E0414 17:03:48.636999 fd83000 FrameBuffer.cpp:3790] Failed to find ColorBuffer:1886
E0414 17:03:48.637004 fd83000 FrameBuffer.cpp:3790] Failed to find ColorBuffer:1879
E0414 17:03:48.637008 fd83000 FrameBuffer.cpp:3790] Failed to find ColorBuffer:1887
E0414 17:03:48.637012 fd83000 FrameBuffer.cpp:3790] Failed to find ColorBuffer:1888
E0414 17:03:48.637016 fd83000 FrameBuffer.cpp:3790] Failed to find ColorBuffer:1889
E0414 17:03:48.637020 fd83000 FrameBuffer.cpp:3790] Failed to find ColorBuffer:1890
E0414 17:03:48.637024 fd83000 FrameBuffer.cpp:3790] Failed to find ColorBuffer:1880
E0414 17:03:48.637028 fd83000 FrameBuffer.cpp:3790] Failed to find ColorBuffer:1891
E0414 17:03:48.637065 fd83000 FrameBuffer.cpp:3790] Failed to find ColorBuffer:1892
E0414 17:03:48.637071 fd83000 FrameBuffer.cpp:3790] Failed to find ColorBuffer:1893
E0414 17:03:48.637074 fd83000 FrameBuffer.cpp:3790] Failed to find ColorBuffer:1894
E0414 17:03:48.637078 fd83000 FrameBuffer.cpp:3790] Failed to find ColorBuffer:1881
E0414 17:03:48.637082 fd83000 FrameBuffer.cpp:3790] Failed to find ColorBuffer:1882
E0414 17:03:48.637088 fd83000 FrameBuffer.cpp:3790] Failed to find ColorBuffer:1883
E0414 17:03:48.637094 fd83000 FrameBuffer.cpp:3790] Failed to find ColorBuffer:1884
E0414 17:03:48.637098 fd83000 FrameBuffer.cpp:3790] Failed to find ColorBuffer:1895
E0414 17:03:48.637103 fd83000 FrameBuffer.cpp:3790] Failed to find ColorBuffer:1896
E0414 17:03:48.637108 fd83000 FrameBuffer.cpp:3790] Failed to find ColorBuffer:1897
E0414 17:03:48.637113 fd83000 FrameBuffer.cpp:3790] Failed to find ColorBuffer:1885
E0414 17:03:48.637118 fd83000 FrameBuffer.cpp:3790] Failed to find ColorBuffer:1886
E0414 17:03:48.637122 fd83000 FrameBuffer.cpp:3790] Failed to find ColorBuffer:1879
E0414 17:03:48.637127 fd83000 FrameBuffer.cpp:3790] Failed to find ColorBuffer:1887
E0414 17:03:48.637132 fd83000 FrameBuffer.cpp:3790] Failed to find ColorBuffer:1888
E0414 17:03:48.637138 fd83000 FrameBuffer.cpp:3790] Failed to find ColorBuffer:1889
E0414 17:03:48.637143 fd83000 FrameBuffer.cpp:3790] Failed to find ColorBuffer:1890
E0414 17:03:48.637147 fd83000 FrameBuffer.cpp:3790] Failed to find ColorBuffer:1880
E0414 17:03:48.637152 fd83000 FrameBuffer.cpp:3790] Failed to find ColorBuffer:1891
E0414 17:03:48.637157 fd83000 FrameBuffer.cpp:3790] Failed to find ColorBuffer:1892
E0414 17:03:48.637163 fd83000 FrameBuffer.cpp:3790] Failed to find ColorBuffer:1893
E0414 17:03:48.637168 fd83000 FrameBuffer.cpp:3790] Failed to find ColorBuffer:1894
E0414 17:03:48.637174 fd83000 FrameBuffer.cpp:3790] Failed to find ColorBuffer:1881
E0414 17:03:48.637180 fd83000 FrameBuffer.cpp:3790] Failed to find ColorBuffer:1882
E0414 17:03:48.637184 fd83000 FrameBuffer.cpp:3790] Failed to find ColorBuffer:1883
E0414 17:03:48.637189 fd83000 FrameBuffer.cpp:3790] Failed to find ColorBuffer:1884
E0414 17:03:48.637194 fd83000 FrameBuffer.cpp:3790] Failed to find ColorBuffer:1895
E0414 17:03:48.637199 fd83000 FrameBuffer.cpp:3790] Failed to find ColorBuffer:1896
E0414 17:03:48.637204 fd83000 FrameBuffer.cpp:3790] Failed to find ColorBuffer:1897
E0414 17:03:48.637209 fd83000 FrameBuffer.cpp:3790] Failed to find ColorBuffer:1885
E0414 17:03:48.637214 fd83000 FrameBuffer.cpp:3790] Failed to find ColorBuffer:1886
E0414 17:03:48.637219 fd83000 FrameBuffer.cpp:3790] Failed to find ColorBuffer:1879
E0414 17:03:48.637224 fd83000 FrameBuffer.cpp:3790] Failed to find ColorBuffer:1887
E0414 17:03:48.637229 fd83000 FrameBuffer.cpp:3790] Failed to find ColorBuffer:1888
E0414 17:03:48.637234 fd83000 FrameBuffer.cpp:3790] Failed to find ColorBuffer:1889
E0414 17:03:48.637239 fd83000 FrameBuffer.cpp:3790] Failed to find ColorBuffer:1890
E0414 17:03:48.637242 fd83000 FrameBuffer.cpp:3790] Failed to find ColorBuffer:1880
E0414 17:03:48.637246 fd83000 FrameBuffer.cpp:3790] Failed to find ColorBuffer:1891
E0414 17:03:48.637266 fd83000 FrameBuffer.cpp:3790] Failed to find ColorBuffer:1892
E0414 17:03:48.637270 fd83000 FrameBuffer.cpp:3790] Failed to find ColorBuffer:1893
E0414 17:03:48.637274 fd83000 FrameBuffer.cpp:3790] Failed to find ColorBuffer:1894
E0414 17:03:48.637278 fd83000 FrameBuffer.cpp:3790] Failed to find ColorBuffer:1881
E0414 17:03:48.637282 fd83000 FrameBuffer.cpp:3790] Failed to find ColorBuffer:1882
E0414 17:03:48.637286 fd83000 FrameBuffer.cpp:3790] Failed to find ColorBuffer:1883
E0414 17:03:48.637290 fd83000 FrameBuffer.cpp:3790] Failed to find ColorBuffer:1884
E0414 17:03:48.637294 fd83000 FrameBuffer.cpp:3790] Failed to find ColorBuffer:1895
E0414 17:03:48.637298 fd83000 FrameBuffer.cpp:3790] Failed to find ColorBuffer:1896
E0414 17:03:48.637301 fd83000 FrameBuffer.cpp:3790] Failed to find ColorBuffer:1897
E0414 17:03:48.637305 fd83000 FrameBuffer.cpp:3790] Failed to find ColorBuffer:1885
E0414 17:03:48.637309 fd83000 FrameBuffer.cpp:3790] Failed to find ColorBuffer:1886
E0414 17:03:48.637313 fd83000 FrameBuffer.cpp:3790] Failed to find ColorBuffer:1879
E0414 17:03:48.637317 fd83000 FrameBuffer.cpp:3790] Failed to find ColorBuffer:1887
E0414 17:03:48.637321 fd83000 FrameBuffer.cpp:3790] Failed to find ColorBuffer:1888
E0414 17:03:48.637325 fd83000 FrameBuffer.cpp:3790] Failed to find ColorBuffer:1889
E0414 17:03:48.637329 fd83000 FrameBuffer.cpp:3790] Failed to find ColorBuffer:1890
E0414 17:03:48.637332 fd83000 FrameBuffer.cpp:3790] Failed to find ColorBuffer:1880
E0414 17:03:48.637336 fd83000 FrameBuffer.cpp:3790] Failed to find ColorBuffer:1891
E0414 17:03:48.637340 fd83000 FrameBuffer.cpp:3790] Failed to find ColorBuffer:1892
E0414 17:03:48.637344 fd83000 FrameBuffer.cpp:3790] Failed to find ColorBuffer:1893
E0414 17:03:48.637348 fd83000 FrameBuffer.cpp:3790] Failed to find ColorBuffer:1894
E0414 17:03:48.637352 fd83000 FrameBuffer.cpp:3790] Failed to find ColorBuffer:1881
E0414 17:03:48.637356 fd83000 FrameBuffer.cpp:3790] Failed to find ColorBuffer:1882
E0414 17:03:48.637361 fd83000 FrameBuffer.cpp:3790] Failed to find ColorBuffer:1883
E0414 17:03:48.637364 fd83000 FrameBuffer.cpp:3790] Failed to find ColorBuffer:1884
E0414 17:03:48.637368 fd83000 FrameBuffer.cpp:3790] Failed to find ColorBuffer:1895
E0414 17:03:48.637373 fd83000 FrameBuffer.cpp:3790] Failed to find ColorBuffer:1896
E0414 17:03:48.637376 fd83000 FrameBuffer.cpp:3790] Failed to find ColorBuffer:1897
E0414 17:03:48.637380 fd83000 FrameBuffer.cpp:3790] Failed to find ColorBuffer:1885
E0414 17:03:48.637384 fd83000 FrameBuffer.cpp:3790] Failed to find ColorBuffer:1886
E0414 17:03:48.637388 fd83000 FrameBuffer.cpp:3790] Failed to find ColorBuffer:1879
E0414 17:03:48.637392 fd83000 FrameBuffer.cpp:3790] Failed to find ColorBuffer:1887
E0414 17:03:48.637395 fd83000 FrameBuffer.cpp:3790] Failed to find ColorBuffer:1888
E0414 17:03:48.637400 fd83000 FrameBuffer.cpp:3790] Failed to find ColorBuffer:1889
E0414 17:03:48.637404 fd83000 FrameBuffer.cpp:3790] Failed to find ColorBuffer:1890
E0414 17:03:48.637408 fd83000 FrameBuffer.cpp:3790] Failed to find ColorBuffer:1880
E0414 17:03:48.637411 fd83000 FrameBuffer.cpp:3790] Failed to find ColorBuffer:1891
E0414 17:03:48.637416 fd83000 FrameBuffer.cpp:3790] Failed to find ColorBuffer:1892
E0414 17:03:48.637419 fd83000 FrameBuffer.cpp:3790] Failed to find ColorBuffer:1893
E0414 17:03:48.637423 fd83000 FrameBuffer.cpp:3790] Failed to find ColorBuffer:1894
E0414 17:03:48.637427 fd83000 FrameBuffer.cpp:3790] Failed to find ColorBuffer:1881
E0414 17:03:48.637431 fd83000 FrameBuffer.cpp:3790] Failed to find ColorBuffer:1882
E0414 17:03:48.637434 fd83000 FrameBuffer.cpp:3790] Failed to find ColorBuffer:1883
E0414 17:03:48.637439 fd83000 FrameBuffer.cpp:3790] Failed to find ColorBuffer:1884
E0414 17:03:48.637443 fd83000 FrameBuffer.cpp:3790] Failed to find ColorBuffer:1895
E0414 17:03:48.637446 fd83000 FrameBuffer.cpp:3790] Failed to find ColorBuffer:1896
E0414 17:03:48.637450 fd83000 FrameBuffer.cpp:3790] Failed to find ColorBuffer:1897
E0414 17:03:48.637454 fd83000 FrameBuffer.cpp:3790] Failed to find ColorBuffer:1885
E0414 17:03:48.637469 fd83000 FrameBuffer.cpp:3790] Failed to find ColorBuffer:1886
E0414 17:03:48.637474 fd83000 FrameBuffer.cpp:3790] Failed to find ColorBuffer:1879
E0414 17:03:48.637478 fd83000 FrameBuffer.cpp:3790] Failed to find ColorBuffer:1887
E0414 17:03:48.637482 fd83000 FrameBuffer.cpp:3790] Failed to find ColorBuffer:1888
E0414 17:03:48.637486 fd83000 FrameBuffer.cpp:3790] Failed to find ColorBuffer:1889
E0414 17:03:48.637491 fd83000 FrameBuffer.cpp:3790] Failed to find ColorBuffer:1890
E0414 17:03:48.637495 fd83000 FrameBuffer.cpp:3790] Failed to find ColorBuffer:1880
E0414 17:03:48.637498 fd83000 FrameBuffer.cpp:3790] Failed to find ColorBuffer:1891
E0414 17:03:48.637502 fd83000 FrameBuffer.cpp:3790] Failed to find ColorBuffer:1892
E0414 17:03:48.637506 fd83000 FrameBuffer.cpp:3790] Failed to find ColorBuffer:1893
E0414 17:03:48.637510 fd83000 FrameBuffer.cpp:3790] Failed to find ColorBuffer:1894
E0414 17:03:48.637514 fd83000 FrameBuffer.cpp:3790] Failed to find ColorBuffer:1881
E0414 17:03:48.637518 fd83000 FrameBuffer.cpp:3790] Failed to find ColorBuffer:1882
E0414 17:03:48.637522 fd83000 FrameBuffer.cpp:3790] Failed to find ColorBuffer:1883
E0414 17:03:48.637526 fd83000 FrameBuffer.cpp:3790] Failed to find ColorBuffer:1884
E0414 17:03:48.637530 fd83000 FrameBuffer.cpp:3790] Failed to find ColorBuffer:1895
E0414 17:03:48.637534 fd83000 FrameBuffer.cpp:3790] Failed to find ColorBuffer:1896
E0414 17:03:48.637539 fd83000 FrameBuffer.cpp:3790] Failed to find ColorBuffer:1897
E0414 17:03:48.637542 fd83000 FrameBuffer.cpp:3790] Failed to find ColorBuffer:1885
E0414 17:03:48.637547 fd83000 FrameBuffer.cpp:3790] Failed to find ColorBuffer:1886
E0414 17:03:48.637551 fd83000 FrameBuffer.cpp:3790] Failed to find ColorBuffer:1879
E0414 17:03:48.637554 fd83000 FrameBuffer.cpp:3790] Failed to find ColorBuffer:1887
E0414 17:03:48.637558 fd83000 FrameBuffer.cpp:3790] Failed to find ColorBuffer:1888
E0414 17:03:48.637562 fd83000 FrameBuffer.cpp:3790] Failed to find ColorBuffer:1889
E0414 17:03:48.637566 fd83000 FrameBuffer.cpp:3790] Failed to find ColorBuffer:1890
E0414 17:03:48.637569 fd83000 FrameBuffer.cpp:3790] Failed to find ColorBuffer:1880
E0414 17:03:48.637573 fd83000 FrameBuffer.cpp:3790] Failed to find ColorBuffer:1891
E0414 17:03:48.637577 fd83000 FrameBuffer.cpp:3790] Failed to find ColorBuffer:1892
E0414 17:03:48.637581 fd83000 FrameBuffer.cpp:3790] Failed to find ColorBuffer:1893
E0414 17:03:48.637585 fd83000 FrameBuffer.cpp:3790] Failed to find ColorBuffer:1894
E0414 17:03:48.637588 fd83000 FrameBuffer.cpp:3790] Failed to find ColorBuffer:1881
E0414 17:03:48.637592 fd83000 FrameBuffer.cpp:3790] Failed to find ColorBuffer:1882
E0414 17:03:48.637596 fd83000 FrameBuffer.cpp:3790] Failed to find ColorBuffer:1883
E0414 17:03:48.637600 fd83000 FrameBuffer.cpp:3790] Failed to find ColorBuffer:1884
E0414 17:03:48.637604 fd83000 FrameBuffer.cpp:3790] Failed to find ColorBuffer:1895
E0414 17:03:48.637608 fd83000 FrameBuffer.cpp:3790] Failed to find ColorBuffer:1896
E0414 17:03:48.637612 fd83000 FrameBuffer.cpp:3790] Failed to find ColorBuffer:1897
E0414 17:03:48.637615 fd83000 FrameBuffer.cpp:3790] Failed to find ColorBuffer:1885
E0414 17:03:48.637619 fd83000 FrameBuffer.cpp:3790] Failed to find ColorBuffer:1886
E0414 17:03:48.637623 fd83000 FrameBuffer.cpp:3790] Failed to find ColorBuffer:1879
E0414 17:03:48.637627 fd83000 FrameBuffer.cpp:3790] Failed to find ColorBuffer:1887
E0414 17:03:48.637630 fd83000 FrameBuffer.cpp:3790] Failed to find ColorBuffer:1888
E0414 17:03:48.637634 fd83000 FrameBuffer.cpp:3790] Failed to find ColorBuffer:1889
E0414 17:03:48.637638 fd83000 FrameBuffer.cpp:3790] Failed to find ColorBuffer:1890
E0414 17:03:48.637642 fd83000 FrameBuffer.cpp:3790] Failed to find ColorBuffer:1880
E0414 17:03:48.637645 fd83000 FrameBuffer.cpp:3790] Failed to find ColorBuffer:1891
E0414 17:03:48.637649 fd83000 FrameBuffer.cpp:3790] Failed to find ColorBuffer:1892
E0414 17:03:48.637653 fd83000 FrameBuffer.cpp:3790] Failed to find ColorBuffer:1893
E0414 17:03:48.637657 fd83000 FrameBuffer.cpp:3790] Failed to find ColorBuffer:1894
E0414 17:03:48.637672 fd83000 FrameBuffer.cpp:3790] Failed to find ColorBuffer:1881
E0414 17:03:48.637676 fd83000 FrameBuffer.cpp:3790] Failed to find ColorBuffer:1882
E0414 17:03:48.637680 fd83000 FrameBuffer.cpp:3790] Failed to find ColorBuffer:1883
E0414 17:03:48.637684 fd83000 FrameBuffer.cpp:3790] Failed to find ColorBuffer:1884
E0414 17:03:48.637688 fd83000 FrameBuffer.cpp:3790] Failed to find ColorBuffer:1895
E0414 17:03:48.637692 fd83000 FrameBuffer.cpp:3790] Failed to find ColorBuffer:1896
E0414 17:03:48.637695 fd83000 FrameBuffer.cpp:3790] Failed to find ColorBuffer:1897
E0414 17:03:48.637699 fd83000 FrameBuffer.cpp:3790] Failed to find ColorBuffer:1885
E0414 17:03:48.637703 fd83000 FrameBuffer.cpp:3790] Failed to find ColorBuffer:1886
E0414 17:03:48.637707 fd83000 FrameBuffer.cpp:3790] Failed to find ColorBuffer:1879
E0414 17:03:48.637711 fd83000 FrameBuffer.cpp:3790] Failed to find ColorBuffer:1887
E0414 17:03:48.637715 fd83000 FrameBuffer.cpp:3790] Failed to find ColorBuffer:1888
E0414 17:03:48.637719 fd83000 FrameBuffer.cpp:3790] Failed to find ColorBuffer:1889
E0414 17:03:48.637723 fd83000 FrameBuffer.cpp:3790] Failed to find ColorBuffer:1890
E0414 17:03:48.637727 fd83000 FrameBuffer.cpp:3790] Failed to find ColorBuffer:1880
E0414 17:03:48.637731 fd83000 FrameBuffer.cpp:3790] Failed to find ColorBuffer:1891
E0414 17:03:48.637735 fd83000 FrameBuffer.cpp:3790] Failed to find ColorBuffer:1892
E0414 17:03:48.637739 fd83000 FrameBuffer.cpp:3790] Failed to find ColorBuffer:1893
E0414 17:03:48.637743 fd83000 FrameBuffer.cpp:3790] Failed to find ColorBuffer:1894
E0414 17:03:48.637747 fd83000 FrameBuffer.cpp:3790] Failed to find ColorBuffer:1881
E0414 17:03:48.637751 fd83000 FrameBuffer.cpp:3790] Failed to find ColorBuffer:1882
E0414 17:03:48.637754 fd83000 FrameBuffer.cpp:3790] Failed to find ColorBuffer:1883
E0414 17:03:48.637758 fd83000 FrameBuffer.cpp:3790] Failed to find ColorBuffer:1884
E0414 17:03:48.637762 fd83000 FrameBuffer.cpp:3790] Failed to find ColorBuffer:1895
E0414 17:03:48.637766 fd83000 FrameBuffer.cpp:3790] Failed to find ColorBuffer:1896
E0414 17:03:48.637770 fd83000 FrameBuffer.cpp:3790] Failed to find ColorBuffer:1897
E0414 17:03:48.637773 fd83000 FrameBuffer.cpp:3790] Failed to find ColorBuffer:1885
E0414 17:03:48.637777 fd83000 FrameBuffer.cpp:3790] Failed to find ColorBuffer:1886
E0414 17:03:48.637781 fd83000 FrameBuffer.cpp:3790] Failed to find ColorBuffer:1879
E0414 17:03:48.637785 fd83000 FrameBuffer.cpp:3790] Failed to find ColorBuffer:1887
E0414 17:03:48.637790 fd83000 FrameBuffer.cpp:3790] Failed to find ColorBuffer:1888
E0414 17:03:48.637793 fd83000 FrameBuffer.cpp:3790] Failed to find ColorBuffer:1889
E0414 17:03:48.637798 fd83000 FrameBuffer.cpp:3790] Failed to find ColorBuffer:1890
E0414 17:03:48.637801 fd83000 FrameBuffer.cpp:3790] Failed to find ColorBuffer:1880
E0414 17:03:48.637806 fd83000 FrameBuffer.cpp:3790] Failed to find ColorBuffer:1891
E0414 17:03:48.637810 fd83000 FrameBuffer.cpp:3790] Failed to find ColorBuffer:1892
E0414 17:03:48.637814 fd83000 FrameBuffer.cpp:3790] Failed to find ColorBuffer:1893
E0414 17:03:48.637818 fd83000 FrameBuffer.cpp:3790] Failed to find ColorBuffer:1894
E0414 17:03:48.637822 fd83000 FrameBuffer.cpp:3790] Failed to find ColorBuffer:1881
E0414 17:03:48.637827 fd83000 FrameBuffer.cpp:3790] Failed to find ColorBuffer:1882
E0414 17:03:48.637831 fd83000 FrameBuffer.cpp:3790] Failed to find ColorBuffer:1883
E0414 17:03:48.637834 fd83000 FrameBuffer.cpp:3790] Failed to find ColorBuffer:1884
E0414 17:03:48.637839 fd83000 FrameBuffer.cpp:3790] Failed to find ColorBuffer:1895
E0414 17:03:48.637842 fd83000 FrameBuffer.cpp:3790] Failed to find ColorBuffer:1896
E0414 17:03:48.637846 fd83000 FrameBuffer.cpp:3790] Failed to find ColorBuffer:1897
E0414 17:03:48.637850 fd83000 FrameBuffer.cpp:3790] Failed to find ColorBuffer:1885
E0414 17:03:48.637855 fd83000 FrameBuffer.cpp:3790] Failed to find ColorBuffer:1886
E0414 17:03:48.637860 fd83000 FrameBuffer.cpp:3790] Failed to find ColorBuffer:1879
E0414 17:03:48.637884 fd83000 FrameBuffer.cpp:3790] Failed to find ColorBuffer:1887
E0414 17:03:48.637890 fd83000 FrameBuffer.cpp:3790] Failed to find ColorBuffer:1888
E0414 17:03:48.637895 fd83000 FrameBuffer.cpp:3790] Failed to find ColorBuffer:1889
E0414 17:03:48.637900 fd83000 FrameBuffer.cpp:3790] Failed to find ColorBuffer:1890
E0414 17:03:48.637905 fd83000 FrameBuffer.cpp:3790] Failed to find ColorBuffer:1880
E0414 17:03:48.637910 fd83000 FrameBuffer.cpp:3790] Failed to find ColorBuffer:1891
E0414 17:03:48.637915 fd83000 FrameBuffer.cpp:3790] Failed to find ColorBuffer:1892
E0414 17:03:48.637920 fd83000 FrameBuffer.cpp:3790] Failed to find ColorBuffer:1893
E0414 17:03:48.637925 fd83000 FrameBuffer.cpp:3790] Failed to find ColorBuffer:1894
E0414 17:03:48.637930 fd83000 FrameBuffer.cpp:3790] Failed to find ColorBuffer:1881
E0414 17:03:48.637935 fd83000 FrameBuffer.cpp:3790] Failed to find ColorBuffer:1882
E0414 17:03:48.637940 fd83000 FrameBuffer.cpp:3790] Failed to find ColorBuffer:1883
E0414 17:03:48.637944 fd83000 FrameBuffer.cpp:3790] Failed to find ColorBuffer:1884
E0414 17:03:48.637949 fd83000 FrameBuffer.cpp:3790] Failed to find ColorBuffer:1895
E0414 17:03:48.637953 fd83000 FrameBuffer.cpp:3790] Failed to find ColorBuffer:1896
E0414 17:03:48.637958 fd83000 FrameBuffer.cpp:3790] Failed to find ColorBuffer:1897
E0414 17:03:48.637963 fd83000 FrameBuffer.cpp:3790] Failed to find ColorBuffer:1885
E0414 17:03:48.637968 fd83000 FrameBuffer.cpp:3790] Failed to find ColorBuffer:1886
E0414 17:03:48.637972 fd83000 FrameBuffer.cpp:3790] Failed to find ColorBuffer:1879
E0414 17:03:48.637977 fd83000 FrameBuffer.cpp:3790] Failed to find ColorBuffer:1887
E0414 17:03:48.637982 fd83000 FrameBuffer.cpp:3790] Failed to find ColorBuffer:1888
E0414 17:03:48.637987 fd83000 FrameBuffer.cpp:3790] Failed to find ColorBuffer:1889
E0414 17:03:48.637991 fd83000 FrameBuffer.cpp:3790] Failed to find ColorBuffer:1890
E0414 17:03:48.637996 fd83000 FrameBuffer.cpp:3790] Failed to find ColorBuffer:1880
E0414 17:03:48.638001 fd83000 FrameBuffer.cpp:3790] Failed to find ColorBuffer:1891
E0414 17:03:48.638005 fd83000 FrameBuffer.cpp:3790] Failed to find ColorBuffer:1892
E0414 17:03:48.638010 fd83000 FrameBuffer.cpp:3790] Failed to find ColorBuffer:1893
E0414 17:03:48.638015 fd83000 FrameBuffer.cpp:3790] Failed to find ColorBuffer:1894
E0414 17:03:48.638019 fd83000 FrameBuffer.cpp:3790] Failed to find ColorBuffer:1881
E0414 17:03:48.638023 fd83000 FrameBuffer.cpp:3790] Failed to find ColorBuffer:1882
E0414 17:03:48.638027 fd83000 FrameBuffer.cpp:3790] Failed to find ColorBuffer:1883
E0414 17:03:48.638030 fd83000 FrameBuffer.cpp:3790] Failed to find ColorBuffer:1884
E0414 17:03:48.638034 fd83000 FrameBuffer.cpp:3790] Failed to find ColorBuffer:1895
E0414 17:03:48.638038 fd83000 FrameBuffer.cpp:3790] Failed to find ColorBuffer:1896
E0414 17:03:48.638042 fd83000 FrameBuffer.cpp:3790] Failed to find ColorBuffer:1897
E0414 17:03:48.638045 fd83000 FrameBuffer.cpp:3790] Failed to find ColorBuffer:1885
E0414 17:03:48.638049 fd83000 FrameBuffer.cpp:3790] Failed to find ColorBuffer:1886
E0414 17:03:48.638053 fd83000 FrameBuffer.cpp:3790] Failed to find ColorBuffer:1879
E0414 17:03:48.638056 fd83000 FrameBuffer.cpp:3790] Failed to find ColorBuffer:1887
E0414 17:03:48.638060 fd83000 FrameBuffer.cpp:3790] Failed to find ColorBuffer:1888
E0414 17:03:48.638064 fd83000 FrameBuffer.cpp:3790] Failed to find ColorBuffer:1889
E0414 17:03:48.638067 fd83000 FrameBuffer.cpp:3790] Failed to find ColorBuffer:1890
E0414 17:03:48.638071 fd83000 FrameBuffer.cpp:3790] Failed to find ColorBuffer:1880
E0414 17:03:48.638075 fd83000 FrameBuffer.cpp:3790] Failed to find ColorBuffer:1891
E0414 17:03:48.638079 fd83000 FrameBuffer.cpp:3790] Failed to find ColorBuffer:1892
E0414 17:03:48.638082 fd83000 FrameBuffer.cpp:3790] Failed to find ColorBuffer:1893
E0414 17:03:48.638086 fd83000 FrameBuffer.cpp:3790] Failed to find ColorBuffer:1894
E0414 17:03:48.638090 fd83000 FrameBuffer.cpp:3790] Failed to find ColorBuffer:1881
E0414 17:03:48.638094 fd83000 FrameBuffer.cpp:3790] Failed to find ColorBuffer:1882
E0414 17:03:48.638107 fd83000 FrameBuffer.cpp:3790] Failed to find ColorBuffer:1883
E0414 17:03:48.638111 fd83000 FrameBuffer.cpp:3790] Failed to find ColorBuffer:1884
E0414 17:03:48.638116 fd83000 FrameBuffer.cpp:3790] Failed to find ColorBuffer:1895
E0414 17:03:48.638120 fd83000 FrameBuffer.cpp:3790] Failed to find ColorBuffer:1896
E0414 17:03:48.638124 fd83000 FrameBuffer.cpp:3790] Failed to find ColorBuffer:1897
E0414 17:03:48.638129 fd83000 FrameBuffer.cpp:3790] Failed to find ColorBuffer:1885
E0414 17:03:48.638133 fd83000 FrameBuffer.cpp:3790] Failed to find ColorBuffer:1886
E0414 17:03:48.638137 fd83000 FrameBuffer.cpp:3790] Failed to find ColorBuffer:1879
E0414 17:03:48.638141 fd83000 FrameBuffer.cpp:3790] Failed to find ColorBuffer:1887
E0414 17:03:48.638145 fd83000 FrameBuffer.cpp:3790] Failed to find ColorBuffer:1888
E0414 17:03:48.638149 fd83000 FrameBuffer.cpp:3790] Failed to find ColorBuffer:1889
E0414 17:03:48.638153 fd83000 FrameBuffer.cpp:3790] Failed to find ColorBuffer:1890
E0414 17:03:48.638157 fd83000 FrameBuffer.cpp:3790] Failed to find ColorBuffer:1880
E0414 17:03:48.638160 fd83000 FrameBuffer.cpp:3790] Failed to find ColorBuffer:1891
E0414 17:03:48.638164 fd83000 FrameBuffer.cpp:3790] Failed to find ColorBuffer:1892
E0414 17:03:48.638168 fd83000 FrameBuffer.cpp:3790] Failed to find ColorBuffer:1893
E0414 17:03:48.638171 fd83000 FrameBuffer.cpp:3790] Failed to find ColorBuffer:1894
E0414 17:03:48.638175 fd83000 FrameBuffer.cpp:3790] Failed to find ColorBuffer:1881
E0414 17:03:48.638179 fd83000 FrameBuffer.cpp:3790] Failed to find ColorBuffer:1882
E0414 17:03:48.638183 fd83000 FrameBuffer.cpp:3790] Failed to find ColorBuffer:1883
E0414 17:03:48.638186 fd83000 FrameBuffer.cpp:3790] Failed to find ColorBuffer:1884
E0414 17:03:48.638191 fd83000 FrameBuffer.cpp:3790] Failed to find ColorBuffer:1895
E0414 17:03:48.638195 fd83000 FrameBuffer.cpp:3790] Failed to find ColorBuffer:1896
E0414 17:03:48.638200 fd83000 FrameBuffer.cpp:3790] Failed to find ColorBuffer:1897
E0414 17:03:48.638203 fd83000 FrameBuffer.cpp:3790] Failed to find ColorBuffer:1885
E0414 17:03:48.638208 fd83000 FrameBuffer.cpp:3790] Failed to find ColorBuffer:1886
E0414 17:03:48.638212 fd83000 FrameBuffer.cpp:3790] Failed to find ColorBuffer:1879
E0414 17:03:48.638215 fd83000 FrameBuffer.cpp:3790] Failed to find ColorBuffer:1887
E0414 17:03:48.638219 fd83000 FrameBuffer.cpp:3790] Failed to find ColorBuffer:1888
E0414 17:03:48.638223 fd83000 FrameBuffer.cpp:3790] Failed to find ColorBuffer:1889
E0414 17:03:48.638227 fd83000 FrameBuffer.cpp:3790] Failed to find ColorBuffer:1890
E0414 17:03:48.638231 fd83000 FrameBuffer.cpp:3790] Failed to find ColorBuffer:1880
E0414 17:03:48.638235 fd83000 FrameBuffer.cpp:3790] Failed to find ColorBuffer:1891
E0414 17:03:48.638238 fd83000 FrameBuffer.cpp:3790] Failed to find ColorBuffer:1892
E0414 17:03:48.638242 fd83000 FrameBuffer.cpp:3790] Failed to find ColorBuffer:1893
E0414 17:03:48.638247 fd83000 FrameBuffer.cpp:3790] Failed to find ColorBuffer:1894
E0414 17:03:48.638251 fd83000 FrameBuffer.cpp:3790] Failed to find ColorBuffer:1881
E0414 17:03:48.638257 fd83000 FrameBuffer.cpp:3790] Failed to find ColorBuffer:1882
E0414 17:03:48.638261 fd83000 FrameBuffer.cpp:3790] Failed to find ColorBuffer:1883
E0414 17:03:48.638265 fd83000 FrameBuffer.cpp:3790] Failed to find ColorBuffer:1884
E0414 17:03:48.638268 fd83000 FrameBuffer.cpp:3790] Failed to find ColorBuffer:1895
E0414 17:03:48.638272 fd83000 FrameBuffer.cpp:3790] Failed to find ColorBuffer:1896
E0414 17:03:48.638276 fd83000 FrameBuffer.cpp:3790] Failed to find ColorBuffer:1897
E0414 17:03:48.638279 fd83000 FrameBuffer.cpp:3790] Failed to find ColorBuffer:1885
E0414 17:03:48.638284 fd83000 FrameBuffer.cpp:3790] Failed to find ColorBuffer:1886
E0414 17:03:48.638287 fd83000 FrameBuffer.cpp:3790] Failed to find ColorBuffer:1879
E0414 17:03:48.638291 fd83000 FrameBuffer.cpp:3790] Failed to find ColorBuffer:1887
E0414 17:03:48.638296 fd83000 FrameBuffer.cpp:3790] Failed to find ColorBuffer:1888
E0414 17:03:48.638300 fd83000 FrameBuffer.cpp:3790] Failed to find ColorBuffer:1889
E0414 17:03:48.638314 fd83000 FrameBuffer.cpp:3790] Failed to find ColorBuffer:1890
E0414 17:03:48.638318 fd83000 FrameBuffer.cpp:3790] Failed to find ColorBuffer:1880
E0414 17:03:48.638322 fd83000 FrameBuffer.cpp:3790] Failed to find ColorBuffer:1891
E0414 17:03:48.638325 fd83000 FrameBuffer.cpp:3790] Failed to find ColorBuffer:1892
E0414 17:03:48.638329 fd83000 FrameBuffer.cpp:3790] Failed to find ColorBuffer:1893
E0414 17:03:48.638333 fd83000 FrameBuffer.cpp:3790] Failed to find ColorBuffer:1894
E0414 17:03:48.638337 fd83000 FrameBuffer.cpp:3790] Failed to find ColorBuffer:1881
E0414 17:03:48.638341 fd83000 FrameBuffer.cpp:3790] Failed to find ColorBuffer:1882
E0414 17:03:48.638345 fd83000 FrameBuffer.cpp:3790] Failed to find ColorBuffer:1883
E0414 17:03:48.638348 fd83000 FrameBuffer.cpp:3790] Failed to find ColorBuffer:1884
E0414 17:03:48.638352 fd83000 FrameBuffer.cpp:3790] Failed to find ColorBuffer:1895
E0414 17:03:48.638357 fd83000 FrameBuffer.cpp:3790] Failed to find ColorBuffer:1896
E0414 17:03:48.638360 fd83000 FrameBuffer.cpp:3790] Failed to find ColorBuffer:1897
E0414 17:03:48.638365 fd83000 FrameBuffer.cpp:3790] Failed to find ColorBuffer:1885
E0414 17:03:48.638369 fd83000 FrameBuffer.cpp:3790] Failed to find ColorBuffer:1886
E0414 17:03:48.638373 fd83000 FrameBuffer.cpp:3790] Failed to find ColorBuffer:1879
E0414 17:03:48.638376 fd83000 FrameBuffer.cpp:3790] Failed to find ColorBuffer:1887
E0414 17:03:48.638380 fd83000 FrameBuffer.cpp:3790] Failed to find ColorBuffer:1888
E0414 17:03:48.638384 fd83000 FrameBuffer.cpp:3790] Failed to find ColorBuffer:1889
E0414 17:03:48.638387 fd83000 FrameBuffer.cpp:3790] Failed to find ColorBuffer:1890
E0414 17:03:48.638392 fd83000 FrameBuffer.cpp:3790] Failed to find ColorBuffer:1880
E0414 17:03:48.638396 fd83000 FrameBuffer.cpp:3790] Failed to find ColorBuffer:1891
E0414 17:03:48.638401 fd83000 FrameBuffer.cpp:3790] Failed to find ColorBuffer:1892
E0414 17:03:48.638404 fd83000 FrameBuffer.cpp:3790] Failed to find ColorBuffer:1893
E0414 17:03:48.638409 fd83000 FrameBuffer.cpp:3790] Failed to find ColorBuffer:1894
E0414 17:03:48.638412 fd83000 FrameBuffer.cpp:3790] Failed to find ColorBuffer:1881
E0414 17:03:48.638417 fd83000 FrameBuffer.cpp:3790] Failed to find ColorBuffer:1882
E0414 17:03:48.638420 fd83000 FrameBuffer.cpp:3790] Failed to find ColorBuffer:1883
E0414 17:03:48.638425 fd83000 FrameBuffer.cpp:3790] Failed to find ColorBuffer:1884
E0414 17:03:48.638428 fd83000 FrameBuffer.cpp:3790] Failed to find ColorBuffer:1895
E0414 17:03:48.638432 fd83000 FrameBuffer.cpp:3790] Failed to find ColorBuffer:1896
E0414 17:03:48.638436 fd83000 FrameBuffer.cpp:3790] Failed to find ColorBuffer:1897
E0414 17:03:48.638440 fd83000 FrameBuffer.cpp:3790] Failed to find ColorBuffer:1885
E0414 17:03:48.638444 fd83000 FrameBuffer.cpp:3790] Failed to find ColorBuffer:1886
E0414 17:03:48.638449 fd83000 FrameBuffer.cpp:3790] Failed to find ColorBuffer:1879
E0414 17:03:48.638453 fd83000 FrameBuffer.cpp:3790] Failed to find ColorBuffer:1887
E0414 17:03:48.638456 fd83000 FrameBuffer.cpp:3790] Failed to find ColorBuffer:1888
E0414 17:03:48.638460 fd83000 FrameBuffer.cpp:3790] Failed to find ColorBuffer:1889
E0414 17:03:48.638464 fd83000 FrameBuffer.cpp:3790] Failed to find ColorBuffer:1890
E0414 17:03:48.638469 fd83000 FrameBuffer.cpp:3790] Failed to find ColorBuffer:1880
E0414 17:03:48.638473 fd83000 FrameBuffer.cpp:3790] Failed to find ColorBuffer:1891
E0414 17:03:48.638477 fd83000 FrameBuffer.cpp:3790] Failed to find ColorBuffer:1892
E0414 17:03:48.638481 fd83000 FrameBuffer.cpp:3790] Failed to find ColorBuffer:1893
E0414 17:03:48.638485 fd83000 FrameBuffer.cpp:3790] Failed to find ColorBuffer:1894
E0414 17:03:48.638489 fd83000 FrameBuffer.cpp:3790] Failed to find ColorBuffer:1881
E0414 17:03:48.638493 fd83000 FrameBuffer.cpp:3790] Failed to find ColorBuffer:1882
E0414 17:03:48.638498 fd83000 FrameBuffer.cpp:3790] Failed to find ColorBuffer:1883
E0414 17:03:48.638501 fd83000 FrameBuffer.cpp:3790] Failed to find ColorBuffer:1884
E0414 17:03:48.638505 fd83000 FrameBuffer.cpp:3790] Failed to find ColorBuffer:1895
E0414 17:03:48.638521 fd83000 FrameBuffer.cpp:3790] Failed to find ColorBuffer:1896
E0414 17:03:48.638525 fd83000 FrameBuffer.cpp:3790] Failed to find ColorBuffer:1897
E0414 17:03:48.638529 fd83000 FrameBuffer.cpp:3790] Failed to find ColorBuffer:1885
E0414 17:03:48.638533 fd83000 FrameBuffer.cpp:3790] Failed to find ColorBuffer:1886
E0414 17:03:48.638537 fd83000 FrameBuffer.cpp:3790] Failed to find ColorBuffer:1879
E0414 17:03:48.638540 fd83000 FrameBuffer.cpp:3790] Failed to find ColorBuffer:1887
E0414 17:03:48.638544 fd83000 FrameBuffer.cpp:3790] Failed to find ColorBuffer:1888
E0414 17:03:48.638548 fd83000 FrameBuffer.cpp:3790] Failed to find ColorBuffer:1889
E0414 17:03:48.638552 fd83000 FrameBuffer.cpp:3790] Failed to find ColorBuffer:1890
E0414 17:03:48.638555 fd83000 FrameBuffer.cpp:3790] Failed to find ColorBuffer:1880
E0414 17:03:48.638559 fd83000 FrameBuffer.cpp:3790] Failed to find ColorBuffer:1891
E0414 17:03:48.638563 fd83000 FrameBuffer.cpp:3790] Failed to find ColorBuffer:1892
E0414 17:03:48.638566 fd83000 FrameBuffer.cpp:3790] Failed to find ColorBuffer:1893
E0414 17:03:48.638570 fd83000 FrameBuffer.cpp:3790] Failed to find ColorBuffer:1894
E0414 17:03:48.638574 fd83000 FrameBuffer.cpp:3790] Failed to find ColorBuffer:1881
E0414 17:03:48.638577 fd83000 FrameBuffer.cpp:3790] Failed to find ColorBuffer:1882
E0414 17:03:48.638581 fd83000 FrameBuffer.cpp:3790] Failed to find ColorBuffer:1883
E0414 17:03:48.638585 fd83000 FrameBuffer.cpp:3790] Failed to find ColorBuffer:1884
E0414 17:03:48.638588 fd83000 FrameBuffer.cpp:3790] Failed to find ColorBuffer:1895
E0414 17:03:48.638592 fd83000 FrameBuffer.cpp:3790] Failed to find ColorBuffer:1896
E0414 17:03:48.638596 fd83000 FrameBuffer.cpp:3790] Failed to find ColorBuffer:1897
E0414 17:03:48.638600 fd83000 FrameBuffer.cpp:3790] Failed to find ColorBuffer:1885
E0414 17:03:48.638603 fd83000 FrameBuffer.cpp:3790] Failed to find ColorBuffer:1886
E0414 17:03:48.638607 fd83000 FrameBuffer.cpp:3790] Failed to find ColorBuffer:1879
E0414 17:03:48.638611 fd83000 FrameBuffer.cpp:3790] Failed to find ColorBuffer:1887
E0414 17:03:48.638615 fd83000 FrameBuffer.cpp:3790] Failed to find ColorBuffer:1888
E0414 17:03:48.638619 fd83000 FrameBuffer.cpp:3790] Failed to find ColorBuffer:1889
E0414 17:03:48.638623 fd83000 FrameBuffer.cpp:3790] Failed to find ColorBuffer:1890
E0414 17:03:48.638628 fd83000 FrameBuffer.cpp:3790] Failed to find ColorBuffer:1880
E0414 17:03:48.638633 fd83000 FrameBuffer.cpp:3790] Failed to find ColorBuffer:1891
E0414 17:03:48.638638 fd83000 FrameBuffer.cpp:3790] Failed to find ColorBuffer:1892
E0414 17:03:48.638643 fd83000 FrameBuffer.cpp:3790] Failed to find ColorBuffer:1893
E0414 17:03:48.638648 fd83000 FrameBuffer.cpp:3790] Failed to find ColorBuffer:1894
E0414 17:03:48.638652 fd83000 FrameBuffer.cpp:3790] Failed to find ColorBuffer:1881
E0414 17:03:48.638657 fd83000 FrameBuffer.cpp:3790] Failed to find ColorBuffer:1882
E0414 17:03:48.638662 fd83000 FrameBuffer.cpp:3790] Failed to find ColorBuffer:1883
E0414 17:03:48.638666 fd83000 FrameBuffer.cpp:3790] Failed to find ColorBuffer:1884
E0414 17:03:48.638671 fd83000 FrameBuffer.cpp:3790] Failed to find ColorBuffer:1895
E0414 17:03:48.638676 fd83000 FrameBuffer.cpp:3790] Failed to find ColorBuffer:1896
E0414 17:03:48.638681 fd83000 FrameBuffer.cpp:3790] Failed to find ColorBuffer:1897
E0414 17:03:48.638685 fd83000 FrameBuffer.cpp:3790] Failed to find ColorBuffer:1885
E0414 17:03:48.638690 fd83000 FrameBuffer.cpp:3790] Failed to find ColorBuffer:1886
E0414 17:03:48.638695 fd83000 FrameBuffer.cpp:3790] Failed to find ColorBuffer:1879
E0414 17:03:48.638700 fd83000 FrameBuffer.cpp:3790] Failed to find ColorBuffer:1887
E0414 17:03:48.638705 fd83000 FrameBuffer.cpp:3790] Failed to find ColorBuffer:1888
E0414 17:03:48.638709 fd83000 FrameBuffer.cpp:3790] Failed to find ColorBuffer:1889
E0414 17:03:48.638714 fd83000 FrameBuffer.cpp:3790] Failed to find ColorBuffer:1890
E0414 17:03:48.638719 fd83000 FrameBuffer.cpp:3790] Failed to find ColorBuffer:1880
E0414 17:03:48.638733 fd83000 FrameBuffer.cpp:3790] Failed to find ColorBuffer:1891
E0414 17:03:48.638737 fd83000 FrameBuffer.cpp:3790] Failed to find ColorBuffer:1892
E0414 17:03:48.638742 fd83000 FrameBuffer.cpp:3790] Failed to find ColorBuffer:1893
E0414 17:03:48.638747 fd83000 FrameBuffer.cpp:3790] Failed to find ColorBuffer:1894
E0414 17:03:48.638751 fd83000 FrameBuffer.cpp:3790] Failed to find ColorBuffer:1881
E0414 17:03:48.638756 fd83000 FrameBuffer.cpp:3790] Failed to find ColorBuffer:1882
E0414 17:03:48.638761 fd83000 FrameBuffer.cpp:3790] Failed to find ColorBuffer:1883
E0414 17:03:48.638765 fd83000 FrameBuffer.cpp:3790] Failed to find ColorBuffer:1884
E0414 17:03:48.638770 fd83000 FrameBuffer.cpp:3790] Failed to find ColorBuffer:1895
E0414 17:03:48.638775 fd83000 FrameBuffer.cpp:3790] Failed to find ColorBuffer:1896
E0414 17:03:48.638779 fd83000 FrameBuffer.cpp:3790] Failed to find ColorBuffer:1897
E0414 17:03:48.638811 fd83000 FrameBuffer.cpp:3790] Failed to find ColorBuffer:1885
E0414 17:03:48.638868 fd83000 FrameBuffer.cpp:3790] Failed to find ColorBuffer:1886
E0414 17:03:48.639075 fd83000 FrameBuffer.cpp:3790] Failed to find ColorBuffer:1879
E0414 17:03:48.639106 fd83000 FrameBuffer.cpp:3790] Failed to find ColorBuffer:1887
E0414 17:03:48.639123 fd83000 FrameBuffer.cpp:3790] Failed to find ColorBuffer:1888
E0414 17:03:48.639138 fd83000 FrameBuffer.cpp:3790] Failed to find ColorBuffer:1889
E0414 17:03:48.639152 fd83000 FrameBuffer.cpp:3790] Failed to find ColorBuffer:1890
E0414 17:03:48.639166 fd83000 FrameBuffer.cpp:3790] Failed to find ColorBuffer:1880
E0414 17:03:48.639180 fd83000 FrameBuffer.cpp:3790] Failed to find ColorBuffer:1891
E0414 17:03:48.639193 fd83000 FrameBuffer.cpp:3790] Failed to find ColorBuffer:1892
E0414 17:03:48.639207 fd83000 FrameBuffer.cpp:3790] Failed to find ColorBuffer:1893
E0414 17:03:48.639221 fd83000 FrameBuffer.cpp:3790] Failed to find ColorBuffer:1894
E0414 17:03:48.639234 fd83000 FrameBuffer.cpp:3790] Failed to find ColorBuffer:1881
E0414 17:03:48.640168 fd83000 FrameBuffer.cpp:3790] Failed to find ColorBuffer:1882
E0414 17:03:48.640180 fd83000 FrameBuffer.cpp:3790] Failed to find ColorBuffer:1883
E0414 17:03:48.640186 fd83000 FrameBuffer.cpp:3790] Failed to find ColorBuffer:1884
E0414 17:03:48.640192 fd83000 FrameBuffer.cpp:3790] Failed to find ColorBuffer:1895
E0414 17:03:48.640196 fd83000 FrameBuffer.cpp:3790] Failed to find ColorBuffer:1896
E0414 17:03:48.640200 fd83000 FrameBuffer.cpp:3790] Failed to find ColorBuffer:1897
E0414 17:03:48.640205 fd83000 FrameBuffer.cpp:3790] Failed to find ColorBuffer:1885
E0414 17:03:48.640209 fd83000 FrameBuffer.cpp:3790] Failed to find ColorBuffer:1886
E0414 17:03:48.640213 fd83000 FrameBuffer.cpp:3790] Failed to find ColorBuffer:1879
E0414 17:03:48.640217 fd83000 FrameBuffer.cpp:3790] Failed to find ColorBuffer:1887
E0414 17:03:48.640221 fd83000 FrameBuffer.cpp:3790] Failed to find ColorBuffer:1888
E0414 17:03:48.640224 fd83000 FrameBuffer.cpp:3790] Failed to find ColorBuffer:1889
E0414 17:03:48.640228 fd83000 FrameBuffer.cpp:3790] Failed to find ColorBuffer:1890
E0414 17:03:48.640233 fd83000 FrameBuffer.cpp:3790] Failed to find ColorBuffer:1880
E0414 17:03:48.640237 fd83000 FrameBuffer.cpp:3790] Failed to find ColorBuffer:1891
E0414 17:03:48.640241 fd83000 FrameBuffer.cpp:3790] Failed to find ColorBuffer:1892
E0414 17:03:48.640245 fd83000 FrameBuffer.cpp:3790] Failed to find ColorBuffer:1893
E0414 17:03:48.640249 fd83000 FrameBuffer.cpp:3790] Failed to find ColorBuffer:1894
E0414 17:03:48.640252 fd83000 FrameBuffer.cpp:3790] Failed to find ColorBuffer:1881
E0414 17:03:48.640256 fd83000 FrameBuffer.cpp:3790] Failed to find ColorBuffer:1882
E0414 17:03:48.640260 fd83000 FrameBuffer.cpp:3790] Failed to find ColorBuffer:1883
E0414 17:03:48.640264 fd83000 FrameBuffer.cpp:3790] Failed to find ColorBuffer:1884
E0414 17:03:48.640268 fd83000 FrameBuffer.cpp:3790] Failed to find ColorBuffer:1895
E0414 17:03:48.640272 fd83000 FrameBuffer.cpp:3790] Failed to find ColorBuffer:1896
E0414 17:03:48.640276 fd83000 FrameBuffer.cpp:3790] Failed to find ColorBuffer:1897
E0414 17:03:48.640301 fd83000 FrameBuffer.cpp:3790] Failed to find ColorBuffer:1885
E0414 17:03:48.640306 fd83000 FrameBuffer.cpp:3790] Failed to find ColorBuffer:1886
E0414 17:03:48.640310 fd83000 FrameBuffer.cpp:3790] Failed to find ColorBuffer:1879
E0414 17:03:48.640314 fd83000 FrameBuffer.cpp:3790] Failed to find ColorBuffer:1887
E0414 17:03:48.640317 fd83000 FrameBuffer.cpp:3790] Failed to find ColorBuffer:1888
E0414 17:03:48.640321 fd83000 FrameBuffer.cpp:3790] Failed to find ColorBuffer:1889
E0414 17:03:48.640325 fd83000 FrameBuffer.cpp:3790] Failed to find ColorBuffer:1890
E0414 17:03:48.640329 fd83000 FrameBuffer.cpp:3790] Failed to find ColorBuffer:1880
E0414 17:03:48.640333 fd83000 FrameBuffer.cpp:3790] Failed to find ColorBuffer:1891
E0414 17:03:48.640336 fd83000 FrameBuffer.cpp:3790] Failed to find ColorBuffer:1892
E0414 17:03:48.640340 fd83000 FrameBuffer.cpp:3790] Failed to find ColorBuffer:1893
E0414 17:03:48.640344 fd83000 FrameBuffer.cpp:3790] Failed to find ColorBuffer:1894
E0414 17:03:48.640348 fd83000 FrameBuffer.cpp:3790] Failed to find ColorBuffer:1881
E0414 17:03:48.640351 fd83000 FrameBuffer.cpp:3790] Failed to find ColorBuffer:1882
E0414 17:03:48.640355 fd83000 FrameBuffer.cpp:3790] Failed to find ColorBuffer:1883
E0414 17:03:48.640359 fd83000 FrameBuffer.cpp:3790] Failed to find ColorBuffer:1884
E0414 17:03:48.640363 fd83000 FrameBuffer.cpp:3790] Failed to find ColorBuffer:1895
E0414 17:03:48.640366 fd83000 FrameBuffer.cpp:3790] Failed to find ColorBuffer:1896
E0414 17:03:48.640370 fd83000 FrameBuffer.cpp:3790] Failed to find ColorBuffer:1897
E0414 17:03:48.640374 fd83000 FrameBuffer.cpp:3790] Failed to find ColorBuffer:1885
E0414 17:03:48.640377 fd83000 FrameBuffer.cpp:3790] Failed to find ColorBuffer:1886
E0414 17:03:48.640381 fd83000 FrameBuffer.cpp:3790] Failed to find ColorBuffer:1879
E0414 17:03:48.640385 fd83000 FrameBuffer.cpp:3790] Failed to find ColorBuffer:1887
E0414 17:03:48.640389 fd83000 FrameBuffer.cpp:3790] Failed to find ColorBuffer:1888
E0414 17:03:48.640393 fd83000 FrameBuffer.cpp:3790] Failed to find ColorBuffer:1889
E0414 17:03:48.640396 fd83000 FrameBuffer.cpp:3790] Failed to find ColorBuffer:1890
E0414 17:03:48.640400 fd83000 FrameBuffer.cpp:3790] Failed to find ColorBuffer:1880
E0414 17:03:48.640404 fd83000 FrameBuffer.cpp:3790] Failed to find ColorBuffer:1891
E0414 17:03:48.640408 fd83000 FrameBuffer.cpp:3790] Failed to find ColorBuffer:1892
E0414 17:03:48.640411 fd83000 FrameBuffer.cpp:3790] Failed to find ColorBuffer:1893
E0414 17:03:48.640415 fd83000 FrameBuffer.cpp:3790] Failed to find ColorBuffer:1894
E0414 17:03:48.640419 fd83000 FrameBuffer.cpp:3790] Failed to find ColorBuffer:1881
E0414 17:03:48.640423 fd83000 FrameBuffer.cpp:3790] Failed to find ColorBuffer:1882
E0414 17:03:48.640427 fd83000 FrameBuffer.cpp:3790] Failed to find ColorBuffer:1883
E0414 17:03:48.640431 fd83000 FrameBuffer.cpp:3790] Failed to find ColorBuffer:1884
E0414 17:03:48.640435 fd83000 FrameBuffer.cpp:3790] Failed to find ColorBuffer:1895
E0414 17:03:48.640438 fd83000 FrameBuffer.cpp:3790] Failed to find ColorBuffer:1896
E0414 17:03:48.640442 fd83000 FrameBuffer.cpp:3790] Failed to find ColorBuffer:1897
E0414 17:03:48.640446 fd83000 FrameBuffer.cpp:3790] Failed to find ColorBuffer:1885
E0414 17:03:48.640450 fd83000 FrameBuffer.cpp:3790] Failed to find ColorBuffer:1886
E0414 17:03:48.640453 fd83000 FrameBuffer.cpp:3790] Failed to find ColorBuffer:1879
E0414 17:03:48.640457 fd83000 FrameBuffer.cpp:3790] Failed to find ColorBuffer:1887
E0414 17:03:48.640461 fd83000 FrameBuffer.cpp:3790] Failed to find ColorBuffer:1888
E0414 17:03:48.640464 fd83000 FrameBuffer.cpp:3790] Failed to find ColorBuffer:1889
E0414 17:03:48.640468 fd83000 FrameBuffer.cpp:3790] Failed to find ColorBuffer:1890
E0414 17:03:48.640472 fd83000 FrameBuffer.cpp:3790] Failed to find ColorBuffer:1880
E0414 17:03:48.640476 fd83000 FrameBuffer.cpp:3790] Failed to find ColorBuffer:1891
E0414 17:03:48.640479 fd83000 FrameBuffer.cpp:3790] Failed to find ColorBuffer:1892
E0414 17:03:48.640483 fd83000 FrameBuffer.cpp:3790] Failed to find ColorBuffer:1893
E0414 17:03:48.640498 fd83000 FrameBuffer.cpp:3790] Failed to find ColorBuffer:1894
E0414 17:03:48.640502 fd83000 FrameBuffer.cpp:3790] Failed to find ColorBuffer:1881
E0414 17:03:48.640506 fd83000 FrameBuffer.cpp:3790] Failed to find ColorBuffer:1882
E0414 17:03:48.640510 fd83000 FrameBuffer.cpp:3790] Failed to find ColorBuffer:1883
E0414 17:03:48.640514 fd83000 FrameBuffer.cpp:3790] Failed to find ColorBuffer:1884
E0414 17:03:48.640518 fd83000 FrameBuffer.cpp:3790] Failed to find ColorBuffer:1895
E0414 17:03:48.640522 fd83000 FrameBuffer.cpp:3790] Failed to find ColorBuffer:1896
E0414 17:03:48.640526 fd83000 FrameBuffer.cpp:3790] Failed to find ColorBuffer:1897
E0414 17:03:48.640530 fd83000 FrameBuffer.cpp:3790] Failed to find ColorBuffer:1885
E0414 17:03:48.640533 fd83000 FrameBuffer.cpp:3790] Failed to find ColorBuffer:1886
E0414 17:03:48.640537 fd83000 FrameBuffer.cpp:3790] Failed to find ColorBuffer:1879
E0414 17:03:48.640542 fd83000 FrameBuffer.cpp:3790] Failed to find ColorBuffer:1887
E0414 17:03:48.640545 fd83000 FrameBuffer.cpp:3790] Failed to find ColorBuffer:1888
E0414 17:03:48.640550 fd83000 FrameBuffer.cpp:3790] Failed to find ColorBuffer:1889
E0414 17:03:48.640554 fd83000 FrameBuffer.cpp:3790] Failed to find ColorBuffer:1890
E0414 17:03:48.640558 fd83000 FrameBuffer.cpp:3790] Failed to find ColorBuffer:1880
E0414 17:03:48.640562 fd83000 FrameBuffer.cpp:3790] Failed to find ColorBuffer:1891
E0414 17:03:48.640566 fd83000 FrameBuffer.cpp:3790] Failed to find ColorBuffer:1892
E0414 17:03:48.640570 fd83000 FrameBuffer.cpp:3790] Failed to find ColorBuffer:1893
E0414 17:03:48.640575 fd83000 FrameBuffer.cpp:3790] Failed to find ColorBuffer:1894
E0414 17:03:48.640579 fd83000 FrameBuffer.cpp:3790] Failed to find ColorBuffer:1881
E0414 17:03:48.640583 fd83000 FrameBuffer.cpp:3790] Failed to find ColorBuffer:1882
E0414 17:03:48.640587 fd83000 FrameBuffer.cpp:3790] Failed to find ColorBuffer:1883
E0414 17:03:48.640592 fd83000 FrameBuffer.cpp:3790] Failed to find ColorBuffer:1884
E0414 17:03:48.640596 fd83000 FrameBuffer.cpp:3790] Failed to find ColorBuffer:1895
E0414 17:03:48.640600 fd83000 FrameBuffer.cpp:3790] Failed to find ColorBuffer:1896
E0414 17:03:48.640604 fd83000 FrameBuffer.cpp:3790] Failed to find ColorBuffer:1897
E0414 17:03:48.640609 fd83000 FrameBuffer.cpp:3790] Failed to find ColorBuffer:1885
E0414 17:03:48.640612 fd83000 FrameBuffer.cpp:3790] Failed to find ColorBuffer:1886
E0414 17:03:48.640616 fd83000 FrameBuffer.cpp:3790] Failed to find ColorBuffer:1879
E0414 17:03:48.640620 fd83000 FrameBuffer.cpp:3790] Failed to find ColorBuffer:1887
E0414 17:03:48.640624 fd83000 FrameBuffer.cpp:3790] Failed to find ColorBuffer:1888
E0414 17:03:48.640628 fd83000 FrameBuffer.cpp:3790] Failed to find ColorBuffer:1889
E0414 17:03:48.640633 fd83000 FrameBuffer.cpp:3790] Failed to find ColorBuffer:1890
E0414 17:03:48.640636 fd83000 FrameBuffer.cpp:3790] Failed to find ColorBuffer:1880
E0414 17:03:48.640641 fd83000 FrameBuffer.cpp:3790] Failed to find ColorBuffer:1891
E0414 17:03:48.640644 fd83000 FrameBuffer.cpp:3790] Failed to find ColorBuffer:1892
E0414 17:03:48.640649 fd83000 FrameBuffer.cpp:3790] Failed to find ColorBuffer:1893
E0414 17:03:48.640653 fd83000 FrameBuffer.cpp:3790] Failed to find ColorBuffer:1894
E0414 17:03:48.640657 fd83000 FrameBuffer.cpp:3790] Failed to find ColorBuffer:1881
E0414 17:03:48.640661 fd83000 FrameBuffer.cpp:3790] Failed to find ColorBuffer:1882
E0414 17:03:48.640665 fd83000 FrameBuffer.cpp:3790] Failed to find ColorBuffer:1883
E0414 17:03:48.640669 fd83000 FrameBuffer.cpp:3790] Failed to find ColorBuffer:1884
E0414 17:03:48.640673 fd83000 FrameBuffer.cpp:3790] Failed to find ColorBuffer:1895
E0414 17:03:48.640677 fd83000 FrameBuffer.cpp:3790] Failed to find ColorBuffer:1896
E0414 17:03:48.640680 fd83000 FrameBuffer.cpp:3790] Failed to find ColorBuffer:1897
E0414 17:03:48.640684 fd83000 FrameBuffer.cpp:3790] Failed to find ColorBuffer:1885
E0414 17:03:48.640688 fd83000 FrameBuffer.cpp:3790] Failed to find ColorBuffer:1886
E0414 17:03:48.640692 fd83000 FrameBuffer.cpp:3790] Failed to find ColorBuffer:1879
E0414 17:03:48.640717 fd83000 FrameBuffer.cpp:3790] Failed to find ColorBuffer:1887
E0414 17:03:48.640721 fd83000 FrameBuffer.cpp:3790] Failed to find ColorBuffer:1888
E0414 17:03:48.640725 fd83000 FrameBuffer.cpp:3790] Failed to find ColorBuffer:1889
E0414 17:03:48.640729 fd83000 FrameBuffer.cpp:3790] Failed to find ColorBuffer:1890
E0414 17:03:48.640732 fd83000 FrameBuffer.cpp:3790] Failed to find ColorBuffer:1880
E0414 17:03:48.640736 fd83000 FrameBuffer.cpp:3790] Failed to find ColorBuffer:1891
E0414 17:03:48.640740 fd83000 FrameBuffer.cpp:3790] Failed to find ColorBuffer:1892
E0414 17:03:48.640744 fd83000 FrameBuffer.cpp:3790] Failed to find ColorBuffer:1893
E0414 17:03:48.640747 fd83000 FrameBuffer.cpp:3790] Failed to find ColorBuffer:1894
E0414 17:03:48.640757 fd83000 FrameBuffer.cpp:3790] Failed to find ColorBuffer:1881
E0414 17:03:48.640762 fd83000 FrameBuffer.cpp:3790] Failed to find ColorBuffer:1882
E0414 17:03:48.640766 fd83000 FrameBuffer.cpp:3790] Failed to find ColorBuffer:1883
E0414 17:03:48.640771 fd83000 FrameBuffer.cpp:3790] Failed to find ColorBuffer:1884
E0414 17:03:48.640776 fd83000 FrameBuffer.cpp:3790] Failed to find ColorBuffer:1895
E0414 17:03:48.640780 fd83000 FrameBuffer.cpp:3790] Failed to find ColorBuffer:1896
E0414 17:03:48.640785 fd83000 FrameBuffer.cpp:3790] Failed to find ColorBuffer:1897
E0414 17:03:48.640790 fd83000 FrameBuffer.cpp:3790] Failed to find ColorBuffer:1885
E0414 17:03:48.640795 fd83000 FrameBuffer.cpp:3790] Failed to find ColorBuffer:1886
E0414 17:03:48.640799 fd83000 FrameBuffer.cpp:3790] Failed to find ColorBuffer:1879
E0414 17:03:48.640804 fd83000 FrameBuffer.cpp:3790] Failed to find ColorBuffer:1887
E0414 17:03:48.640809 fd83000 FrameBuffer.cpp:3790] Failed to find ColorBuffer:1888
E0414 17:03:48.640813 fd83000 FrameBuffer.cpp:3790] Failed to find ColorBuffer:1889
E0414 17:03:48.640818 fd83000 FrameBuffer.cpp:3790] Failed to find ColorBuffer:1890
E0414 17:03:48.640823 fd83000 FrameBuffer.cpp:3790] Failed to find ColorBuffer:1880
E0414 17:03:48.640827 fd83000 FrameBuffer.cpp:3790] Failed to find ColorBuffer:1891
E0414 17:03:48.640832 fd83000 FrameBuffer.cpp:3790] Failed to find ColorBuffer:1892
E0414 17:03:48.640837 fd83000 FrameBuffer.cpp:3790] Failed to find ColorBuffer:1893
E0414 17:03:48.640842 fd83000 FrameBuffer.cpp:3790] Failed to find ColorBuffer:1894
E0414 17:03:48.640846 fd83000 FrameBuffer.cpp:3790] Failed to find ColorBuffer:1881
E0414 17:03:48.640851 fd83000 FrameBuffer.cpp:3790] Failed to find ColorBuffer:1882
E0414 17:03:48.640856 fd83000 FrameBuffer.cpp:3790] Failed to find ColorBuffer:1883
E0414 17:03:48.640860 fd83000 FrameBuffer.cpp:3790] Failed to find ColorBuffer:1884
E0414 17:03:48.640865 fd83000 FrameBuffer.cpp:3790] Failed to find ColorBuffer:1895
E0414 17:03:48.640870 fd83000 FrameBuffer.cpp:3790] Failed to find ColorBuffer:1896
E0414 17:03:48.640875 fd83000 FrameBuffer.cpp:3790] Failed to find ColorBuffer:1897
E0414 17:03:48.640881 fd83000 FrameBuffer.cpp:3790] Failed to find ColorBuffer:1885
E0414 17:03:48.640885 fd83000 FrameBuffer.cpp:3790] Failed to find ColorBuffer:1886
E0414 17:03:48.640889 fd83000 FrameBuffer.cpp:3790] Failed to find ColorBuffer:1879
E0414 17:03:48.640892 fd83000 FrameBuffer.cpp:3790] Failed to find ColorBuffer:1887
E0414 17:03:48.640896 fd83000 FrameBuffer.cpp:3790] Failed to find ColorBuffer:1888
E0414 17:03:48.640900 fd83000 FrameBuffer.cpp:3790] Failed to find ColorBuffer:1889
E0414 17:03:48.640904 fd83000 FrameBuffer.cpp:3790] Failed to find ColorBuffer:1890
E0414 17:03:48.640907 fd83000 FrameBuffer.cpp:3790] Failed to find ColorBuffer:1880
E0414 17:03:48.640911 fd83000 FrameBuffer.cpp:3790] Failed to find ColorBuffer:1891
E0414 17:03:48.640915 fd83000 FrameBuffer.cpp:3790] Failed to find ColorBuffer:1892
E0414 17:03:48.640919 fd83000 FrameBuffer.cpp:3790] Failed to find ColorBuffer:1893
E0414 17:03:48.640922 fd83000 FrameBuffer.cpp:3790] Failed to find ColorBuffer:1894
E0414 17:03:48.640926 fd83000 FrameBuffer.cpp:3790] Failed to find ColorBuffer:1881
E0414 17:03:48.640940 fd83000 FrameBuffer.cpp:3790] Failed to find ColorBuffer:1882
E0414 17:03:48.640944 fd83000 FrameBuffer.cpp:3790] Failed to find ColorBuffer:1883
E0414 17:03:48.640948 fd83000 FrameBuffer.cpp:3790] Failed to find ColorBuffer:1884
E0414 17:03:48.640952 fd83000 FrameBuffer.cpp:3790] Failed to find ColorBuffer:1895
E0414 17:03:48.640956 fd83000 FrameBuffer.cpp:3790] Failed to find ColorBuffer:1896
E0414 17:03:48.640960 fd83000 FrameBuffer.cpp:3790] Failed to find ColorBuffer:1897
E0414 17:03:48.640963 fd83000 FrameBuffer.cpp:3790] Failed to find ColorBuffer:1885
E0414 17:03:48.640967 fd83000 FrameBuffer.cpp:3790] Failed to find ColorBuffer:1886
E0414 17:03:48.640971 fd83000 FrameBuffer.cpp:3790] Failed to find ColorBuffer:1879
E0414 17:03:48.640975 fd83000 FrameBuffer.cpp:3790] Failed to find ColorBuffer:1887
E0414 17:03:48.640978 fd83000 FrameBuffer.cpp:3790] Failed to find ColorBuffer:1888
E0414 17:03:48.640982 fd83000 FrameBuffer.cpp:3790] Failed to find ColorBuffer:1889
E0414 17:03:48.640986 fd83000 FrameBuffer.cpp:3790] Failed to find ColorBuffer:1890
E0414 17:03:48.640990 fd83000 FrameBuffer.cpp:3790] Failed to find ColorBuffer:1880
E0414 17:03:48.640993 fd83000 FrameBuffer.cpp:3790] Failed to find ColorBuffer:1891
E0414 17:03:48.640997 fd83000 FrameBuffer.cpp:3790] Failed to find ColorBuffer:1892
E0414 17:03:48.641001 fd83000 FrameBuffer.cpp:3790] Failed to find ColorBuffer:1893
E0414 17:03:48.641005 fd83000 FrameBuffer.cpp:3790] Failed to find ColorBuffer:1894
E0414 17:03:48.641008 fd83000 FrameBuffer.cpp:3790] Failed to find ColorBuffer:1881
E0414 17:03:48.641012 fd83000 FrameBuffer.cpp:3790] Failed to find ColorBuffer:1882
E0414 17:03:48.641016 fd83000 FrameBuffer.cpp:3790] Failed to find ColorBuffer:1883
E0414 17:03:48.641020 fd83000 FrameBuffer.cpp:3790] Failed to find ColorBuffer:1884
E0414 17:03:48.641024 fd83000 FrameBuffer.cpp:3790] Failed to find ColorBuffer:1895
E0414 17:03:48.641029 fd83000 FrameBuffer.cpp:3790] Failed to find ColorBuffer:1896
E0414 17:03:48.641032 fd83000 FrameBuffer.cpp:3790] Failed to find ColorBuffer:1897
E0414 17:03:48.641036 fd83000 FrameBuffer.cpp:3790] Failed to find ColorBuffer:1885
E0414 17:03:48.641041 fd83000 FrameBuffer.cpp:3790] Failed to find ColorBuffer:1886
E0414 17:03:48.641045 fd83000 FrameBuffer.cpp:3790] Failed to find ColorBuffer:1879
E0414 17:03:48.641049 fd83000 FrameBuffer.cpp:3790] Failed to find ColorBuffer:1887
E0414 17:03:48.641053 fd83000 FrameBuffer.cpp:3790] Failed to find ColorBuffer:1888
E0414 17:03:48.641057 fd83000 FrameBuffer.cpp:3790] Failed to find ColorBuffer:1889
E0414 17:03:48.641062 fd83000 FrameBuffer.cpp:3790] Failed to find ColorBuffer:1890
E0414 17:03:48.641066 fd83000 FrameBuffer.cpp:3790] Failed to find ColorBuffer:1880
E0414 17:03:48.641070 fd83000 FrameBuffer.cpp:3790] Failed to find ColorBuffer:1891
E0414 17:03:48.641073 fd83000 FrameBuffer.cpp:3790] Failed to find ColorBuffer:1892
E0414 17:03:48.641077 fd83000 FrameBuffer.cpp:3790] Failed to find ColorBuffer:1893
E0414 17:03:48.641081 fd83000 FrameBuffer.cpp:3790] Failed to find ColorBuffer:1894
E0414 17:03:48.641084 fd83000 FrameBuffer.cpp:3790] Failed to find ColorBuffer:1881
E0414 17:03:48.641089 fd83000 FrameBuffer.cpp:3790] Failed to find ColorBuffer:1882
E0414 17:03:48.641093 fd83000 FrameBuffer.cpp:3790] Failed to find ColorBuffer:1883
E0414 17:03:48.641097 fd83000 FrameBuffer.cpp:3790] Failed to find ColorBuffer:1884
E0414 17:03:48.641101 fd83000 FrameBuffer.cpp:3790] Failed to find ColorBuffer:1895
E0414 17:03:48.641105 fd83000 FrameBuffer.cpp:3790] Failed to find ColorBuffer:1896
E0414 17:03:48.641110 fd83000 FrameBuffer.cpp:3790] Failed to find ColorBuffer:1897
E0414 17:03:48.641114 fd83000 FrameBuffer.cpp:3790] Failed to find ColorBuffer:1885
E0414 17:03:48.641119 fd83000 FrameBuffer.cpp:3790] Failed to find ColorBuffer:1886
E0414 17:03:48.641123 fd83000 FrameBuffer.cpp:3790] Failed to find ColorBuffer:1879
E0414 17:03:48.641127 fd83000 FrameBuffer.cpp:3790] Failed to find ColorBuffer:1887
E0414 17:03:48.641132 fd83000 FrameBuffer.cpp:3790] Failed to find ColorBuffer:1888
E0414 17:03:48.641146 fd83000 FrameBuffer.cpp:3790] Failed to find ColorBuffer:1889
E0414 17:03:48.641151 fd83000 FrameBuffer.cpp:3790] Failed to find ColorBuffer:1890
E0414 17:03:48.641155 fd83000 FrameBuffer.cpp:3790] Failed to find ColorBuffer:1880
E0414 17:03:48.641159 fd83000 FrameBuffer.cpp:3790] Failed to find ColorBuffer:1891
E0414 17:03:48.641164 fd83000 FrameBuffer.cpp:3790] Failed to find ColorBuffer:1892
E0414 17:03:48.641168 fd83000 FrameBuffer.cpp:3790] Failed to find ColorBuffer:1893
E0414 17:03:48.641172 fd83000 FrameBuffer.cpp:3790] Failed to find ColorBuffer:1894
E0414 17:03:48.641176 fd83000 FrameBuffer.cpp:3790] Failed to find ColorBuffer:1881
E0414 17:03:48.641180 fd83000 FrameBuffer.cpp:3790] Failed to find ColorBuffer:1882
E0414 17:03:48.641185 fd83000 FrameBuffer.cpp:3790] Failed to find ColorBuffer:1883
E0414 17:03:48.641189 fd83000 FrameBuffer.cpp:3790] Failed to find ColorBuffer:1884
E0414 17:03:48.641193 fd83000 FrameBuffer.cpp:3790] Failed to find ColorBuffer:1895
E0414 17:03:48.641197 fd83000 FrameBuffer.cpp:3790] Failed to find ColorBuffer:1896
E0414 17:03:48.641201 fd83000 FrameBuffer.cpp:3790] Failed to find ColorBuffer:1897
E0414 17:03:48.641205 fd83000 FrameBuffer.cpp:3790] Failed to find ColorBuffer:1885
E0414 17:03:48.641210 fd83000 FrameBuffer.cpp:3790] Failed to find ColorBuffer:1886
E0414 17:03:48.641214 fd83000 FrameBuffer.cpp:3790] Failed to find ColorBuffer:1879
E0414 17:03:48.641218 fd83000 FrameBuffer.cpp:3790] Failed to find ColorBuffer:1887
E0414 17:03:48.641222 fd83000 FrameBuffer.cpp:3790] Failed to find ColorBuffer:1888
E0414 17:03:48.641226 fd83000 FrameBuffer.cpp:3790] Failed to find ColorBuffer:1889
E0414 17:03:48.641230 fd83000 FrameBuffer.cpp:3790] Failed to find ColorBuffer:1890
E0414 17:03:48.641235 fd83000 FrameBuffer.cpp:3790] Failed to find ColorBuffer:1880
E0414 17:03:48.641239 fd83000 FrameBuffer.cpp:3790] Failed to find ColorBuffer:1891
E0414 17:03:48.641243 fd83000 FrameBuffer.cpp:3790] Failed to find ColorBuffer:1892
E0414 17:03:48.641247 fd83000 FrameBuffer.cpp:3790] Failed to find ColorBuffer:1893
E0414 17:03:48.641252 fd83000 FrameBuffer.cpp:3790] Failed to find ColorBuffer:1894
E0414 17:03:48.641256 fd83000 FrameBuffer.cpp:3790] Failed to find ColorBuffer:1881
E0414 17:03:48.641260 fd83000 FrameBuffer.cpp:3790] Failed to find ColorBuffer:1882
E0414 17:03:48.641264 fd83000 FrameBuffer.cpp:3790] Failed to find ColorBuffer:1883
E0414 17:03:48.641269 fd83000 FrameBuffer.cpp:3790] Failed to find ColorBuffer:1884
E0414 17:03:48.641273 fd83000 FrameBuffer.cpp:3790] Failed to find ColorBuffer:1895
E0414 17:03:48.641277 fd83000 FrameBuffer.cpp:3790] Failed to find ColorBuffer:1896
E0414 17:03:48.641282 fd83000 FrameBuffer.cpp:3790] Failed to find ColorBuffer:1897
E0414 17:03:48.641285 fd83000 FrameBuffer.cpp:3790] Failed to find ColorBuffer:1885
E0414 17:03:48.641290 fd83000 FrameBuffer.cpp:3790] Failed to find ColorBuffer:1886
E0414 17:03:48.641294 fd83000 FrameBuffer.cpp:3790] Failed to find ColorBuffer:1879
E0414 17:03:48.641298 fd83000 FrameBuffer.cpp:3790] Failed to find ColorBuffer:1887
E0414 17:03:48.641303 fd83000 FrameBuffer.cpp:3790] Failed to find ColorBuffer:1888
E0414 17:03:48.641307 fd83000 FrameBuffer.cpp:3790] Failed to find ColorBuffer:1889
E0414 17:03:48.641311 fd83000 FrameBuffer.cpp:3790] Failed to find ColorBuffer:1890
E0414 17:03:48.641315 fd83000 FrameBuffer.cpp:3790] Failed to find ColorBuffer:1880
E0414 17:03:48.641319 fd83000 FrameBuffer.cpp:3790] Failed to find ColorBuffer:1891
E0414 17:03:48.641323 fd83000 FrameBuffer.cpp:3790] Failed to find ColorBuffer:1892
E0414 17:03:48.641327 fd83000 FrameBuffer.cpp:3790] Failed to find ColorBuffer:1893
E0414 17:03:48.641330 fd83000 FrameBuffer.cpp:3790] Failed to find ColorBuffer:1894
E0414 17:03:48.641335 fd83000 FrameBuffer.cpp:3790] Failed to find ColorBuffer:1881
E0414 17:03:48.641339 fd83000 FrameBuffer.cpp:3790] Failed to find ColorBuffer:1882
E0414 17:03:48.641343 fd83000 FrameBuffer.cpp:3790] Failed to find ColorBuffer:1883
E0414 17:03:48.641347 fd83000 FrameBuffer.cpp:3790] Failed to find ColorBuffer:1884
E0414 17:03:48.641360 fd83000 FrameBuffer.cpp:3790] Failed to find ColorBuffer:1895
E0414 17:03:48.641364 fd83000 FrameBuffer.cpp:3790] Failed to find ColorBuffer:1896
E0414 17:03:48.641368 fd83000 FrameBuffer.cpp:3790] Failed to find ColorBuffer:1897
E0414 17:03:48.641372 fd83000 FrameBuffer.cpp:3790] Failed to find ColorBuffer:1885
E0414 17:03:48.641375 fd83000 FrameBuffer.cpp:3790] Failed to find ColorBuffer:1886
E0414 17:03:48.641379 fd83000 FrameBuffer.cpp:3790] Failed to find ColorBuffer:1879
E0414 17:03:48.641383 fd83000 FrameBuffer.cpp:3790] Failed to find ColorBuffer:1887
E0414 17:03:48.641386 fd83000 FrameBuffer.cpp:3790] Failed to find ColorBuffer:1888
E0414 17:03:48.641390 fd83000 FrameBuffer.cpp:3790] Failed to find ColorBuffer:1889
E0414 17:03:48.641394 fd83000 FrameBuffer.cpp:3790] Failed to find ColorBuffer:1890
E0414 17:03:48.641398 fd83000 FrameBuffer.cpp:3790] Failed to find ColorBuffer:1880
E0414 17:03:48.641401 fd83000 FrameBuffer.cpp:3790] Failed to find ColorBuffer:1891
E0414 17:03:48.641405 fd83000 FrameBuffer.cpp:3790] Failed to find ColorBuffer:1892
E0414 17:03:48.641409 fd83000 FrameBuffer.cpp:3790] Failed to find ColorBuffer:1893
E0414 17:03:48.641412 fd83000 FrameBuffer.cpp:3790] Failed to find ColorBuffer:1894
E0414 17:03:48.641416 fd83000 FrameBuffer.cpp:3790] Failed to find ColorBuffer:1881
E0414 17:03:48.641420 fd83000 FrameBuffer.cpp:3790] Failed to find ColorBuffer:1882
E0414 17:03:48.641424 fd83000 FrameBuffer.cpp:3790] Failed to find ColorBuffer:1883
E0414 17:03:48.641427 fd83000 FrameBuffer.cpp:3790] Failed to find ColorBuffer:1884
E0414 17:03:48.641431 fd83000 FrameBuffer.cpp:3790] Failed to find ColorBuffer:1895
E0414 17:03:48.641435 fd83000 FrameBuffer.cpp:3790] Failed to find ColorBuffer:1896
E0414 17:03:48.641438 fd83000 FrameBuffer.cpp:3790] Failed to find ColorBuffer:1897
E0414 17:03:48.641442 fd83000 FrameBuffer.cpp:3790] Failed to find ColorBuffer:1885
E0414 17:03:48.641446 fd83000 FrameBuffer.cpp:3790] Failed to find ColorBuffer:1886
E0414 17:03:48.641449 fd83000 FrameBuffer.cpp:3790] Failed to find ColorBuffer:1879
E0414 17:03:48.641453 fd83000 FrameBuffer.cpp:3790] Failed to find ColorBuffer:1887
E0414 17:03:48.641457 fd83000 FrameBuffer.cpp:3790] Failed to find ColorBuffer:1888
E0414 17:03:48.641461 fd83000 FrameBuffer.cpp:3790] Failed to find ColorBuffer:1889
E0414 17:03:48.641466 fd83000 FrameBuffer.cpp:3790] Failed to find ColorBuffer:1890
E0414 17:03:48.641470 fd83000 FrameBuffer.cpp:3790] Failed to find ColorBuffer:1880
E0414 17:03:48.641474 fd83000 FrameBuffer.cpp:3790] Failed to find ColorBuffer:1891
E0414 17:03:48.641478 fd83000 FrameBuffer.cpp:3790] Failed to find ColorBuffer:1892
E0414 17:03:48.641482 fd83000 FrameBuffer.cpp:3790] Failed to find ColorBuffer:1893
E0414 17:03:48.641485 fd83000 FrameBuffer.cpp:3790] Failed to find ColorBuffer:1894
E0414 17:03:48.641489 fd83000 FrameBuffer.cpp:3790] Failed to find ColorBuffer:1881
E0414 17:03:48.641493 fd83000 FrameBuffer.cpp:3790] Failed to find ColorBuffer:1882
E0414 17:03:48.641497 fd83000 FrameBuffer.cpp:3790] Failed to find ColorBuffer:1883
E0414 17:03:48.641501 fd83000 FrameBuffer.cpp:3790] Failed to find ColorBuffer:1884
E0414 17:03:48.641506 fd83000 FrameBuffer.cpp:3790] Failed to find ColorBuffer:1895
E0414 17:03:48.641510 fd83000 FrameBuffer.cpp:3790] Failed to find ColorBuffer:1896
E0414 17:03:48.641515 fd83000 FrameBuffer.cpp:3790] Failed to find ColorBuffer:1897
E0414 17:03:48.641520 fd83000 FrameBuffer.cpp:3790] Failed to find ColorBuffer:1885
E0414 17:03:48.641524 fd83000 FrameBuffer.cpp:3790] Failed to find ColorBuffer:1886
E0414 17:03:48.641529 fd83000 FrameBuffer.cpp:3790] Failed to find ColorBuffer:1879
E0414 17:03:48.641534 fd83000 FrameBuffer.cpp:3790] Failed to find ColorBuffer:1887
E0414 17:03:48.641539 fd83000 FrameBuffer.cpp:3790] Failed to find ColorBuffer:1888
E0414 17:03:48.641543 fd83000 FrameBuffer.cpp:3790] Failed to find ColorBuffer:1889
E0414 17:03:48.641548 fd83000 FrameBuffer.cpp:3790] Failed to find ColorBuffer:1890
E0414 17:03:48.641553 fd83000 FrameBuffer.cpp:3790] Failed to find ColorBuffer:1880
E0414 17:03:48.641569 fd83000 FrameBuffer.cpp:3790] Failed to find ColorBuffer:1891
E0414 17:03:48.641574 fd83000 FrameBuffer.cpp:3790] Failed to find ColorBuffer:1892
E0414 17:03:48.641579 fd83000 FrameBuffer.cpp:3790] Failed to find ColorBuffer:1893
E0414 17:03:48.641583 fd83000 FrameBuffer.cpp:3790] Failed to find ColorBuffer:1894
E0414 17:03:48.641588 fd83000 FrameBuffer.cpp:3790] Failed to find ColorBuffer:1881
E0414 17:03:48.641593 fd83000 FrameBuffer.cpp:3790] Failed to find ColorBuffer:1882
E0414 17:03:48.641598 fd83000 FrameBuffer.cpp:3790] Failed to find ColorBuffer:1883
E0414 17:03:48.641603 fd83000 FrameBuffer.cpp:3790] Failed to find ColorBuffer:1884
E0414 17:03:48.641607 fd83000 FrameBuffer.cpp:3790] Failed to find ColorBuffer:1895
E0414 17:03:48.641612 fd83000 FrameBuffer.cpp:3790] Failed to find ColorBuffer:1896
E0414 17:03:48.641617 fd83000 FrameBuffer.cpp:3790] Failed to find ColorBuffer:1897
E0414 17:03:48.641621 fd83000 FrameBuffer.cpp:3790] Failed to find ColorBuffer:1885
E0414 17:03:48.641626 fd83000 FrameBuffer.cpp:3790] Failed to find ColorBuffer:1886
E0414 17:03:48.641631 fd83000 FrameBuffer.cpp:3790] Failed to find ColorBuffer:1879
E0414 17:03:48.641635 fd83000 FrameBuffer.cpp:3790] Failed to find ColorBuffer:1887
E0414 17:03:48.641640 fd83000 FrameBuffer.cpp:3790] Failed to find ColorBuffer:1888
E0414 17:03:48.641645 fd83000 FrameBuffer.cpp:3790] Failed to find ColorBuffer:1889
E0414 17:03:48.641650 fd83000 FrameBuffer.cpp:3790] Failed to find ColorBuffer:1890
E0414 17:03:48.641654 fd83000 FrameBuffer.cpp:3790] Failed to find ColorBuffer:1880
E0414 17:03:48.641659 fd83000 FrameBuffer.cpp:3790] Failed to find ColorBuffer:1891
E0414 17:03:48.641663 fd83000 FrameBuffer.cpp:3790] Failed to find ColorBuffer:1892
E0414 17:03:48.641666 fd83000 FrameBuffer.cpp:3790] Failed to find ColorBuffer:1893
E0414 17:03:48.641670 fd83000 FrameBuffer.cpp:3790] Failed to find ColorBuffer:1894
E0414 17:03:48.641674 fd83000 FrameBuffer.cpp:3790] Failed to find ColorBuffer:1881
E0414 17:03:48.641678 fd83000 FrameBuffer.cpp:3790] Failed to find ColorBuffer:1882
E0414 17:03:48.641682 fd83000 FrameBuffer.cpp:3790] Failed to find ColorBuffer:1883
E0414 17:03:48.641685 fd83000 FrameBuffer.cpp:3790] Failed to find ColorBuffer:1884
E0414 17:03:48.641689 fd83000 FrameBuffer.cpp:3790] Failed to find ColorBuffer:1895
E0414 17:03:48.641693 fd83000 FrameBuffer.cpp:3790] Failed to find ColorBuffer:1896
E0414 17:03:48.641697 fd83000 FrameBuffer.cpp:3790] Failed to find ColorBuffer:1897
E0414 17:03:48.641700 fd83000 FrameBuffer.cpp:3790] Failed to find ColorBuffer:1885
E0414 17:03:48.641704 fd83000 FrameBuffer.cpp:3790] Failed to find ColorBuffer:1886
E0414 17:03:48.641708 fd83000 FrameBuffer.cpp:3790] Failed to find ColorBuffer:1879
E0414 17:03:48.641712 fd83000 FrameBuffer.cpp:3790] Failed to find ColorBuffer:1887
E0414 17:03:48.641715 fd83000 FrameBuffer.cpp:3790] Failed to find ColorBuffer:1888
E0414 17:03:48.641719 fd83000 FrameBuffer.cpp:3790] Failed to find ColorBuffer:1889
E0414 17:03:48.641723 fd83000 FrameBuffer.cpp:3790] Failed to find ColorBuffer:1890
E0414 17:03:48.641727 fd83000 FrameBuffer.cpp:3790] Failed to find ColorBuffer:1880
E0414 17:03:48.641730 fd83000 FrameBuffer.cpp:3790] Failed to find ColorBuffer:1891
E0414 17:03:48.641734 fd83000 FrameBuffer.cpp:3790] Failed to find ColorBuffer:1892
E0414 17:03:48.641738 fd83000 FrameBuffer.cpp:3790] Failed to find ColorBuffer:1893
E0414 17:03:48.641742 fd83000 FrameBuffer.cpp:3790] Failed to find ColorBuffer:1894
E0414 17:03:48.641745 fd83000 FrameBuffer.cpp:3790] Failed to find ColorBuffer:1881
E0414 17:03:48.641749 fd83000 FrameBuffer.cpp:3790] Failed to find ColorBuffer:1882
E0414 17:03:48.641753 fd83000 FrameBuffer.cpp:3790] Failed to find ColorBuffer:1883
E0414 17:03:48.641757 fd83000 FrameBuffer.cpp:3790] Failed to find ColorBuffer:1884
E0414 17:03:48.641761 fd83000 FrameBuffer.cpp:3790] Failed to find ColorBuffer:1895
E0414 17:03:48.641765 fd83000 FrameBuffer.cpp:3790] Failed to find ColorBuffer:1896
E0414 17:03:48.641769 fd83000 FrameBuffer.cpp:3790] Failed to find ColorBuffer:1897
E0414 17:03:48.641784 fd83000 FrameBuffer.cpp:3790] Failed to find ColorBuffer:1885
E0414 17:03:48.641788 fd83000 FrameBuffer.cpp:3790] Failed to find ColorBuffer:1886
E0414 17:03:48.641792 fd83000 FrameBuffer.cpp:3790] Failed to find ColorBuffer:1879
E0414 17:03:48.641796 fd83000 FrameBuffer.cpp:3790] Failed to find ColorBuffer:1887
E0414 17:03:48.641799 fd83000 FrameBuffer.cpp:3790] Failed to find ColorBuffer:1888
E0414 17:03:48.641803 fd83000 FrameBuffer.cpp:3790] Failed to find ColorBuffer:1889
E0414 17:03:48.641807 fd83000 FrameBuffer.cpp:3790] Failed to find ColorBuffer:1890
E0414 17:03:48.641810 fd83000 FrameBuffer.cpp:3790] Failed to find ColorBuffer:1880
E0414 17:03:48.641814 fd83000 FrameBuffer.cpp:3790] Failed to find ColorBuffer:1891
E0414 17:03:48.641818 fd83000 FrameBuffer.cpp:3790] Failed to find ColorBuffer:1892
E0414 17:03:48.641822 fd83000 FrameBuffer.cpp:3790] Failed to find ColorBuffer:1893
E0414 17:03:48.641825 fd83000 FrameBuffer.cpp:3790] Failed to find ColorBuffer:1894
E0414 17:03:48.641829 fd83000 FrameBuffer.cpp:3790] Failed to find ColorBuffer:1881
E0414 17:03:48.641833 fd83000 FrameBuffer.cpp:3790] Failed to find ColorBuffer:1882
E0414 17:03:48.641837 fd83000 FrameBuffer.cpp:3790] Failed to find ColorBuffer:1883
E0414 17:03:48.641840 fd83000 FrameBuffer.cpp:3790] Failed to find ColorBuffer:1884
E0414 17:03:48.641844 fd83000 FrameBuffer.cpp:3790] Failed to find ColorBuffer:1895
E0414 17:03:48.641848 fd83000 FrameBuffer.cpp:3790] Failed to find ColorBuffer:1896
E0414 17:03:48.641851 fd83000 FrameBuffer.cpp:3790] Failed to find ColorBuffer:1897
E0414 17:03:48.641855 fd83000 FrameBuffer.cpp:3790] Failed to find ColorBuffer:1885
E0414 17:03:48.641859 fd83000 FrameBuffer.cpp:3790] Failed to find ColorBuffer:1886
E0414 17:03:48.641863 fd83000 FrameBuffer.cpp:3790] Failed to find ColorBuffer:1879
E0414 17:03:48.641867 fd83000 FrameBuffer.cpp:3790] Failed to find ColorBuffer:1887
E0414 17:03:48.641870 fd83000 FrameBuffer.cpp:3790] Failed to find ColorBuffer:1888
E0414 17:03:48.641874 fd83000 FrameBuffer.cpp:3790] Failed to find ColorBuffer:1889
E0414 17:03:48.641878 fd83000 FrameBuffer.cpp:3790] Failed to find ColorBuffer:1890
E0414 17:03:48.641882 fd83000 FrameBuffer.cpp:3790] Failed to find ColorBuffer:1880
E0414 17:03:48.641885 fd83000 FrameBuffer.cpp:3790] Failed to find ColorBuffer:1891
E0414 17:03:48.641889 fd83000 FrameBuffer.cpp:3790] Failed to find ColorBuffer:1892
E0414 17:03:48.641893 fd83000 FrameBuffer.cpp:3790] Failed to find ColorBuffer:1893
E0414 17:03:48.641896 fd83000 FrameBuffer.cpp:3790] Failed to find ColorBuffer:1894
E0414 17:03:48.641900 fd83000 FrameBuffer.cpp:3790] Failed to find ColorBuffer:1881
E0414 17:03:48.641904 fd83000 FrameBuffer.cpp:3790] Failed to find ColorBuffer:1882
E0414 17:03:48.641907 fd83000 FrameBuffer.cpp:3790] Failed to find ColorBuffer:1883
E0414 17:03:48.641911 fd83000 FrameBuffer.cpp:3790] Failed to find ColorBuffer:1884
E0414 17:03:48.641915 fd83000 FrameBuffer.cpp:3790] Failed to find ColorBuffer:1895
E0414 17:03:48.641919 fd83000 FrameBuffer.cpp:3790] Failed to find ColorBuffer:1896
E0414 17:03:48.641922 fd83000 FrameBuffer.cpp:3790] Failed to find ColorBuffer:1897
E0414 17:03:48.641926 fd83000 FrameBuffer.cpp:3790] Failed to find ColorBuffer:1885
E0414 17:03:48.641930 fd83000 FrameBuffer.cpp:3790] Failed to find ColorBuffer:1886
E0414 17:03:48.641934 fd83000 FrameBuffer.cpp:3790] Failed to find ColorBuffer:1879
E0414 17:03:48.641937 fd83000 FrameBuffer.cpp:3790] Failed to find ColorBuffer:1887
E0414 17:03:48.641942 fd83000 FrameBuffer.cpp:3790] Failed to find ColorBuffer:1888
E0414 17:03:48.641946 fd83000 FrameBuffer.cpp:3790] Failed to find ColorBuffer:1889
E0414 17:03:48.641950 fd83000 FrameBuffer.cpp:3790] Failed to find ColorBuffer:1890
E0414 17:03:48.641954 fd83000 FrameBuffer.cpp:3790] Failed to find ColorBuffer:1880
E0414 17:03:48.641957 fd83000 FrameBuffer.cpp:3790] Failed to find ColorBuffer:1891
E0414 17:03:48.641961 fd83000 FrameBuffer.cpp:3790] Failed to find ColorBuffer:1892
E0414 17:03:48.641974 fd83000 FrameBuffer.cpp:3790] Failed to find ColorBuffer:1893
E0414 17:03:48.641978 fd83000 FrameBuffer.cpp:3790] Failed to find ColorBuffer:1894
E0414 17:03:48.641982 fd83000 FrameBuffer.cpp:3790] Failed to find ColorBuffer:1881
E0414 17:03:48.641985 fd83000 FrameBuffer.cpp:3790] Failed to find ColorBuffer:1882
E0414 17:03:48.641989 fd83000 FrameBuffer.cpp:3790] Failed to find ColorBuffer:1883
E0414 17:03:48.641993 fd83000 FrameBuffer.cpp:3790] Failed to find ColorBuffer:1884
E0414 17:03:48.641997 fd83000 FrameBuffer.cpp:3790] Failed to find ColorBuffer:1895
E0414 17:03:48.642000 fd83000 FrameBuffer.cpp:3790] Failed to find ColorBuffer:1896
E0414 17:03:48.642004 fd83000 FrameBuffer.cpp:3790] Failed to find ColorBuffer:1897
E0414 17:03:48.642008 fd83000 FrameBuffer.cpp:3790] Failed to find ColorBuffer:1885
E0414 17:03:48.642011 fd83000 FrameBuffer.cpp:3790] Failed to find ColorBuffer:1886
E0414 17:03:48.642015 fd83000 FrameBuffer.cpp:3790] Failed to find ColorBuffer:1879
E0414 17:03:48.642019 fd83000 FrameBuffer.cpp:3790] Failed to find ColorBuffer:1887
E0414 17:03:48.642074 fd83000 FrameBuffer.cpp:3790] Failed to find ColorBuffer:1888
E0414 17:03:48.642090 fd83000 FrameBuffer.cpp:3790] Failed to find ColorBuffer:1889
E0414 17:03:48.642095 fd83000 FrameBuffer.cpp:3790] Failed to find ColorBuffer:1890
E0414 17:03:48.642100 fd83000 FrameBuffer.cpp:3790] Failed to find ColorBuffer:1880
E0414 17:03:48.642104 fd83000 FrameBuffer.cpp:3790] Failed to find ColorBuffer:1891
E0414 17:03:48.642108 fd83000 FrameBuffer.cpp:3790] Failed to find ColorBuffer:1892
E0414 17:03:48.642112 fd83000 FrameBuffer.cpp:3790] Failed to find ColorBuffer:1893
E0414 17:03:48.642116 fd83000 FrameBuffer.cpp:3790] Failed to find ColorBuffer:1894
E0414 17:03:48.642120 fd83000 FrameBuffer.cpp:3790] Failed to find ColorBuffer:1881
E0414 17:03:48.642124 fd83000 FrameBuffer.cpp:3790] Failed to find ColorBuffer:1882
E0414 17:03:48.642128 fd83000 FrameBuffer.cpp:3790] Failed to find ColorBuffer:1883
E0414 17:03:48.642132 fd83000 FrameBuffer.cpp:3790] Failed to find ColorBuffer:1884
E0414 17:03:48.642136 fd83000 FrameBuffer.cpp:3790] Failed to find ColorBuffer:1895
E0414 17:03:48.642139 fd83000 FrameBuffer.cpp:3790] Failed to find ColorBuffer:1896
E0414 17:03:48.642143 fd83000 FrameBuffer.cpp:3790] Failed to find ColorBuffer:1897
E0414 17:03:48.642147 fd83000 FrameBuffer.cpp:3790] Failed to find ColorBuffer:1885
E0414 17:03:48.642151 fd83000 FrameBuffer.cpp:3790] Failed to find ColorBuffer:1886
E0414 17:03:48.642155 fd83000 FrameBuffer.cpp:3790] Failed to find ColorBuffer:1879
E0414 17:03:48.642160 fd83000 FrameBuffer.cpp:3790] Failed to find ColorBuffer:1887
E0414 17:03:48.642164 fd83000 FrameBuffer.cpp:3790] Failed to find ColorBuffer:1888
E0414 17:03:48.642168 fd83000 FrameBuffer.cpp:3790] Failed to find ColorBuffer:1889
E0414 17:03:48.642172 fd83000 FrameBuffer.cpp:3790] Failed to find ColorBuffer:1890
E0414 17:03:48.642176 fd83000 FrameBuffer.cpp:3790] Failed to find ColorBuffer:1880
E0414 17:03:48.642181 fd83000 FrameBuffer.cpp:3790] Failed to find ColorBuffer:1891
E0414 17:03:48.642185 fd83000 FrameBuffer.cpp:3790] Failed to find ColorBuffer:1892
E0414 17:03:48.642189 fd83000 FrameBuffer.cpp:3790] Failed to find ColorBuffer:1893
E0414 17:03:48.642192 fd83000 FrameBuffer.cpp:3790] Failed to find ColorBuffer:1894
E0414 17:03:48.642197 fd83000 FrameBuffer.cpp:3790] Failed to find ColorBuffer:1881
E0414 17:03:48.642201 fd83000 FrameBuffer.cpp:3790] Failed to find ColorBuffer:1882
E0414 17:03:48.642205 fd83000 FrameBuffer.cpp:3790] Failed to find ColorBuffer:1883
E0414 17:03:48.642209 fd83000 FrameBuffer.cpp:3790] Failed to find ColorBuffer:1884
E0414 17:03:48.642213 fd83000 FrameBuffer.cpp:3790] Failed to find ColorBuffer:1895
E0414 17:03:48.642217 fd83000 FrameBuffer.cpp:3790] Failed to find ColorBuffer:1896
E0414 17:03:48.642222 fd83000 FrameBuffer.cpp:3790] Failed to find ColorBuffer:1897
E0414 17:03:48.642225 fd83000 FrameBuffer.cpp:3790] Failed to find ColorBuffer:1885
E0414 17:03:48.642229 fd83000 FrameBuffer.cpp:3790] Failed to find ColorBuffer:1886
E0414 17:03:48.642266 fd83000 FrameBuffer.cpp:3790] Failed to find ColorBuffer:1879
E0414 17:03:48.642271 fd83000 FrameBuffer.cpp:3790] Failed to find ColorBuffer:1887
E0414 17:03:48.642275 fd83000 FrameBuffer.cpp:3790] Failed to find ColorBuffer:1888
E0414 17:03:48.642279 fd83000 FrameBuffer.cpp:3790] Failed to find ColorBuffer:1889
E0414 17:03:48.642283 fd83000 FrameBuffer.cpp:3790] Failed to find ColorBuffer:1890
E0414 17:03:48.642287 fd83000 FrameBuffer.cpp:3790] Failed to find ColorBuffer:1880
E0414 17:03:48.642291 fd83000 FrameBuffer.cpp:3790] Failed to find ColorBuffer:1891
E0414 17:03:48.642295 fd83000 FrameBuffer.cpp:3790] Failed to find ColorBuffer:1892
E0414 17:03:48.642299 fd83000 FrameBuffer.cpp:3790] Failed to find ColorBuffer:1893
E0414 17:03:48.642303 fd83000 FrameBuffer.cpp:3790] Failed to find ColorBuffer:1894
E0414 17:03:48.642306 fd83000 FrameBuffer.cpp:3790] Failed to find ColorBuffer:1881
E0414 17:03:48.642310 fd83000 FrameBuffer.cpp:3790] Failed to find ColorBuffer:1882
E0414 17:03:48.642315 fd83000 FrameBuffer.cpp:3790] Failed to find ColorBuffer:1883
E0414 17:03:48.642318 fd83000 FrameBuffer.cpp:3790] Failed to find ColorBuffer:1884
E0414 17:03:48.642323 fd83000 FrameBuffer.cpp:3790] Failed to find ColorBuffer:1895
E0414 17:03:48.642327 fd83000 FrameBuffer.cpp:3790] Failed to find ColorBuffer:1896
E0414 17:03:48.642331 fd83000 FrameBuffer.cpp:3790] Failed to find ColorBuffer:1897
E0414 17:03:48.642336 fd83000 FrameBuffer.cpp:3790] Failed to find ColorBuffer:1885
E0414 17:03:48.642339 fd83000 FrameBuffer.cpp:3790] Failed to find ColorBuffer:1886
E0414 17:03:48.642344 fd83000 FrameBuffer.cpp:3790] Failed to find ColorBuffer:1879
E0414 17:03:48.642348 fd83000 FrameBuffer.cpp:3790] Failed to find ColorBuffer:1887
E0414 17:03:48.642354 fd83000 FrameBuffer.cpp:3790] Failed to find ColorBuffer:1888
E0414 17:03:48.642360 fd83000 FrameBuffer.cpp:3790] Failed to find ColorBuffer:1889
E0414 17:03:48.642365 fd83000 FrameBuffer.cpp:3790] Failed to find ColorBuffer:1890
E0414 17:03:48.642371 fd83000 FrameBuffer.cpp:3790] Failed to find ColorBuffer:1880
E0414 17:03:48.642376 fd83000 FrameBuffer.cpp:3790] Failed to find ColorBuffer:1891
E0414 17:03:48.642380 fd83000 FrameBuffer.cpp:3790] Failed to find ColorBuffer:1892
E0414 17:03:48.642385 fd83000 FrameBuffer.cpp:3790] Failed to find ColorBuffer:1893
E0414 17:03:48.642390 fd83000 FrameBuffer.cpp:3790] Failed to find ColorBuffer:1894
E0414 17:03:48.642396 fd83000 FrameBuffer.cpp:3790] Failed to find ColorBuffer:1881
E0414 17:03:48.642401 fd83000 FrameBuffer.cpp:3790] Failed to find ColorBuffer:1882
E0414 17:03:48.642406 fd83000 FrameBuffer.cpp:3790] Failed to find ColorBuffer:1883
E0414 17:03:48.642411 fd83000 FrameBuffer.cpp:3790] Failed to find ColorBuffer:1884
E0414 17:03:48.642417 fd83000 FrameBuffer.cpp:3790] Failed to find ColorBuffer:1895
E0414 17:03:48.642422 fd83000 FrameBuffer.cpp:3790] Failed to find ColorBuffer:1896
E0414 17:03:48.642427 fd83000 FrameBuffer.cpp:3790] Failed to find ColorBuffer:1897
E0414 17:03:48.642432 fd83000 FrameBuffer.cpp:3790] Failed to find ColorBuffer:1885
E0414 17:03:48.642438 fd83000 FrameBuffer.cpp:3790] Failed to find ColorBuffer:1886
E0414 17:03:48.642442 fd83000 FrameBuffer.cpp:3790] Failed to find ColorBuffer:1879
E0414 17:03:48.642448 fd83000 FrameBuffer.cpp:3790] Failed to find ColorBuffer:1887
E0414 17:03:48.642452 fd83000 FrameBuffer.cpp:3790] Failed to find ColorBuffer:1888
E0414 17:03:48.642457 fd83000 FrameBuffer.cpp:3790] Failed to find ColorBuffer:1889
E0414 17:03:48.642463 fd83000 FrameBuffer.cpp:3790] Failed to find ColorBuffer:1890
E0414 17:03:48.642467 fd83000 FrameBuffer.cpp:3790] Failed to find ColorBuffer:1880
E0414 17:03:48.642472 fd83000 FrameBuffer.cpp:3790] Failed to find ColorBuffer:1891
E0414 17:03:48.642477 fd83000 FrameBuffer.cpp:3790] Failed to find ColorBuffer:1892
E0414 17:03:48.642482 fd83000 FrameBuffer.cpp:3790] Failed to find ColorBuffer:1893
E0414 17:03:48.642487 fd83000 FrameBuffer.cpp:3790] Failed to find ColorBuffer:1894
E0414 17:03:48.642492 fd83000 FrameBuffer.cpp:3790] Failed to find ColorBuffer:1881
E0414 17:03:48.642510 fd83000 FrameBuffer.cpp:3790] Failed to find ColorBuffer:1882
E0414 17:03:48.642515 fd83000 FrameBuffer.cpp:3790] Failed to find ColorBuffer:1883
E0414 17:03:48.642519 fd83000 FrameBuffer.cpp:3790] Failed to find ColorBuffer:1884
E0414 17:03:48.642524 fd83000 FrameBuffer.cpp:3790] Failed to find ColorBuffer:1895
E0414 17:03:48.642528 fd83000 FrameBuffer.cpp:3790] Failed to find ColorBuffer:1896
E0414 17:03:48.642532 fd83000 FrameBuffer.cpp:3790] Failed to find ColorBuffer:1897
E0414 17:03:48.642536 fd83000 FrameBuffer.cpp:3790] Failed to find ColorBuffer:1885
E0414 17:03:48.642539 fd83000 FrameBuffer.cpp:3790] Failed to find ColorBuffer:1886
E0414 17:03:48.642543 fd83000 FrameBuffer.cpp:3790] Failed to find ColorBuffer:1879
E0414 17:03:48.642547 fd83000 FrameBuffer.cpp:3790] Failed to find ColorBuffer:1887
E0414 17:03:48.642551 fd83000 FrameBuffer.cpp:3790] Failed to find ColorBuffer:1888
E0414 17:03:48.642555 fd83000 FrameBuffer.cpp:3790] Failed to find ColorBuffer:1889
E0414 17:03:48.642559 fd83000 FrameBuffer.cpp:3790] Failed to find ColorBuffer:1890
E0414 17:03:48.642564 fd83000 FrameBuffer.cpp:3790] Failed to find ColorBuffer:1880
E0414 17:03:48.642568 fd83000 FrameBuffer.cpp:3790] Failed to find ColorBuffer:1891
E0414 17:03:48.642573 fd83000 FrameBuffer.cpp:3790] Failed to find ColorBuffer:1892
E0414 17:03:48.642577 fd83000 FrameBuffer.cpp:3790] Failed to find ColorBuffer:1893
E0414 17:03:48.642581 fd83000 FrameBuffer.cpp:3790] Failed to find ColorBuffer:1894
E0414 17:03:48.642585 fd83000 FrameBuffer.cpp:3790] Failed to find ColorBuffer:1881
E0414 17:03:48.642589 fd83000 FrameBuffer.cpp:3790] Failed to find ColorBuffer:1882
E0414 17:03:48.642594 fd83000 FrameBuffer.cpp:3790] Failed to find ColorBuffer:1883
E0414 17:03:48.642598 fd83000 FrameBuffer.cpp:3790] Failed to find ColorBuffer:1884
E0414 17:03:48.642602 fd83000 FrameBuffer.cpp:3790] Failed to find ColorBuffer:1895
E0414 17:03:48.642606 fd83000 FrameBuffer.cpp:3790] Failed to find ColorBuffer:1896
E0414 17:03:48.642610 fd83000 FrameBuffer.cpp:3790] Failed to find ColorBuffer:1897
E0414 17:03:48.642614 fd83000 FrameBuffer.cpp:3790] Failed to find ColorBuffer:1885
E0414 17:03:48.642618 fd83000 FrameBuffer.cpp:3790] Failed to find ColorBuffer:1886
E0414 17:03:48.642622 fd83000 FrameBuffer.cpp:3790] Failed to find ColorBuffer:1879
E0414 17:03:48.642625 fd83000 FrameBuffer.cpp:3790] Failed to find ColorBuffer:1887
E0414 17:03:48.642629 fd83000 FrameBuffer.cpp:3790] Failed to find ColorBuffer:1888
E0414 17:03:48.642633 fd83000 FrameBuffer.cpp:3790] Failed to find ColorBuffer:1889
E0414 17:03:48.642637 fd83000 FrameBuffer.cpp:3790] Failed to find ColorBuffer:1890
E0414 17:03:48.642640 fd83000 FrameBuffer.cpp:3790] Failed to find ColorBuffer:1880
E0414 17:03:48.642644 fd83000 FrameBuffer.cpp:3790] Failed to find ColorBuffer:1891
E0414 17:03:48.642648 fd83000 FrameBuffer.cpp:3790] Failed to find ColorBuffer:1892
E0414 17:03:48.642651 fd83000 FrameBuffer.cpp:3790] Failed to find ColorBuffer:1893
E0414 17:03:48.642655 fd83000 FrameBuffer.cpp:3790] Failed to find ColorBuffer:1894
E0414 17:03:48.642659 fd83000 FrameBuffer.cpp:3790] Failed to find ColorBuffer:1881
E0414 17:03:48.642663 fd83000 FrameBuffer.cpp:3790] Failed to find ColorBuffer:1882
E0414 17:03:48.642666 fd83000 FrameBuffer.cpp:3790] Failed to find ColorBuffer:1883
E0414 17:03:48.642670 fd83000 FrameBuffer.cpp:3790] Failed to find ColorBuffer:1884
E0414 17:03:48.642674 fd83000 FrameBuffer.cpp:3790] Failed to find ColorBuffer:1895
E0414 17:03:48.642678 fd83000 FrameBuffer.cpp:3790] Failed to find ColorBuffer:1896
E0414 17:03:48.642682 fd83000 FrameBuffer.cpp:3790] Failed to find ColorBuffer:1897
E0414 17:03:48.642685 fd83000 FrameBuffer.cpp:3790] Failed to find ColorBuffer:1885
E0414 17:03:48.642689 fd83000 FrameBuffer.cpp:3790] Failed to find ColorBuffer:1886
E0414 17:03:48.642693 fd83000 FrameBuffer.cpp:3790] Failed to find ColorBuffer:1879
E0414 17:03:48.642697 fd83000 FrameBuffer.cpp:3790] Failed to find ColorBuffer:1887
E0414 17:03:48.642701 fd83000 FrameBuffer.cpp:3790] Failed to find ColorBuffer:1888
E0414 17:03:48.642717 fd83000 FrameBuffer.cpp:3790] Failed to find ColorBuffer:1889
E0414 17:03:48.642721 fd83000 FrameBuffer.cpp:3790] Failed to find ColorBuffer:1890
E0414 17:03:48.642725 fd83000 FrameBuffer.cpp:3790] Failed to find ColorBuffer:1880
E0414 17:03:48.642729 fd83000 FrameBuffer.cpp:3790] Failed to find ColorBuffer:1891
E0414 17:03:48.642732 fd83000 FrameBuffer.cpp:3790] Failed to find ColorBuffer:1892
E0414 17:03:48.642736 fd83000 FrameBuffer.cpp:3790] Failed to find ColorBuffer:1893
E0414 17:03:48.642740 fd83000 FrameBuffer.cpp:3790] Failed to find ColorBuffer:1894
E0414 17:03:48.642744 fd83000 FrameBuffer.cpp:3790] Failed to find ColorBuffer:1881
E0414 17:03:48.644349 fd83000 FrameBuffer.cpp:3790] Failed to find ColorBuffer:1882
E0414 17:03:48.644374 fd83000 FrameBuffer.cpp:3790] Failed to find ColorBuffer:1883
E0414 17:03:48.644380 fd83000 FrameBuffer.cpp:3790] Failed to find ColorBuffer:1884
E0414 17:03:48.644385 fd83000 FrameBuffer.cpp:3790] Failed to find ColorBuffer:1895
E0414 17:03:48.644389 fd83000 FrameBuffer.cpp:3790] Failed to find ColorBuffer:1896
E0414 17:03:48.644394 fd83000 FrameBuffer.cpp:3790] Failed to find ColorBuffer:1897
E0414 17:03:48.644398 fd83000 FrameBuffer.cpp:3790] Failed to find ColorBuffer:1885
E0414 17:03:48.644402 fd83000 FrameBuffer.cpp:3790] Failed to find ColorBuffer:1886
E0414 17:03:48.644405 fd83000 FrameBuffer.cpp:3790] Failed to find ColorBuffer:1879
E0414 17:03:48.644409 fd83000 FrameBuffer.cpp:3790] Failed to find ColorBuffer:1887
E0414 17:03:48.644413 fd83000 FrameBuffer.cpp:3790] Failed to find ColorBuffer:1888
E0414 17:03:48.644418 fd83000 FrameBuffer.cpp:3790] Failed to find ColorBuffer:1889
E0414 17:03:48.644422 fd83000 FrameBuffer.cpp:3790] Failed to find ColorBuffer:1890
E0414 17:03:48.644427 fd83000 FrameBuffer.cpp:3790] Failed to find ColorBuffer:1880
E0414 17:03:48.644430 fd83000 FrameBuffer.cpp:3790] Failed to find ColorBuffer:1891
E0414 17:03:48.644435 fd83000 FrameBuffer.cpp:3790] Failed to find ColorBuffer:1892
E0414 17:03:48.644439 fd83000 FrameBuffer.cpp:3790] Failed to find ColorBuffer:1893
E0414 17:03:48.644443 fd83000 FrameBuffer.cpp:3790] Failed to find ColorBuffer:1894
E0414 17:03:48.644447 fd83000 FrameBuffer.cpp:3790] Failed to find ColorBuffer:1881
E0414 17:03:48.644452 fd83000 FrameBuffer.cpp:3790] Failed to find ColorBuffer:1882
E0414 17:03:48.644456 fd83000 FrameBuffer.cpp:3790] Failed to find ColorBuffer:1883
E0414 17:03:48.644460 fd83000 FrameBuffer.cpp:3790] Failed to find ColorBuffer:1884
E0414 17:03:48.644463 fd83000 FrameBuffer.cpp:3790] Failed to find ColorBuffer:1895
E0414 17:03:48.644467 fd83000 FrameBuffer.cpp:3790] Failed to find ColorBuffer:1896
E0414 17:03:48.644471 fd83000 FrameBuffer.cpp:3790] Failed to find ColorBuffer:1897
E0414 17:03:48.644475 fd83000 FrameBuffer.cpp:3790] Failed to find ColorBuffer:1885
E0414 17:03:48.644478 fd83000 FrameBuffer.cpp:3790] Failed to find ColorBuffer:1886
E0414 17:03:48.644482 fd83000 FrameBuffer.cpp:3790] Failed to find ColorBuffer:1879
E0414 17:03:48.644486 fd83000 FrameBuffer.cpp:3790] Failed to find ColorBuffer:1887
E0414 17:03:48.644490 fd83000 FrameBuffer.cpp:3790] Failed to find ColorBuffer:1888
E0414 17:03:48.644494 fd83000 FrameBuffer.cpp:3790] Failed to find ColorBuffer:1889
E0414 17:03:48.644498 fd83000 FrameBuffer.cpp:3790] Failed to find ColorBuffer:1890
E0414 17:03:48.644502 fd83000 FrameBuffer.cpp:3790] Failed to find ColorBuffer:1880
E0414 17:03:48.644506 fd83000 FrameBuffer.cpp:3790] Failed to find ColorBuffer:1891
E0414 17:03:48.644510 fd83000 FrameBuffer.cpp:3790] Failed to find ColorBuffer:1892
E0414 17:03:48.644514 fd83000 FrameBuffer.cpp:3790] Failed to find ColorBuffer:1893
E0414 17:03:48.644518 fd83000 FrameBuffer.cpp:3790] Failed to find ColorBuffer:1894
E0414 17:03:48.644522 fd83000 FrameBuffer.cpp:3790] Failed to find ColorBuffer:1881
E0414 17:03:48.644525 fd83000 FrameBuffer.cpp:3790] Failed to find ColorBuffer:1882
E0414 17:03:48.644529 fd83000 FrameBuffer.cpp:3790] Failed to find ColorBuffer:1883
E0414 17:03:48.644553 fd83000 FrameBuffer.cpp:3790] Failed to find ColorBuffer:1884
E0414 17:03:48.644558 fd83000 FrameBuffer.cpp:3790] Failed to find ColorBuffer:1895
E0414 17:03:48.644563 fd83000 FrameBuffer.cpp:3790] Failed to find ColorBuffer:1896
E0414 17:03:48.644567 fd83000 FrameBuffer.cpp:3790] Failed to find ColorBuffer:1897
E0414 17:03:48.644571 fd83000 FrameBuffer.cpp:3790] Failed to find ColorBuffer:1885
E0414 17:03:48.644575 fd83000 FrameBuffer.cpp:3790] Failed to find ColorBuffer:1886
E0414 17:03:48.644579 fd83000 FrameBuffer.cpp:3790] Failed to find ColorBuffer:1879
E0414 17:03:48.644583 fd83000 FrameBuffer.cpp:3790] Failed to find ColorBuffer:1887
E0414 17:03:48.644587 fd83000 FrameBuffer.cpp:3790] Failed to find ColorBuffer:1888
E0414 17:03:48.644591 fd83000 FrameBuffer.cpp:3790] Failed to find ColorBuffer:1889
E0414 17:03:48.644596 fd83000 FrameBuffer.cpp:3790] Failed to find ColorBuffer:1890
E0414 17:03:48.644600 fd83000 FrameBuffer.cpp:3790] Failed to find ColorBuffer:1880
E0414 17:03:48.644604 fd83000 FrameBuffer.cpp:3790] Failed to find ColorBuffer:1891
E0414 17:03:48.644608 fd83000 FrameBuffer.cpp:3790] Failed to find ColorBuffer:1892
E0414 17:03:48.644612 fd83000 FrameBuffer.cpp:3790] Failed to find ColorBuffer:1893
E0414 17:03:48.644616 fd83000 FrameBuffer.cpp:3790] Failed to find ColorBuffer:1894
E0414 17:03:48.644619 fd83000 FrameBuffer.cpp:3790] Failed to find ColorBuffer:1881
E0414 17:03:48.644623 fd83000 FrameBuffer.cpp:3790] Failed to find ColorBuffer:1882
E0414 17:03:48.644627 fd83000 FrameBuffer.cpp:3790] Failed to find ColorBuffer:1883
E0414 17:03:48.644631 fd83000 FrameBuffer.cpp:3790] Failed to find ColorBuffer:1884
E0414 17:03:48.644634 fd83000 FrameBuffer.cpp:3790] Failed to find ColorBuffer:1895
E0414 17:03:48.644638 fd83000 FrameBuffer.cpp:3790] Failed to find ColorBuffer:1896
E0414 17:03:48.644643 fd83000 FrameBuffer.cpp:3790] Failed to find ColorBuffer:1897
E0414 17:03:48.644647 fd83000 FrameBuffer.cpp:3790] Failed to find ColorBuffer:1885
E0414 17:03:48.644651 fd83000 FrameBuffer.cpp:3790] Failed to find ColorBuffer:1886
E0414 17:03:48.644655 fd83000 FrameBuffer.cpp:3790] Failed to find ColorBuffer:1879
E0414 17:03:48.644659 fd83000 FrameBuffer.cpp:3790] Failed to find ColorBuffer:1887
E0414 17:03:48.644662 fd83000 FrameBuffer.cpp:3790] Failed to find ColorBuffer:1888
E0414 17:03:48.644666 fd83000 FrameBuffer.cpp:3790] Failed to find ColorBuffer:1889
E0414 17:03:48.644670 fd83000 FrameBuffer.cpp:3790] Failed to find ColorBuffer:1890
E0414 17:03:48.644673 fd83000 FrameBuffer.cpp:3790] Failed to find ColorBuffer:1880
E0414 17:03:48.644677 fd83000 FrameBuffer.cpp:3790] Failed to find ColorBuffer:1891
E0414 17:03:48.644681 fd83000 FrameBuffer.cpp:3790] Failed to find ColorBuffer:1892
E0414 17:03:48.644684 fd83000 FrameBuffer.cpp:3790] Failed to find ColorBuffer:1893
E0414 17:03:48.644688 fd83000 FrameBuffer.cpp:3790] Failed to find ColorBuffer:1894
E0414 17:03:48.644692 fd83000 FrameBuffer.cpp:3790] Failed to find ColorBuffer:1881
E0414 17:03:48.644696 fd83000 FrameBuffer.cpp:3790] Failed to find ColorBuffer:1882
E0414 17:03:48.644699 fd83000 FrameBuffer.cpp:3790] Failed to find ColorBuffer:1883
E0414 17:03:48.644704 fd83000 FrameBuffer.cpp:3790] Failed to find ColorBuffer:1884
E0414 17:03:48.644708 fd83000 FrameBuffer.cpp:3790] Failed to find ColorBuffer:1895
E0414 17:03:48.644712 fd83000 FrameBuffer.cpp:3790] Failed to find ColorBuffer:1896
E0414 17:03:48.644716 fd83000 FrameBuffer.cpp:3790] Failed to find ColorBuffer:1897
E0414 17:03:48.644719 fd83000 FrameBuffer.cpp:3790] Failed to find ColorBuffer:1885
E0414 17:03:48.644723 fd83000 FrameBuffer.cpp:3790] Failed to find ColorBuffer:1886
E0414 17:03:48.644728 fd83000 FrameBuffer.cpp:3790] Failed to find ColorBuffer:1879
E0414 17:03:48.644732 fd83000 FrameBuffer.cpp:3790] Failed to find ColorBuffer:1887
E0414 17:03:48.644735 fd83000 FrameBuffer.cpp:3790] Failed to find ColorBuffer:1888
E0414 17:03:48.644739 fd83000 FrameBuffer.cpp:3790] Failed to find ColorBuffer:1889
E0414 17:03:48.644743 fd83000 FrameBuffer.cpp:3790] Failed to find ColorBuffer:1890
E0414 17:03:48.644759 fd83000 FrameBuffer.cpp:3790] Failed to find ColorBuffer:1880
E0414 17:03:48.644763 fd83000 FrameBuffer.cpp:3790] Failed to find ColorBuffer:1891
E0414 17:03:48.644770 fd83000 FrameBuffer.cpp:3790] Failed to find ColorBuffer:1892
E0414 17:03:48.644776 fd83000 FrameBuffer.cpp:3790] Failed to find ColorBuffer:1893
E0414 17:03:48.644781 fd83000 FrameBuffer.cpp:3790] Failed to find ColorBuffer:1894
E0414 17:03:48.644785 fd83000 FrameBuffer.cpp:3790] Failed to find ColorBuffer:1881
E0414 17:03:48.644790 fd83000 FrameBuffer.cpp:3790] Failed to find ColorBuffer:1882
E0414 17:03:48.644795 fd83000 FrameBuffer.cpp:3790] Failed to find ColorBuffer:1883
E0414 17:03:48.644799 fd83000 FrameBuffer.cpp:3790] Failed to find ColorBuffer:1884
E0414 17:03:48.644804 fd83000 FrameBuffer.cpp:3790] Failed to find ColorBuffer:1895
E0414 17:03:48.644809 fd83000 FrameBuffer.cpp:3790] Failed to find ColorBuffer:1896
E0414 17:03:48.644814 fd83000 FrameBuffer.cpp:3790] Failed to find ColorBuffer:1897
E0414 17:03:48.644818 fd83000 FrameBuffer.cpp:3790] Failed to find ColorBuffer:1885
E0414 17:03:48.644823 fd83000 FrameBuffer.cpp:3790] Failed to find ColorBuffer:1886
E0414 17:03:48.644828 fd83000 FrameBuffer.cpp:3790] Failed to find ColorBuffer:1879
E0414 17:03:48.644833 fd83000 FrameBuffer.cpp:3790] Failed to find ColorBuffer:1887
E0414 17:03:48.644837 fd83000 FrameBuffer.cpp:3790] Failed to find ColorBuffer:1888
E0414 17:03:48.644842 fd83000 FrameBuffer.cpp:3790] Failed to find ColorBuffer:1889
E0414 17:03:48.644847 fd83000 FrameBuffer.cpp:3790] Failed to find ColorBuffer:1890
E0414 17:03:48.644852 fd83000 FrameBuffer.cpp:3790] Failed to find ColorBuffer:1880
E0414 17:03:48.644856 fd83000 FrameBuffer.cpp:3790] Failed to find ColorBuffer:1891
E0414 17:03:48.644861 fd83000 FrameBuffer.cpp:3790] Failed to find ColorBuffer:1892
E0414 17:03:48.644866 fd83000 FrameBuffer.cpp:3790] Failed to find ColorBuffer:1893
E0414 17:03:48.644871 fd83000 FrameBuffer.cpp:3790] Failed to find ColorBuffer:1894
E0414 17:03:48.644876 fd83000 FrameBuffer.cpp:3790] Failed to find ColorBuffer:1881
E0414 17:03:48.644881 fd83000 FrameBuffer.cpp:3790] Failed to find ColorBuffer:1882
E0414 17:03:48.644886 fd83000 FrameBuffer.cpp:3790] Failed to find ColorBuffer:1883
E0414 17:03:48.644891 fd83000 FrameBuffer.cpp:3790] Failed to find ColorBuffer:1884
E0414 17:03:48.644895 fd83000 FrameBuffer.cpp:3790] Failed to find ColorBuffer:1895
E0414 17:03:48.644900 fd83000 FrameBuffer.cpp:3790] Failed to find ColorBuffer:1896
E0414 17:03:48.644904 fd83000 FrameBuffer.cpp:3790] Failed to find ColorBuffer:1897
E0414 17:03:48.644909 fd83000 FrameBuffer.cpp:3790] Failed to find ColorBuffer:1885
E0414 17:03:48.644913 fd83000 FrameBuffer.cpp:3790] Failed to find ColorBuffer:1886
E0414 17:03:48.644917 fd83000 FrameBuffer.cpp:3790] Failed to find ColorBuffer:1879
E0414 17:03:48.644921 fd83000 FrameBuffer.cpp:3790] Failed to find ColorBuffer:1887
E0414 17:03:48.644924 fd83000 FrameBuffer.cpp:3790] Failed to find ColorBuffer:1888
E0414 17:03:48.644928 fd83000 FrameBuffer.cpp:3790] Failed to find ColorBuffer:1889
E0414 17:03:48.644932 fd83000 FrameBuffer.cpp:3790] Failed to find ColorBuffer:1890
E0414 17:03:48.644936 fd83000 FrameBuffer.cpp:3790] Failed to find ColorBuffer:1880
E0414 17:03:48.644939 fd83000 FrameBuffer.cpp:3790] Failed to find ColorBuffer:1891
E0414 17:03:48.644943 fd83000 FrameBuffer.cpp:3790] Failed to find ColorBuffer:1892
E0414 17:03:48.644947 fd83000 FrameBuffer.cpp:3790] Failed to find ColorBuffer:1893
E0414 17:03:48.644951 fd83000 FrameBuffer.cpp:3790] Failed to find ColorBuffer:1894
E0414 17:03:48.644954 fd83000 FrameBuffer.cpp:3790] Failed to find ColorBuffer:1881
E0414 17:03:48.644958 fd83000 FrameBuffer.cpp:3790] Failed to find ColorBuffer:1882
E0414 17:03:48.644962 fd83000 FrameBuffer.cpp:3790] Failed to find ColorBuffer:1883
E0414 17:03:48.644965 fd83000 FrameBuffer.cpp:3790] Failed to find ColorBuffer:1884
E0414 17:03:48.644969 fd83000 FrameBuffer.cpp:3790] Failed to find ColorBuffer:1895
E0414 17:03:48.644973 fd83000 FrameBuffer.cpp:3790] Failed to find ColorBuffer:1896
E0414 17:03:48.644992 fd83000 FrameBuffer.cpp:3790] Failed to find ColorBuffer:1897
E0414 17:03:48.644997 fd83000 FrameBuffer.cpp:3790] Failed to find ColorBuffer:1885
E0414 17:03:48.645000 fd83000 FrameBuffer.cpp:3790] Failed to find ColorBuffer:1886
E0414 17:03:48.645004 fd83000 FrameBuffer.cpp:3790] Failed to find ColorBuffer:1879
E0414 17:03:48.645008 fd83000 FrameBuffer.cpp:3790] Failed to find ColorBuffer:1887
E0414 17:03:48.645012 fd83000 FrameBuffer.cpp:3790] Failed to find ColorBuffer:1888
E0414 17:03:48.645015 fd83000 FrameBuffer.cpp:3790] Failed to find ColorBuffer:1889
E0414 17:03:48.645019 fd83000 FrameBuffer.cpp:3790] Failed to find ColorBuffer:1890
E0414 17:03:48.645023 fd83000 FrameBuffer.cpp:3790] Failed to find ColorBuffer:1880
E0414 17:03:48.645026 fd83000 FrameBuffer.cpp:3790] Failed to find ColorBuffer:1891
E0414 17:03:48.645030 fd83000 FrameBuffer.cpp:3790] Failed to find ColorBuffer:1892
E0414 17:03:48.645034 fd83000 FrameBuffer.cpp:3790] Failed to find ColorBuffer:1893
E0414 17:03:48.645038 fd83000 FrameBuffer.cpp:3790] Failed to find ColorBuffer:1894
E0414 17:03:48.645042 fd83000 FrameBuffer.cpp:3790] Failed to find ColorBuffer:1881
E0414 17:03:48.645045 fd83000 FrameBuffer.cpp:3790] Failed to find ColorBuffer:1882
E0414 17:03:48.645049 fd83000 FrameBuffer.cpp:3790] Failed to find ColorBuffer:1883
E0414 17:03:48.645053 fd83000 FrameBuffer.cpp:3790] Failed to find ColorBuffer:1884
E0414 17:03:48.645056 fd83000 FrameBuffer.cpp:3790] Failed to find ColorBuffer:1895
E0414 17:03:48.645060 fd83000 FrameBuffer.cpp:3790] Failed to find ColorBuffer:1896
E0414 17:03:48.645064 fd83000 FrameBuffer.cpp:3790] Failed to find ColorBuffer:1897
E0414 17:03:48.645068 fd83000 FrameBuffer.cpp:3790] Failed to find ColorBuffer:1885
E0414 17:03:48.645071 fd83000 FrameBuffer.cpp:3790] Failed to find ColorBuffer:1886
E0414 17:03:48.645075 fd83000 FrameBuffer.cpp:3790] Failed to find ColorBuffer:1879
E0414 17:03:48.645079 fd83000 FrameBuffer.cpp:3790] Failed to find ColorBuffer:1887
E0414 17:03:48.645083 fd83000 FrameBuffer.cpp:3790] Failed to find ColorBuffer:1888
E0414 17:03:48.645086 fd83000 FrameBuffer.cpp:3790] Failed to find ColorBuffer:1889
E0414 17:03:48.645090 fd83000 FrameBuffer.cpp:3790] Failed to find ColorBuffer:1890
E0414 17:03:48.645094 fd83000 FrameBuffer.cpp:3790] Failed to find ColorBuffer:1880
E0414 17:03:48.645098 fd83000 FrameBuffer.cpp:3790] Failed to find ColorBuffer:1891
E0414 17:03:48.645102 fd83000 FrameBuffer.cpp:3790] Failed to find ColorBuffer:1892
E0414 17:03:48.645105 fd83000 FrameBuffer.cpp:3790] Failed to find ColorBuffer:1893
E0414 17:03:48.645109 fd83000 FrameBuffer.cpp:3790] Failed to find ColorBuffer:1894
E0414 17:03:48.645113 fd83000 FrameBuffer.cpp:3790] Failed to find ColorBuffer:1881
E0414 17:03:48.645116 fd83000 FrameBuffer.cpp:3790] Failed to find ColorBuffer:1882
E0414 17:03:48.645120 fd83000 FrameBuffer.cpp:3790] Failed to find ColorBuffer:1883
E0414 17:03:48.645124 fd83000 FrameBuffer.cpp:3790] Failed to find ColorBuffer:1884
E0414 17:03:48.645158 fd83000 FrameBuffer.cpp:3790] Failed to find ColorBuffer:1895
E0414 17:03:48.645163 fd83000 FrameBuffer.cpp:3790] Failed to find ColorBuffer:1896
E0414 17:03:48.645167 fd83000 FrameBuffer.cpp:3790] Failed to find ColorBuffer:1897
E0414 17:03:48.645170 fd83000 FrameBuffer.cpp:3790] Failed to find ColorBuffer:1885
E0414 17:03:48.645174 fd83000 FrameBuffer.cpp:3790] Failed to find ColorBuffer:1886
E0414 17:03:48.645178 fd83000 FrameBuffer.cpp:3790] Failed to find ColorBuffer:1879
E0414 17:03:48.645182 fd83000 FrameBuffer.cpp:3790] Failed to find ColorBuffer:1887
E0414 17:03:48.645185 fd83000 FrameBuffer.cpp:3790] Failed to find ColorBuffer:1888
E0414 17:03:48.645189 fd83000 FrameBuffer.cpp:3790] Failed to find ColorBuffer:1889
E0414 17:03:48.645193 fd83000 FrameBuffer.cpp:3790] Failed to find ColorBuffer:1890
E0414 17:03:48.645197 fd83000 FrameBuffer.cpp:3790] Failed to find ColorBuffer:1880
E0414 17:03:48.645200 fd83000 FrameBuffer.cpp:3790] Failed to find ColorBuffer:1891
E0414 17:03:48.645204 fd83000 FrameBuffer.cpp:3790] Failed to find ColorBuffer:1892
E0414 17:03:48.645219 fd83000 FrameBuffer.cpp:3790] Failed to find ColorBuffer:1893
E0414 17:03:48.645223 fd83000 FrameBuffer.cpp:3790] Failed to find ColorBuffer:1894
E0414 17:03:48.645227 fd83000 FrameBuffer.cpp:3790] Failed to find ColorBuffer:1881
E0414 17:03:48.645231 fd83000 FrameBuffer.cpp:3790] Failed to find ColorBuffer:1882
E0414 17:03:48.645234 fd83000 FrameBuffer.cpp:3790] Failed to find ColorBuffer:1883
E0414 17:03:48.645238 fd83000 FrameBuffer.cpp:3790] Failed to find ColorBuffer:1884
E0414 17:03:48.645242 fd83000 FrameBuffer.cpp:3790] Failed to find ColorBuffer:1895
E0414 17:03:48.645246 fd83000 FrameBuffer.cpp:3790] Failed to find ColorBuffer:1896
E0414 17:03:48.645249 fd83000 FrameBuffer.cpp:3790] Failed to find ColorBuffer:1897
E0414 17:03:48.645253 fd83000 FrameBuffer.cpp:3790] Failed to find ColorBuffer:1885
E0414 17:03:48.645257 fd83000 FrameBuffer.cpp:3790] Failed to find ColorBuffer:1886
E0414 17:03:48.645285 fd83000 FrameBuffer.cpp:3790] Failed to find ColorBuffer:1879
E0414 17:03:48.645290 fd83000 FrameBuffer.cpp:3790] Failed to find ColorBuffer:1887
E0414 17:03:48.645294 fd83000 FrameBuffer.cpp:3790] Failed to find ColorBuffer:1888
E0414 17:03:48.645298 fd83000 FrameBuffer.cpp:3790] Failed to find ColorBuffer:1889
E0414 17:03:48.645302 fd83000 FrameBuffer.cpp:3790] Failed to find ColorBuffer:1890
E0414 17:03:48.645306 fd83000 FrameBuffer.cpp:3790] Failed to find ColorBuffer:1880
E0414 17:03:48.645309 fd83000 FrameBuffer.cpp:3790] Failed to find ColorBuffer:1891
E0414 17:03:48.645313 fd83000 FrameBuffer.cpp:3790] Failed to find ColorBuffer:1892
E0414 17:03:48.645317 fd83000 FrameBuffer.cpp:3790] Failed to find ColorBuffer:1893
E0414 17:03:48.645321 fd83000 FrameBuffer.cpp:3790] Failed to find ColorBuffer:1894
E0414 17:03:48.645324 fd83000 FrameBuffer.cpp:3790] Failed to find ColorBuffer:1881
E0414 17:03:48.645328 fd83000 FrameBuffer.cpp:3790] Failed to find ColorBuffer:1882
E0414 17:03:48.645332 fd83000 FrameBuffer.cpp:3790] Failed to find ColorBuffer:1883
E0414 17:03:48.645335 fd83000 FrameBuffer.cpp:3790] Failed to find ColorBuffer:1884
E0414 17:03:48.645339 fd83000 FrameBuffer.cpp:3790] Failed to find ColorBuffer:1895
E0414 17:03:48.645343 fd83000 FrameBuffer.cpp:3790] Failed to find ColorBuffer:1896
E0414 17:03:48.645347 fd83000 FrameBuffer.cpp:3790] Failed to find ColorBuffer:1897
E0414 17:03:48.645350 fd83000 FrameBuffer.cpp:3790] Failed to find ColorBuffer:1885
E0414 17:03:48.645354 fd83000 FrameBuffer.cpp:3790] Failed to find ColorBuffer:1886
E0414 17:03:48.645358 fd83000 FrameBuffer.cpp:3790] Failed to find ColorBuffer:1879
E0414 17:03:48.645361 fd83000 FrameBuffer.cpp:3790] Failed to find ColorBuffer:1887
E0414 17:03:48.645365 fd83000 FrameBuffer.cpp:3790] Failed to find ColorBuffer:1888
E0414 17:03:48.645369 fd83000 FrameBuffer.cpp:3790] Failed to find ColorBuffer:1889
E0414 17:03:48.645372 fd83000 FrameBuffer.cpp:3790] Failed to find ColorBuffer:1890
E0414 17:03:48.645376 fd83000 FrameBuffer.cpp:3790] Failed to find ColorBuffer:1880
E0414 17:03:48.645380 fd83000 FrameBuffer.cpp:3790] Failed to find ColorBuffer:1891
E0414 17:03:48.645384 fd83000 FrameBuffer.cpp:3790] Failed to find ColorBuffer:1892
E0414 17:03:48.645387 fd83000 FrameBuffer.cpp:3790] Failed to find ColorBuffer:1893
E0414 17:03:48.645391 fd83000 FrameBuffer.cpp:3790] Failed to find ColorBuffer:1894
E0414 17:03:48.645395 fd83000 FrameBuffer.cpp:3790] Failed to find ColorBuffer:1881
E0414 17:03:48.645398 fd83000 FrameBuffer.cpp:3790] Failed to find ColorBuffer:1882
E0414 17:03:48.645402 fd83000 FrameBuffer.cpp:3790] Failed to find ColorBuffer:1883
E0414 17:03:48.645406 fd83000 FrameBuffer.cpp:3790] Failed to find ColorBuffer:1884
E0414 17:03:48.645410 fd83000 FrameBuffer.cpp:3790] Failed to find ColorBuffer:1895
E0414 17:03:48.645413 fd83000 FrameBuffer.cpp:3790] Failed to find ColorBuffer:1896
E0414 17:03:48.645417 fd83000 FrameBuffer.cpp:3790] Failed to find ColorBuffer:1897
E0414 17:03:48.645421 fd83000 FrameBuffer.cpp:3790] Failed to find ColorBuffer:1885
E0414 17:03:48.645435 fd83000 FrameBuffer.cpp:3790] Failed to find ColorBuffer:1886
E0414 17:03:48.645439 fd83000 FrameBuffer.cpp:3790] Failed to find ColorBuffer:1879
E0414 17:03:48.645443 fd83000 FrameBuffer.cpp:3790] Failed to find ColorBuffer:1887
E0414 17:03:48.645447 fd83000 FrameBuffer.cpp:3790] Failed to find ColorBuffer:1888
E0414 17:03:48.645451 fd83000 FrameBuffer.cpp:3790] Failed to find ColorBuffer:1889
E0414 17:03:48.646497 fd83000 FrameBuffer.cpp:3790] Failed to find ColorBuffer:1890
E0414 17:03:48.646503 fd83000 FrameBuffer.cpp:3790] Failed to find ColorBuffer:1880
E0414 17:03:48.646507 fd83000 FrameBuffer.cpp:3790] Failed to find ColorBuffer:1891
E0414 17:03:48.646512 fd83000 FrameBuffer.cpp:3790] Failed to find ColorBuffer:1892
E0414 17:03:48.646516 fd83000 FrameBuffer.cpp:3790] Failed to find ColorBuffer:1893
E0414 17:03:48.646520 fd83000 FrameBuffer.cpp:3790] Failed to find ColorBuffer:1894
E0414 17:03:48.646524 fd83000 FrameBuffer.cpp:3790] Failed to find ColorBuffer:1881
E0414 17:03:48.646604 fd83000 FrameBuffer.cpp:3790] Failed to find ColorBuffer:1882
E0414 17:03:48.646677 fd83000 FrameBuffer.cpp:3790] Failed to find ColorBuffer:1883
E0414 17:03:48.646695 fd83000 FrameBuffer.cpp:3790] Failed to find ColorBuffer:1884
E0414 17:03:48.646731 fd83000 FrameBuffer.cpp:3790] Failed to find ColorBuffer:1895
E0414 17:03:48.646741 fd83000 FrameBuffer.cpp:3790] Failed to find ColorBuffer:1896
E0414 17:03:48.646747 fd83000 FrameBuffer.cpp:3790] Failed to find ColorBuffer:1897
E0414 17:03:48.646752 fd83000 FrameBuffer.cpp:3790] Failed to find ColorBuffer:1885
E0414 17:03:48.646756 fd83000 FrameBuffer.cpp:3790] Failed to find ColorBuffer:1886
E0414 17:03:48.646761 fd83000 FrameBuffer.cpp:3790] Failed to find ColorBuffer:1879
E0414 17:03:48.646765 fd83000 FrameBuffer.cpp:3790] Failed to find ColorBuffer:1887
E0414 17:03:48.646769 fd83000 FrameBuffer.cpp:3790] Failed to find ColorBuffer:1888
E0414 17:03:48.646773 fd83000 FrameBuffer.cpp:3790] Failed to find ColorBuffer:1889
E0414 17:03:48.646777 fd83000 FrameBuffer.cpp:3790] Failed to find ColorBuffer:1890
E0414 17:03:48.646781 fd83000 FrameBuffer.cpp:3790] Failed to find ColorBuffer:1880
E0414 17:03:48.646785 fd83000 FrameBuffer.cpp:3790] Failed to find ColorBuffer:1891
E0414 17:03:48.646789 fd83000 FrameBuffer.cpp:3790] Failed to find ColorBuffer:1892
E0414 17:03:48.646794 fd83000 FrameBuffer.cpp:3790] Failed to find ColorBuffer:1893
E0414 17:03:48.646797 fd83000 FrameBuffer.cpp:3790] Failed to find ColorBuffer:1894
E0414 17:03:48.646802 fd83000 FrameBuffer.cpp:3790] Failed to find ColorBuffer:1881
E0414 17:03:48.646806 fd83000 FrameBuffer.cpp:3790] Failed to find ColorBuffer:1882
E0414 17:03:48.646810 fd83000 FrameBuffer.cpp:3790] Failed to find ColorBuffer:1883
E0414 17:03:48.646822 fd83000 FrameBuffer.cpp:3790] Failed to find ColorBuffer:1884
E0414 17:03:48.646830 fd83000 FrameBuffer.cpp:3790] Failed to find ColorBuffer:1895
E0414 17:03:48.646835 fd83000 FrameBuffer.cpp:3790] Failed to find ColorBuffer:1896
E0414 17:03:48.646840 fd83000 FrameBuffer.cpp:3790] Failed to find ColorBuffer:1897
E0414 17:03:48.646845 fd83000 FrameBuffer.cpp:3790] Failed to find ColorBuffer:1885
E0414 17:03:48.646849 fd83000 FrameBuffer.cpp:3790] Failed to find ColorBuffer:1886
E0414 17:03:48.646855 fd83000 FrameBuffer.cpp:3790] Failed to find ColorBuffer:1879
E0414 17:03:48.646859 fd83000 FrameBuffer.cpp:3790] Failed to find ColorBuffer:1887
E0414 17:03:48.646865 fd83000 FrameBuffer.cpp:3790] Failed to find ColorBuffer:1888
E0414 17:03:48.646870 fd83000 FrameBuffer.cpp:3790] Failed to find ColorBuffer:1889
E0414 17:03:48.646875 fd83000 FrameBuffer.cpp:3790] Failed to find ColorBuffer:1890
E0414 17:03:48.646881 fd83000 FrameBuffer.cpp:3790] Failed to find ColorBuffer:1880
E0414 17:03:48.646885 fd83000 FrameBuffer.cpp:3790] Failed to find ColorBuffer:1891
E0414 17:03:48.646891 fd83000 FrameBuffer.cpp:3790] Failed to find ColorBuffer:1892
E0414 17:03:48.646897 fd83000 FrameBuffer.cpp:3790] Failed to find ColorBuffer:1893
E0414 17:03:48.646902 fd83000 FrameBuffer.cpp:3790] Failed to find ColorBuffer:1894
E0414 17:03:48.646938 fd83000 FrameBuffer.cpp:3790] Failed to find ColorBuffer:1881
E0414 17:03:48.646944 fd83000 FrameBuffer.cpp:3790] Failed to find ColorBuffer:1882
E0414 17:03:48.646949 fd83000 FrameBuffer.cpp:3790] Failed to find ColorBuffer:1883
E0414 17:03:48.646954 fd83000 FrameBuffer.cpp:3790] Failed to find ColorBuffer:1884
E0414 17:03:48.646960 fd83000 FrameBuffer.cpp:3790] Failed to find ColorBuffer:1895
E0414 17:03:48.646965 fd83000 FrameBuffer.cpp:3790] Failed to find ColorBuffer:1896
E0414 17:03:48.646970 fd83000 FrameBuffer.cpp:3790] Failed to find ColorBuffer:1897
E0414 17:03:48.646975 fd83000 FrameBuffer.cpp:3790] Failed to find ColorBuffer:1885
E0414 17:03:48.646980 fd83000 FrameBuffer.cpp:3790] Failed to find ColorBuffer:1886
E0414 17:03:48.646985 fd83000 FrameBuffer.cpp:3790] Failed to find ColorBuffer:1879
E0414 17:03:48.646990 fd83000 FrameBuffer.cpp:3790] Failed to find ColorBuffer:1887
E0414 17:03:48.646995 fd83000 FrameBuffer.cpp:3790] Failed to find ColorBuffer:1888
E0414 17:03:48.647000 fd83000 FrameBuffer.cpp:3790] Failed to find ColorBuffer:1889
E0414 17:03:48.647005 fd83000 FrameBuffer.cpp:3790] Failed to find ColorBuffer:1890
E0414 17:03:48.647010 fd83000 FrameBuffer.cpp:3790] Failed to find ColorBuffer:1880
E0414 17:03:48.647014 fd83000 FrameBuffer.cpp:3790] Failed to find ColorBuffer:1891
E0414 17:03:48.647019 fd83000 FrameBuffer.cpp:3790] Failed to find ColorBuffer:1892
E0414 17:03:48.647022 fd83000 FrameBuffer.cpp:3790] Failed to find ColorBuffer:1893
E0414 17:03:48.647027 fd83000 FrameBuffer.cpp:3790] Failed to find ColorBuffer:1894
E0414 17:03:48.647031 fd83000 FrameBuffer.cpp:3790] Failed to find ColorBuffer:1881
E0414 17:03:48.647034 fd83000 FrameBuffer.cpp:3790] Failed to find ColorBuffer:1882
E0414 17:03:48.647038 fd83000 FrameBuffer.cpp:3790] Failed to find ColorBuffer:1883
E0414 17:03:48.647042 fd83000 FrameBuffer.cpp:3790] Failed to find ColorBuffer:1884
E0414 17:03:48.647046 fd83000 FrameBuffer.cpp:3790] Failed to find ColorBuffer:1895
E0414 17:03:48.647049 fd83000 FrameBuffer.cpp:3790] Failed to find ColorBuffer:1896
E0414 17:03:48.647053 fd83000 FrameBuffer.cpp:3790] Failed to find ColorBuffer:1897
E0414 17:03:48.647057 fd83000 FrameBuffer.cpp:3790] Failed to find ColorBuffer:1885
E0414 17:03:48.647061 fd83000 FrameBuffer.cpp:3790] Failed to find ColorBuffer:1886
E0414 17:03:48.647065 fd83000 FrameBuffer.cpp:3790] Failed to find ColorBuffer:1879
E0414 17:03:48.647069 fd83000 FrameBuffer.cpp:3790] Failed to find ColorBuffer:1887
E0414 17:03:48.647073 fd83000 FrameBuffer.cpp:3790] Failed to find ColorBuffer:1888
E0414 17:03:48.647076 fd83000 FrameBuffer.cpp:3790] Failed to find ColorBuffer:1889
E0414 17:03:48.647080 fd83000 FrameBuffer.cpp:3790] Failed to find ColorBuffer:1890
E0414 17:03:48.647084 fd83000 FrameBuffer.cpp:3790] Failed to find ColorBuffer:1880
E0414 17:03:48.647088 fd83000 FrameBuffer.cpp:3790] Failed to find ColorBuffer:1891
E0414 17:03:48.647092 fd83000 FrameBuffer.cpp:3790] Failed to find ColorBuffer:1892
E0414 17:03:48.647096 fd83000 FrameBuffer.cpp:3790] Failed to find ColorBuffer:1893
E0414 17:03:48.647099 fd83000 FrameBuffer.cpp:3790] Failed to find ColorBuffer:1894
E0414 17:03:48.647103 fd83000 FrameBuffer.cpp:3790] Failed to find ColorBuffer:1881
E0414 17:03:48.647107 fd83000 FrameBuffer.cpp:3790] Failed to find ColorBuffer:1882
E0414 17:03:48.647111 fd83000 FrameBuffer.cpp:3790] Failed to find ColorBuffer:1883
E0414 17:03:48.647115 fd83000 FrameBuffer.cpp:3790] Failed to find ColorBuffer:1884
E0414 17:03:48.647118 fd83000 FrameBuffer.cpp:3790] Failed to find ColorBuffer:1895
E0414 17:03:48.647122 fd83000 FrameBuffer.cpp:3790] Failed to find ColorBuffer:1896
E0414 17:03:48.647126 fd83000 FrameBuffer.cpp:3790] Failed to find ColorBuffer:1897
E0414 17:03:48.647129 fd83000 FrameBuffer.cpp:3790] Failed to find ColorBuffer:1885
E0414 17:03:48.647133 fd83000 FrameBuffer.cpp:3790] Failed to find ColorBuffer:1886
E0414 17:03:48.647137 fd83000 FrameBuffer.cpp:3790] Failed to find ColorBuffer:1879
E0414 17:03:48.647141 fd83000 FrameBuffer.cpp:3790] Failed to find ColorBuffer:1887
E0414 17:03:48.647160 fd83000 FrameBuffer.cpp:3790] Failed to find ColorBuffer:1888
E0414 17:03:48.647164 fd83000 FrameBuffer.cpp:3790] Failed to find ColorBuffer:1889
E0414 17:03:48.647168 fd83000 FrameBuffer.cpp:3790] Failed to find ColorBuffer:1890
E0414 17:03:48.647172 fd83000 FrameBuffer.cpp:3790] Failed to find ColorBuffer:1880
E0414 17:03:48.647175 fd83000 FrameBuffer.cpp:3790] Failed to find ColorBuffer:1891
E0414 17:03:48.647179 fd83000 FrameBuffer.cpp:3790] Failed to find ColorBuffer:1892
E0414 17:03:48.647183 fd83000 FrameBuffer.cpp:3790] Failed to find ColorBuffer:1893
E0414 17:03:48.647187 fd83000 FrameBuffer.cpp:3790] Failed to find ColorBuffer:1894
E0414 17:03:48.647190 fd83000 FrameBuffer.cpp:3790] Failed to find ColorBuffer:1881
E0414 17:03:48.647194 fd83000 FrameBuffer.cpp:3790] Failed to find ColorBuffer:1882
E0414 17:03:48.647198 fd83000 FrameBuffer.cpp:3790] Failed to find ColorBuffer:1883
E0414 17:03:48.647201 fd83000 FrameBuffer.cpp:3790] Failed to find ColorBuffer:1884
E0414 17:03:48.647205 fd83000 FrameBuffer.cpp:3790] Failed to find ColorBuffer:1895
E0414 17:03:48.647209 fd83000 FrameBuffer.cpp:3790] Failed to find ColorBuffer:1896
E0414 17:03:48.647212 fd83000 FrameBuffer.cpp:3790] Failed to find ColorBuffer:1897
E0414 17:03:48.647216 fd83000 FrameBuffer.cpp:3790] Failed to find ColorBuffer:1885
E0414 17:03:48.647220 fd83000 FrameBuffer.cpp:3790] Failed to find ColorBuffer:1886
E0414 17:03:48.647224 fd83000 FrameBuffer.cpp:3790] Failed to find ColorBuffer:1879
E0414 17:03:48.647227 fd83000 FrameBuffer.cpp:3790] Failed to find ColorBuffer:1887
E0414 17:03:48.647231 fd83000 FrameBuffer.cpp:3790] Failed to find ColorBuffer:1888
E0414 17:03:48.647235 fd83000 FrameBuffer.cpp:3790] Failed to find ColorBuffer:1889
E0414 17:03:48.647238 fd83000 FrameBuffer.cpp:3790] Failed to find ColorBuffer:1890
E0414 17:03:48.647242 fd83000 FrameBuffer.cpp:3790] Failed to find ColorBuffer:1880
E0414 17:03:48.647246 fd83000 FrameBuffer.cpp:3790] Failed to find ColorBuffer:1891
E0414 17:03:48.647250 fd83000 FrameBuffer.cpp:3790] Failed to find ColorBuffer:1892
E0414 17:03:48.647253 fd83000 FrameBuffer.cpp:3790] Failed to find ColorBuffer:1893
E0414 17:03:48.647257 fd83000 FrameBuffer.cpp:3790] Failed to find ColorBuffer:1894
E0414 17:03:48.647261 fd83000 FrameBuffer.cpp:3790] Failed to find ColorBuffer:1881
E0414 17:03:48.647264 fd83000 FrameBuffer.cpp:3790] Failed to find ColorBuffer:1882
E0414 17:03:48.647268 fd83000 FrameBuffer.cpp:3790] Failed to find ColorBuffer:1883
E0414 17:03:48.647272 fd83000 FrameBuffer.cpp:3790] Failed to find ColorBuffer:1884
E0414 17:03:48.647276 fd83000 FrameBuffer.cpp:3790] Failed to find ColorBuffer:1895
E0414 17:03:48.647279 fd83000 FrameBuffer.cpp:3790] Failed to find ColorBuffer:1896
E0414 17:03:48.647283 fd83000 FrameBuffer.cpp:3790] Failed to find ColorBuffer:1897
E0414 17:03:48.647287 fd83000 FrameBuffer.cpp:3790] Failed to find ColorBuffer:1885
E0414 17:03:48.647291 fd83000 FrameBuffer.cpp:3790] Failed to find ColorBuffer:1886
E0414 17:03:48.647307 fd83000 FrameBuffer.cpp:3790] Failed to find ColorBuffer:1879
E0414 17:03:48.647312 fd83000 FrameBuffer.cpp:3790] Failed to find ColorBuffer:1887
E0414 17:03:48.647316 fd83000 FrameBuffer.cpp:3790] Failed to find ColorBuffer:1888
E0414 17:03:48.647320 fd83000 FrameBuffer.cpp:3790] Failed to find ColorBuffer:1889
E0414 17:03:48.647324 fd83000 FrameBuffer.cpp:3790] Failed to find ColorBuffer:1890
E0414 17:03:48.647327 fd83000 FrameBuffer.cpp:3790] Failed to find ColorBuffer:1880
E0414 17:03:48.647331 fd83000 FrameBuffer.cpp:3790] Failed to find ColorBuffer:1891
E0414 17:03:48.647335 fd83000 FrameBuffer.cpp:3790] Failed to find ColorBuffer:1892
E0414 17:03:48.647338 fd83000 FrameBuffer.cpp:3790] Failed to find ColorBuffer:1893
E0414 17:03:48.647342 fd83000 FrameBuffer.cpp:3790] Failed to find ColorBuffer:1894
E0414 17:03:48.647346 fd83000 FrameBuffer.cpp:3790] Failed to find ColorBuffer:1881
E0414 17:03:48.647350 fd83000 FrameBuffer.cpp:3790] Failed to find ColorBuffer:1882
E0414 17:03:48.647353 fd83000 FrameBuffer.cpp:3790] Failed to find ColorBuffer:1883
E0414 17:03:48.647368 fd83000 FrameBuffer.cpp:3790] Failed to find ColorBuffer:1884
E0414 17:03:48.647372 fd83000 FrameBuffer.cpp:3790] Failed to find ColorBuffer:1895
E0414 17:03:48.647375 fd83000 FrameBuffer.cpp:3790] Failed to find ColorBuffer:1896
E0414 17:03:48.647379 fd83000 FrameBuffer.cpp:3790] Failed to find ColorBuffer:1897
E0414 17:03:48.647383 fd83000 FrameBuffer.cpp:3790] Failed to find ColorBuffer:1885
E0414 17:03:48.647387 fd83000 FrameBuffer.cpp:3790] Failed to find ColorBuffer:1886
E0414 17:03:48.647391 fd83000 FrameBuffer.cpp:3790] Failed to find ColorBuffer:1879
E0414 17:03:48.647394 fd83000 FrameBuffer.cpp:3790] Failed to find ColorBuffer:1887
E0414 17:03:48.647398 fd83000 FrameBuffer.cpp:3790] Failed to find ColorBuffer:1888
E0414 17:03:48.647402 fd83000 FrameBuffer.cpp:3790] Failed to find ColorBuffer:1889
E0414 17:03:48.647405 fd83000 FrameBuffer.cpp:3790] Failed to find ColorBuffer:1890
E0414 17:03:48.647409 fd83000 FrameBuffer.cpp:3790] Failed to find ColorBuffer:1880
E0414 17:03:48.647413 fd83000 FrameBuffer.cpp:3790] Failed to find ColorBuffer:1891
E0414 17:03:48.647417 fd83000 FrameBuffer.cpp:3790] Failed to find ColorBuffer:1892
E0414 17:03:48.647420 fd83000 FrameBuffer.cpp:3790] Failed to find ColorBuffer:1893
E0414 17:03:48.647424 fd83000 FrameBuffer.cpp:3790] Failed to find ColorBuffer:1894
E0414 17:03:48.647428 fd83000 FrameBuffer.cpp:3790] Failed to find ColorBuffer:1881
E0414 17:03:48.647431 fd83000 FrameBuffer.cpp:3790] Failed to find ColorBuffer:1882
E0414 17:03:48.647435 fd83000 FrameBuffer.cpp:3790] Failed to find ColorBuffer:1883
E0414 17:03:48.647439 fd83000 FrameBuffer.cpp:3790] Failed to find ColorBuffer:1884
E0414 17:03:48.647442 fd83000 FrameBuffer.cpp:3790] Failed to find ColorBuffer:1895
E0414 17:03:48.647446 fd83000 FrameBuffer.cpp:3790] Failed to find ColorBuffer:1896
E0414 17:03:48.647450 fd83000 FrameBuffer.cpp:3790] Failed to find ColorBuffer:1897
E0414 17:03:48.647454 fd83000 FrameBuffer.cpp:3790] Failed to find ColorBuffer:1885
E0414 17:03:48.647457 fd83000 FrameBuffer.cpp:3790] Failed to find ColorBuffer:1886
E0414 17:03:48.647461 fd83000 FrameBuffer.cpp:3790] Failed to find ColorBuffer:1879
E0414 17:03:48.647465 fd83000 FrameBuffer.cpp:3790] Failed to find ColorBuffer:1887
E0414 17:03:48.647468 fd83000 FrameBuffer.cpp:3790] Failed to find ColorBuffer:1888
E0414 17:03:48.647472 fd83000 FrameBuffer.cpp:3790] Failed to find ColorBuffer:1889
E0414 17:03:48.647476 fd83000 FrameBuffer.cpp:3790] Failed to find ColorBuffer:1890
E0414 17:03:48.647479 fd83000 FrameBuffer.cpp:3790] Failed to find ColorBuffer:1880
E0414 17:03:48.647483 fd83000 FrameBuffer.cpp:3790] Failed to find ColorBuffer:1891
E0414 17:03:48.647487 fd83000 FrameBuffer.cpp:3790] Failed to find ColorBuffer:1892
E0414 17:03:48.647490 fd83000 FrameBuffer.cpp:3790] Failed to find ColorBuffer:1893
E0414 17:03:48.647494 fd83000 FrameBuffer.cpp:3790] Failed to find ColorBuffer:1894
E0414 17:03:48.647498 fd83000 FrameBuffer.cpp:3790] Failed to find ColorBuffer:1881
E0414 17:03:48.647501 fd83000 FrameBuffer.cpp:3790] Failed to find ColorBuffer:1882
E0414 17:03:48.647505 fd83000 FrameBuffer.cpp:3790] Failed to find ColorBuffer:1883
E0414 17:03:48.647509 fd83000 FrameBuffer.cpp:3790] Failed to find ColorBuffer:1884
E0414 17:03:48.647513 fd83000 FrameBuffer.cpp:3790] Failed to find ColorBuffer:1895
E0414 17:03:48.647516 fd83000 FrameBuffer.cpp:3790] Failed to find ColorBuffer:1896
E0414 17:03:48.647520 fd83000 FrameBuffer.cpp:3790] Failed to find ColorBuffer:1897
E0414 17:03:48.647524 fd83000 FrameBuffer.cpp:3790] Failed to find ColorBuffer:1885
E0414 17:03:48.647527 fd83000 FrameBuffer.cpp:3790] Failed to find ColorBuffer:1886
E0414 17:03:48.647531 fd83000 FrameBuffer.cpp:3790] Failed to find ColorBuffer:1879
E0414 17:03:48.647535 fd83000 FrameBuffer.cpp:3790] Failed to find ColorBuffer:1887
E0414 17:03:48.647538 fd83000 FrameBuffer.cpp:3790] Failed to find ColorBuffer:1888
E0414 17:03:48.647542 fd83000 FrameBuffer.cpp:3790] Failed to find ColorBuffer:1889
E0414 17:03:48.647557 fd83000 FrameBuffer.cpp:3790] Failed to find ColorBuffer:1890
E0414 17:03:48.647561 fd83000 FrameBuffer.cpp:3790] Failed to find ColorBuffer:1880
E0414 17:03:48.647565 fd83000 FrameBuffer.cpp:3790] Failed to find ColorBuffer:1891
E0414 17:03:48.647568 fd83000 FrameBuffer.cpp:3790] Failed to find ColorBuffer:1892
E0414 17:03:48.647572 fd83000 FrameBuffer.cpp:3790] Failed to find ColorBuffer:1893
E0414 17:03:48.647576 fd83000 FrameBuffer.cpp:3790] Failed to find ColorBuffer:1894
E0414 17:03:48.647580 fd83000 FrameBuffer.cpp:3790] Failed to find ColorBuffer:1881
E0414 17:03:48.647615 fd83000 FrameBuffer.cpp:3790] Failed to find ColorBuffer:1882
E0414 17:03:48.647625 fd83000 FrameBuffer.cpp:3790] Failed to find ColorBuffer:1883
E0414 17:03:48.647630 fd83000 FrameBuffer.cpp:3790] Failed to find ColorBuffer:1884
E0414 17:03:48.647635 fd83000 FrameBuffer.cpp:3790] Failed to find ColorBuffer:1895
E0414 17:03:48.647639 fd83000 FrameBuffer.cpp:3790] Failed to find ColorBuffer:1896
E0414 17:03:48.647643 fd83000 FrameBuffer.cpp:3790] Failed to find ColorBuffer:1897
E0414 17:03:48.647647 fd83000 FrameBuffer.cpp:3790] Failed to find ColorBuffer:1885
E0414 17:03:48.647651 fd83000 FrameBuffer.cpp:3790] Failed to find ColorBuffer:1886
E0414 17:03:48.647655 fd83000 FrameBuffer.cpp:3790] Failed to find ColorBuffer:1879
E0414 17:03:48.647662 fd83000 FrameBuffer.cpp:3790] Failed to find ColorBuffer:1887
E0414 17:03:48.647667 fd83000 FrameBuffer.cpp:3790] Failed to find ColorBuffer:1888
E0414 17:03:48.647672 fd83000 FrameBuffer.cpp:3790] Failed to find ColorBuffer:1889
E0414 17:03:48.647678 fd83000 FrameBuffer.cpp:3790] Failed to find ColorBuffer:1890
E0414 17:03:48.647683 fd83000 FrameBuffer.cpp:3790] Failed to find ColorBuffer:1880
E0414 17:03:48.647687 fd83000 FrameBuffer.cpp:3790] Failed to find ColorBuffer:1891
E0414 17:03:48.647692 fd83000 FrameBuffer.cpp:3790] Failed to find ColorBuffer:1892
E0414 17:03:48.647697 fd83000 FrameBuffer.cpp:3790] Failed to find ColorBuffer:1893
E0414 17:03:48.647702 fd83000 FrameBuffer.cpp:3790] Failed to find ColorBuffer:1894
E0414 17:03:48.647706 fd83000 FrameBuffer.cpp:3790] Failed to find ColorBuffer:1881
E0414 17:03:48.647711 fd83000 FrameBuffer.cpp:3790] Failed to find ColorBuffer:1882
E0414 17:03:48.647716 fd83000 FrameBuffer.cpp:3790] Failed to find ColorBuffer:1883
E0414 17:03:48.647721 fd83000 FrameBuffer.cpp:3790] Failed to find ColorBuffer:1884
E0414 17:03:48.647725 fd83000 FrameBuffer.cpp:3790] Failed to find ColorBuffer:1895
E0414 17:03:48.647730 fd83000 FrameBuffer.cpp:3790] Failed to find ColorBuffer:1896
E0414 17:03:48.647735 fd83000 FrameBuffer.cpp:3790] Failed to find ColorBuffer:1897
E0414 17:03:48.647740 fd83000 FrameBuffer.cpp:3790] Failed to find ColorBuffer:1885
E0414 17:03:48.647744 fd83000 FrameBuffer.cpp:3790] Failed to find ColorBuffer:1886
E0414 17:03:48.647749 fd83000 FrameBuffer.cpp:3790] Failed to find ColorBuffer:1879
E0414 17:03:48.647754 fd83000 FrameBuffer.cpp:3790] Failed to find ColorBuffer:1887
E0414 17:03:48.647759 fd83000 FrameBuffer.cpp:3790] Failed to find ColorBuffer:1888
E0414 17:03:48.647764 fd83000 FrameBuffer.cpp:3790] Failed to find ColorBuffer:1889
E0414 17:03:48.647768 fd83000 FrameBuffer.cpp:3790] Failed to find ColorBuffer:1890
E0414 17:03:48.647773 fd83000 FrameBuffer.cpp:3790] Failed to find ColorBuffer:1880
E0414 17:03:48.647778 fd83000 FrameBuffer.cpp:3790] Failed to find ColorBuffer:1891
E0414 17:03:48.647783 fd83000 FrameBuffer.cpp:3790] Failed to find ColorBuffer:1892
E0414 17:03:48.647788 fd83000 FrameBuffer.cpp:3790] Failed to find ColorBuffer:1893
E0414 17:03:48.647793 fd83000 FrameBuffer.cpp:3790] Failed to find ColorBuffer:1894
E0414 17:03:48.647798 fd83000 FrameBuffer.cpp:3790] Failed to find ColorBuffer:1881
E0414 17:03:48.647802 fd83000 FrameBuffer.cpp:3790] Failed to find ColorBuffer:1882
E0414 17:03:48.647807 fd83000 FrameBuffer.cpp:3790] Failed to find ColorBuffer:1883
E0414 17:03:48.647811 fd83000 FrameBuffer.cpp:3790] Failed to find ColorBuffer:1884
E0414 17:03:48.647814 fd83000 FrameBuffer.cpp:3790] Failed to find ColorBuffer:1895
E0414 17:03:48.647836 fd83000 FrameBuffer.cpp:3790] Failed to find ColorBuffer:1896
E0414 17:03:48.647841 fd83000 FrameBuffer.cpp:3790] Failed to find ColorBuffer:1897
E0414 17:03:48.647845 fd83000 FrameBuffer.cpp:3790] Failed to find ColorBuffer:1885
E0414 17:03:48.647849 fd83000 FrameBuffer.cpp:3790] Failed to find ColorBuffer:1886
E0414 17:03:48.647852 fd83000 FrameBuffer.cpp:3790] Failed to find ColorBuffer:1879
E0414 17:03:48.647856 fd83000 FrameBuffer.cpp:3790] Failed to find ColorBuffer:1887
E0414 17:03:48.647860 fd83000 FrameBuffer.cpp:3790] Failed to find ColorBuffer:1888
E0414 17:03:48.647864 fd83000 FrameBuffer.cpp:3790] Failed to find ColorBuffer:1889
E0414 17:03:48.647868 fd83000 FrameBuffer.cpp:3790] Failed to find ColorBuffer:1890
E0414 17:03:48.647871 fd83000 FrameBuffer.cpp:3790] Failed to find ColorBuffer:1880
E0414 17:03:48.647875 fd83000 FrameBuffer.cpp:3790] Failed to find ColorBuffer:1891
E0414 17:03:48.647879 fd83000 FrameBuffer.cpp:3790] Failed to find ColorBuffer:1892
E0414 17:03:48.647882 fd83000 FrameBuffer.cpp:3790] Failed to find ColorBuffer:1893
E0414 17:03:48.647886 fd83000 FrameBuffer.cpp:3790] Failed to find ColorBuffer:1894
E0414 17:03:48.647890 fd83000 FrameBuffer.cpp:3790] Failed to find ColorBuffer:1881
E0414 17:03:48.647893 fd83000 FrameBuffer.cpp:3790] Failed to find ColorBuffer:1882
E0414 17:03:48.647897 fd83000 FrameBuffer.cpp:3790] Failed to find ColorBuffer:1883
E0414 17:03:48.647901 fd83000 FrameBuffer.cpp:3790] Failed to find ColorBuffer:1884
E0414 17:03:48.647904 fd83000 FrameBuffer.cpp:3790] Failed to find ColorBuffer:1895
E0414 17:03:48.647908 fd83000 FrameBuffer.cpp:3790] Failed to find ColorBuffer:1896
E0414 17:03:48.647912 fd83000 FrameBuffer.cpp:3790] Failed to find ColorBuffer:1897
E0414 17:03:48.647915 fd83000 FrameBuffer.cpp:3790] Failed to find ColorBuffer:1885
E0414 17:03:48.647919 fd83000 FrameBuffer.cpp:3790] Failed to find ColorBuffer:1886
E0414 17:03:48.647923 fd83000 FrameBuffer.cpp:3790] Failed to find ColorBuffer:1879
E0414 17:03:48.647926 fd83000 FrameBuffer.cpp:3790] Failed to find ColorBuffer:1887
E0414 17:03:48.647930 fd83000 FrameBuffer.cpp:3790] Failed to find ColorBuffer:1888
E0414 17:03:48.647934 fd83000 FrameBuffer.cpp:3790] Failed to find ColorBuffer:1889
E0414 17:03:48.647937 fd83000 FrameBuffer.cpp:3790] Failed to find ColorBuffer:1890
E0414 17:03:48.647941 fd83000 FrameBuffer.cpp:3790] Failed to find ColorBuffer:1880
E0414 17:03:48.647945 fd83000 FrameBuffer.cpp:3790] Failed to find ColorBuffer:1891
E0414 17:03:48.647948 fd83000 FrameBuffer.cpp:3790] Failed to find ColorBuffer:1892
E0414 17:03:48.647952 fd83000 FrameBuffer.cpp:3790] Failed to find ColorBuffer:1893
E0414 17:03:48.647956 fd83000 FrameBuffer.cpp:3790] Failed to find ColorBuffer:1894
E0414 17:03:48.647959 fd83000 FrameBuffer.cpp:3790] Failed to find ColorBuffer:1881
E0414 17:03:48.647963 fd83000 FrameBuffer.cpp:3790] Failed to find ColorBuffer:1882
E0414 17:03:48.647967 fd83000 FrameBuffer.cpp:3790] Failed to find ColorBuffer:1883
E0414 17:03:48.647970 fd83000 FrameBuffer.cpp:3790] Failed to find ColorBuffer:1884
E0414 17:03:48.647974 fd83000 FrameBuffer.cpp:3790] Failed to find ColorBuffer:1895
E0414 17:03:48.647978 fd83000 FrameBuffer.cpp:3790] Failed to find ColorBuffer:1896
E0414 17:03:48.647981 fd83000 FrameBuffer.cpp:3790] Failed to find ColorBuffer:1897
E0414 17:03:48.647985 fd83000 FrameBuffer.cpp:3790] Failed to find ColorBuffer:1885
E0414 17:03:48.647989 fd83000 FrameBuffer.cpp:3790] Failed to find ColorBuffer:1886
E0414 17:03:48.647992 fd83000 FrameBuffer.cpp:3790] Failed to find ColorBuffer:1879
E0414 17:03:48.647996 fd83000 FrameBuffer.cpp:3790] Failed to find ColorBuffer:1887
E0414 17:03:48.648000 fd83000 FrameBuffer.cpp:3790] Failed to find ColorBuffer:1888
E0414 17:03:48.648003 fd83000 FrameBuffer.cpp:3790] Failed to find ColorBuffer:1889
E0414 17:03:48.648007 fd83000 FrameBuffer.cpp:3790] Failed to find ColorBuffer:1890
E0414 17:03:48.648011 fd83000 FrameBuffer.cpp:3790] Failed to find ColorBuffer:1880
E0414 17:03:48.648014 fd83000 FrameBuffer.cpp:3790] Failed to find ColorBuffer:1891
E0414 17:03:48.648031 fd83000 FrameBuffer.cpp:3790] Failed to find ColorBuffer:1892
E0414 17:03:48.648035 fd83000 FrameBuffer.cpp:3790] Failed to find ColorBuffer:1893
E0414 17:03:48.648039 fd83000 FrameBuffer.cpp:3790] Failed to find ColorBuffer:1894
E0414 17:03:48.648042 fd83000 FrameBuffer.cpp:3790] Failed to find ColorBuffer:1881
E0414 17:03:48.648046 fd83000 FrameBuffer.cpp:3790] Failed to find ColorBuffer:1882
E0414 17:03:48.648050 fd83000 FrameBuffer.cpp:3790] Failed to find ColorBuffer:1883
E0414 17:03:48.648054 fd83000 FrameBuffer.cpp:3790] Failed to find ColorBuffer:1884
E0414 17:03:48.648057 fd83000 FrameBuffer.cpp:3790] Failed to find ColorBuffer:1895
E0414 17:03:48.648061 fd83000 FrameBuffer.cpp:3790] Failed to find ColorBuffer:1896
E0414 17:03:48.648065 fd83000 FrameBuffer.cpp:3790] Failed to find ColorBuffer:1897
E0414 17:03:48.648068 fd83000 FrameBuffer.cpp:3790] Failed to find ColorBuffer:1885
E0414 17:03:48.648072 fd83000 FrameBuffer.cpp:3790] Failed to find ColorBuffer:1886
E0414 17:03:48.648076 fd83000 FrameBuffer.cpp:3790] Failed to find ColorBuffer:1879
E0414 17:03:48.648079 fd83000 FrameBuffer.cpp:3790] Failed to find ColorBuffer:1887
E0414 17:03:48.648083 fd83000 FrameBuffer.cpp:3790] Failed to find ColorBuffer:1888
E0414 17:03:48.648086 fd83000 FrameBuffer.cpp:3790] Failed to find ColorBuffer:1889
E0414 17:03:48.648090 fd83000 FrameBuffer.cpp:3790] Failed to find ColorBuffer:1890
E0414 17:03:48.648094 fd83000 FrameBuffer.cpp:3790] Failed to find ColorBuffer:1880
E0414 17:03:48.648097 fd83000 FrameBuffer.cpp:3790] Failed to find ColorBuffer:1891
E0414 17:03:48.648101 fd83000 FrameBuffer.cpp:3790] Failed to find ColorBuffer:1892
E0414 17:03:48.648105 fd83000 FrameBuffer.cpp:3790] Failed to find ColorBuffer:1893
E0414 17:03:48.648109 fd83000 FrameBuffer.cpp:3790] Failed to find ColorBuffer:1894
E0414 17:03:48.648112 fd83000 FrameBuffer.cpp:3790] Failed to find ColorBuffer:1881
E0414 17:03:48.648116 fd83000 FrameBuffer.cpp:3790] Failed to find ColorBuffer:1882
E0414 17:03:48.648119 fd83000 FrameBuffer.cpp:3790] Failed to find ColorBuffer:1883
E0414 17:03:48.648123 fd83000 FrameBuffer.cpp:3790] Failed to find ColorBuffer:1884
E0414 17:03:48.648127 fd83000 FrameBuffer.cpp:3790] Failed to find ColorBuffer:1895
E0414 17:03:48.648130 fd83000 FrameBuffer.cpp:3790] Failed to find ColorBuffer:1896
E0414 17:03:48.648134 fd83000 FrameBuffer.cpp:3790] Failed to find ColorBuffer:1897
E0414 17:03:48.648138 fd83000 FrameBuffer.cpp:3790] Failed to find ColorBuffer:1885
E0414 17:03:48.648142 fd83000 FrameBuffer.cpp:3790] Failed to find ColorBuffer:1886
E0414 17:03:48.648145 fd83000 FrameBuffer.cpp:3790] Failed to find ColorBuffer:1879
E0414 17:03:48.648149 fd83000 FrameBuffer.cpp:3790] Failed to find ColorBuffer:1887
E0414 17:03:48.648153 fd83000 FrameBuffer.cpp:3790] Failed to find ColorBuffer:1888
E0414 17:03:48.648157 fd83000 FrameBuffer.cpp:3790] Failed to find ColorBuffer:1889
E0414 17:03:48.648160 fd83000 FrameBuffer.cpp:3790] Failed to find ColorBuffer:1890
E0414 17:03:48.648164 fd83000 FrameBuffer.cpp:3790] Failed to find ColorBuffer:1880
E0414 17:03:48.648168 fd83000 FrameBuffer.cpp:3790] Failed to find ColorBuffer:1891
E0414 17:03:48.648172 fd83000 FrameBuffer.cpp:3790] Failed to find ColorBuffer:1892
E0414 17:03:48.648175 fd83000 FrameBuffer.cpp:3790] Failed to find ColorBuffer:1893
E0414 17:03:48.648179 fd83000 FrameBuffer.cpp:3790] Failed to find ColorBuffer:1894
E0414 17:03:48.648183 fd83000 FrameBuffer.cpp:3790] Failed to find ColorBuffer:1881
E0414 17:03:48.648186 fd83000 FrameBuffer.cpp:3790] Failed to find ColorBuffer:1882
E0414 17:03:48.648190 fd83000 FrameBuffer.cpp:3790] Failed to find ColorBuffer:1883
E0414 17:03:48.648194 fd83000 FrameBuffer.cpp:3790] Failed to find ColorBuffer:1884
E0414 17:03:48.648197 fd83000 FrameBuffer.cpp:3790] Failed to find ColorBuffer:1895
E0414 17:03:48.648201 fd83000 FrameBuffer.cpp:3790] Failed to find ColorBuffer:1896
E0414 17:03:48.648205 fd83000 FrameBuffer.cpp:3790] Failed to find ColorBuffer:1897
E0414 17:03:48.648208 fd83000 FrameBuffer.cpp:3790] Failed to find ColorBuffer:1885
E0414 17:03:48.648222 fd83000 FrameBuffer.cpp:3790] Failed to find ColorBuffer:1886
E0414 17:03:48.648226 fd83000 FrameBuffer.cpp:3790] Failed to find ColorBuffer:1879
E0414 17:03:48.648229 fd83000 FrameBuffer.cpp:3790] Failed to find ColorBuffer:1887
E0414 17:03:48.648233 fd83000 FrameBuffer.cpp:3790] Failed to find ColorBuffer:1888
E0414 17:03:48.648237 fd83000 FrameBuffer.cpp:3790] Failed to find ColorBuffer:1889
E0414 17:03:48.648241 fd83000 FrameBuffer.cpp:3790] Failed to find ColorBuffer:1890
E0414 17:03:48.648244 fd83000 FrameBuffer.cpp:3790] Failed to find ColorBuffer:1880
E0414 17:03:48.648248 fd83000 FrameBuffer.cpp:3790] Failed to find ColorBuffer:1891
E0414 17:03:48.648252 fd83000 FrameBuffer.cpp:3790] Failed to find ColorBuffer:1892
E0414 17:03:48.648255 fd83000 FrameBuffer.cpp:3790] Failed to find ColorBuffer:1893
E0414 17:03:48.648259 fd83000 FrameBuffer.cpp:3790] Failed to find ColorBuffer:1894
E0414 17:03:48.648263 fd83000 FrameBuffer.cpp:3790] Failed to find ColorBuffer:1881
E0414 17:03:48.648266 fd83000 FrameBuffer.cpp:3790] Failed to find ColorBuffer:1882
E0414 17:03:48.648270 fd83000 FrameBuffer.cpp:3790] Failed to find ColorBuffer:1883
E0414 17:03:48.648274 fd83000 FrameBuffer.cpp:3790] Failed to find ColorBuffer:1884
E0414 17:03:48.648277 fd83000 FrameBuffer.cpp:3790] Failed to find ColorBuffer:1895
E0414 17:03:48.648281 fd83000 FrameBuffer.cpp:3790] Failed to find ColorBuffer:1896
E0414 17:03:48.648284 fd83000 FrameBuffer.cpp:3790] Failed to find ColorBuffer:1897
E0414 17:03:48.648288 fd83000 FrameBuffer.cpp:3790] Failed to find ColorBuffer:1885
E0414 17:03:48.648292 fd83000 FrameBuffer.cpp:3790] Failed to find ColorBuffer:1886
E0414 17:03:48.648295 fd83000 FrameBuffer.cpp:3790] Failed to find ColorBuffer:1879
E0414 17:03:48.648299 fd83000 FrameBuffer.cpp:3790] Failed to find ColorBuffer:1887
E0414 17:03:48.648303 fd83000 FrameBuffer.cpp:3790] Failed to find ColorBuffer:1888
E0414 17:03:48.648306 fd83000 FrameBuffer.cpp:3790] Failed to find ColorBuffer:1889
E0414 17:03:48.648310 fd83000 FrameBuffer.cpp:3790] Failed to find ColorBuffer:1890
E0414 17:03:48.648314 fd83000 FrameBuffer.cpp:3790] Failed to find ColorBuffer:1880
E0414 17:03:48.648317 fd83000 FrameBuffer.cpp:3790] Failed to find ColorBuffer:1891
E0414 17:03:48.648321 fd83000 FrameBuffer.cpp:3790] Failed to find ColorBuffer:1892
E0414 17:03:48.648324 fd83000 FrameBuffer.cpp:3790] Failed to find ColorBuffer:1893
E0414 17:03:48.648328 fd83000 FrameBuffer.cpp:3790] Failed to find ColorBuffer:1894
E0414 17:03:48.648332 fd83000 FrameBuffer.cpp:3790] Failed to find ColorBuffer:1881
E0414 17:03:48.648335 fd83000 FrameBuffer.cpp:3790] Failed to find ColorBuffer:1882
E0414 17:03:48.648339 fd83000 FrameBuffer.cpp:3790] Failed to find ColorBuffer:1883
E0414 17:03:48.648343 fd83000 FrameBuffer.cpp:3790] Failed to find ColorBuffer:1884
E0414 17:03:48.648346 fd83000 FrameBuffer.cpp:3790] Failed to find ColorBuffer:1895
E0414 17:03:48.648350 fd83000 FrameBuffer.cpp:3790] Failed to find ColorBuffer:1896
E0414 17:03:48.648353 fd83000 FrameBuffer.cpp:3790] Failed to find ColorBuffer:1897
E0414 17:03:48.648357 fd83000 FrameBuffer.cpp:3790] Failed to find ColorBuffer:1885
E0414 17:03:48.648361 fd83000 FrameBuffer.cpp:3790] Failed to find ColorBuffer:1886
E0414 17:03:48.648364 fd83000 FrameBuffer.cpp:3790] Failed to find ColorBuffer:1879
E0414 17:03:48.648368 fd83000 FrameBuffer.cpp:3790] Failed to find ColorBuffer:1887
E0414 17:03:48.648372 fd83000 FrameBuffer.cpp:3790] Failed to find ColorBuffer:1888
E0414 17:03:48.648376 fd83000 FrameBuffer.cpp:3790] Failed to find ColorBuffer:1889
E0414 17:03:48.648380 fd83000 FrameBuffer.cpp:3790] Failed to find ColorBuffer:1890
E0414 17:03:48.648505 fd83000 FrameBuffer.cpp:3790] Failed to find ColorBuffer:1880
E0414 17:03:48.648516 fd83000 FrameBuffer.cpp:3790] Failed to find ColorBuffer:1891
E0414 17:03:48.648522 fd83000 FrameBuffer.cpp:3790] Failed to find ColorBuffer:1892
E0414 17:03:48.648528 fd83000 FrameBuffer.cpp:3790] Failed to find ColorBuffer:1893
E0414 17:03:48.648551 fd83000 FrameBuffer.cpp:3790] Failed to find ColorBuffer:1894
E0414 17:03:48.648556 fd83000 FrameBuffer.cpp:3790] Failed to find ColorBuffer:1881
E0414 17:03:48.648562 fd83000 FrameBuffer.cpp:3790] Failed to find ColorBuffer:1882
E0414 17:03:48.648567 fd83000 FrameBuffer.cpp:3790] Failed to find ColorBuffer:1883
E0414 17:03:48.648572 fd83000 FrameBuffer.cpp:3790] Failed to find ColorBuffer:1884
E0414 17:03:48.648577 fd83000 FrameBuffer.cpp:3790] Failed to find ColorBuffer:1895
E0414 17:03:48.648582 fd83000 FrameBuffer.cpp:3790] Failed to find ColorBuffer:1896
E0414 17:03:48.648810 fd83000 FrameBuffer.cpp:3790] Failed to find ColorBuffer:1897
E0414 17:03:48.648864 fd83000 FrameBuffer.cpp:3790] Failed to find ColorBuffer:1885
E0414 17:03:48.648885 fd83000 FrameBuffer.cpp:3790] Failed to find ColorBuffer:1886
E0414 17:03:48.648903 fd83000 FrameBuffer.cpp:3790] Failed to find ColorBuffer:1879
E0414 17:03:48.648921 fd83000 FrameBuffer.cpp:3790] Failed to find ColorBuffer:1887
E0414 17:03:48.648939 fd83000 FrameBuffer.cpp:3790] Failed to find ColorBuffer:1888
E0414 17:03:48.648958 fd83000 FrameBuffer.cpp:3790] Failed to find ColorBuffer:1889
E0414 17:03:48.648975 fd83000 FrameBuffer.cpp:3790] Failed to find ColorBuffer:1890
E0414 17:03:48.648993 fd83000 FrameBuffer.cpp:3790] Failed to find ColorBuffer:1880
E0414 17:03:48.649010 fd83000 FrameBuffer.cpp:3790] Failed to find ColorBuffer:1891
E0414 17:03:48.649028 fd83000 FrameBuffer.cpp:3790] Failed to find ColorBuffer:1892
E0414 17:03:48.649047 fd83000 FrameBuffer.cpp:3790] Failed to find ColorBuffer:1893
E0414 17:03:48.649064 fd83000 FrameBuffer.cpp:3790] Failed to find ColorBuffer:1894
E0414 17:03:48.649081 fd83000 FrameBuffer.cpp:3790] Failed to find ColorBuffer:1881
E0414 17:03:48.649120 fd83000 FrameBuffer.cpp:3790] Failed to find ColorBuffer:1882
E0414 17:03:48.649135 fd83000 FrameBuffer.cpp:3790] Failed to find ColorBuffer:1883
E0414 17:03:48.649141 fd83000 FrameBuffer.cpp:3790] Failed to find ColorBuffer:1884
E0414 17:03:48.649146 fd83000 FrameBuffer.cpp:3790] Failed to find ColorBuffer:1895
E0414 17:03:48.649170 fd83000 FrameBuffer.cpp:3790] Failed to find ColorBuffer:1896
E0414 17:03:48.649209 fd83000 FrameBuffer.cpp:3790] Failed to find ColorBuffer:1897
E0414 17:03:48.649238 fd83000 FrameBuffer.cpp:3790] Failed to find ColorBuffer:1885
E0414 17:03:48.649255 fd83000 FrameBuffer.cpp:3790] Failed to find ColorBuffer:1886
E0414 17:03:48.649269 fd83000 FrameBuffer.cpp:3790] Failed to find ColorBuffer:1879
E0414 17:03:48.649282 fd83000 FrameBuffer.cpp:3790] Failed to find ColorBuffer:1887
E0414 17:03:48.649296 fd83000 FrameBuffer.cpp:3790] Failed to find ColorBuffer:1888
E0414 17:03:48.649309 fd83000 FrameBuffer.cpp:3790] Failed to find ColorBuffer:1889
E0414 17:03:48.649322 fd83000 FrameBuffer.cpp:3790] Failed to find ColorBuffer:1890
E0414 17:03:48.649335 fd83000 FrameBuffer.cpp:3790] Failed to find ColorBuffer:1880
E0414 17:03:48.649348 fd83000 FrameBuffer.cpp:3790] Failed to find ColorBuffer:1891
E0414 17:03:48.649361 fd83000 FrameBuffer.cpp:3790] Failed to find ColorBuffer:1892
E0414 17:03:48.649374 fd83000 FrameBuffer.cpp:3790] Failed to find ColorBuffer:1881
E0414 17:03:48.649388 fd83000 FrameBuffer.cpp:3790] Failed to find ColorBuffer:1882
E0414 17:03:48.649403 fd83000 FrameBuffer.cpp:3790] Failed to find ColorBuffer:1883
E0414 17:03:48.649416 fd83000 FrameBuffer.cpp:3790] Failed to find ColorBuffer:1884
E0414 17:03:48.649438 fd83000 FrameBuffer.cpp:3790] Failed to find ColorBuffer:1895
E0414 17:03:48.649461 fd83000 FrameBuffer.cpp:3790] Failed to find ColorBuffer:1896
E0414 17:03:48.649545 fd83000 FrameBuffer.cpp:3790] Failed to find ColorBuffer:1897
E0414 17:03:48.649560 fd83000 FrameBuffer.cpp:3790] Failed to find ColorBuffer:1885
E0414 17:03:48.649942 fd83000 FrameBuffer.cpp:3790] Failed to find ColorBuffer:1875
E0414 17:03:48.649970 fd83000 FrameBuffer.cpp:3790] Failed to find ColorBuffer:1886
E0414 17:03:48.650023 fd83000 FrameBuffer.cpp:3790] Failed to find ColorBuffer:1879
E0414 17:03:48.650051 fd83000 FrameBuffer.cpp:3790] Failed to find ColorBuffer:1887
E0414 17:03:48.650168 fd83000 FrameBuffer.cpp:3790] Failed to find ColorBuffer:1888
E0414 17:03:48.650188 fd83000 FrameBuffer.cpp:3790] Failed to find ColorBuffer:1889
E0414 17:03:48.650193 fd83000 FrameBuffer.cpp:3790] Failed to find ColorBuffer:1890
E0414 17:03:48.650197 fd83000 FrameBuffer.cpp:3790] Failed to find ColorBuffer:1880
E0414 17:03:48.650202 fd83000 FrameBuffer.cpp:3790] Failed to find ColorBuffer:1891
E0414 17:03:48.650206 fd83000 FrameBuffer.cpp:3790] Failed to find ColorBuffer:1893
E0414 17:03:48.650210 fd83000 FrameBuffer.cpp:3790] Failed to find ColorBuffer:1894
E0414 17:03:48.650215 fd83000 FrameBuffer.cpp:3790] Failed to find ColorBuffer:1892
E0414 17:03:48.650219 fd83000 FrameBuffer.cpp:3790] Failed to find ColorBuffer:1881
E0414 17:03:48.650224 fd83000 FrameBuffer.cpp:3790] Failed to find ColorBuffer:1882
E0414 17:03:48.650229 fd83000 FrameBuffer.cpp:3790] Failed to find ColorBuffer:1883
E0414 17:03:48.650233 fd83000 FrameBuffer.cpp:3790] Failed to find ColorBuffer:1884
E0414 17:03:48.650237 fd83000 FrameBuffer.cpp:3790] Failed to find ColorBuffer:1895
E0414 17:03:48.650241 fd83000 FrameBuffer.cpp:3790] Failed to find ColorBuffer:1896
E0414 17:03:48.650245 fd83000 FrameBuffer.cpp:3790] Failed to find ColorBuffer:1897
E0414 17:03:48.650249 fd83000 FrameBuffer.cpp:3790] Failed to find ColorBuffer:1885
E0414 17:03:48.650254 fd83000 FrameBuffer.cpp:3790] Failed to find ColorBuffer:1886
E0414 17:03:48.650258 fd83000 FrameBuffer.cpp:3790] Failed to find ColorBuffer:1879
E0414 17:03:48.650262 fd83000 FrameBuffer.cpp:3790] Failed to find ColorBuffer:1887
E0414 17:03:48.650266 fd83000 FrameBuffer.cpp:3790] Failed to find ColorBuffer:1888
E0414 17:03:48.650270 fd83000 FrameBuffer.cpp:3790] Failed to find ColorBuffer:1889
E0414 17:03:48.650274 fd83000 FrameBuffer.cpp:3790] Failed to find ColorBuffer:1890
E0414 17:03:48.650278 fd83000 FrameBuffer.cpp:3790] Failed to find ColorBuffer:1880
E0414 17:03:48.650282 fd83000 FrameBuffer.cpp:3790] Failed to find ColorBuffer:1891
E0414 17:03:48.650286 fd83000 FrameBuffer.cpp:3790] Failed to find ColorBuffer:1893
E0414 17:03:48.650289 fd83000 FrameBuffer.cpp:3790] Failed to find ColorBuffer:1894
E0414 17:03:48.650293 fd83000 FrameBuffer.cpp:3790] Failed to find ColorBuffer:1892
E0414 17:03:48.650297 fd83000 FrameBuffer.cpp:3790] Failed to find ColorBuffer:1881
E0414 17:03:48.650301 fd83000 FrameBuffer.cpp:3790] Failed to find ColorBuffer:1882
E0414 17:03:48.650305 fd83000 FrameBuffer.cpp:3790] Failed to find ColorBuffer:1883
E0414 17:03:48.650309 fd83000 FrameBuffer.cpp:3790] Failed to find ColorBuffer:1884
E0414 17:03:48.650313 fd83000 FrameBuffer.cpp:3790] Failed to find ColorBuffer:1895
E0414 17:03:48.650317 fd83000 FrameBuffer.cpp:3790] Failed to find ColorBuffer:1896
E0414 17:03:48.650321 fd83000 FrameBuffer.cpp:3790] Failed to find ColorBuffer:1897
E0414 17:03:48.650324 fd83000 FrameBuffer.cpp:3790] Failed to find ColorBuffer:1885
E0414 17:03:48.650379 fd83000 FrameBuffer.cpp:3790] Failed to find ColorBuffer:1886
E0414 17:03:48.650391 fd83000 FrameBuffer.cpp:3790] Failed to find ColorBuffer:1879
E0414 17:03:48.650409 fd83000 FrameBuffer.cpp:3790] Failed to find ColorBuffer:1887
E0414 17:03:48.650417 fd83000 FrameBuffer.cpp:3790] Failed to find ColorBuffer:1888
E0414 17:03:48.650422 fd83000 FrameBuffer.cpp:3790] Failed to find ColorBuffer:1889
E0414 17:03:48.650427 fd83000 FrameBuffer.cpp:3790] Failed to find ColorBuffer:1890
E0414 17:03:48.650431 fd83000 FrameBuffer.cpp:3790] Failed to find ColorBuffer:1880
E0414 17:03:48.650436 fd83000 FrameBuffer.cpp:3790] Failed to find ColorBuffer:1891
E0414 17:03:48.650440 fd83000 FrameBuffer.cpp:3790] Failed to find ColorBuffer:1893
E0414 17:03:48.650444 fd83000 FrameBuffer.cpp:3790] Failed to find ColorBuffer:1894
E0414 17:03:48.650448 fd83000 FrameBuffer.cpp:3790] Failed to find ColorBuffer:1892
E0414 17:03:48.650452 fd83000 FrameBuffer.cpp:3790] Failed to find ColorBuffer:1881
E0414 17:03:48.650456 fd83000 FrameBuffer.cpp:3790] Failed to find ColorBuffer:1882
E0414 17:03:48.650460 fd83000 FrameBuffer.cpp:3790] Failed to find ColorBuffer:1883
E0414 17:03:48.650503 fd83000 FrameBuffer.cpp:3790] Failed to find ColorBuffer:1884
E0414 17:03:48.650513 fd83000 FrameBuffer.cpp:3790] Failed to find ColorBuffer:1895
E0414 17:03:48.650518 fd83000 FrameBuffer.cpp:3790] Failed to find ColorBuffer:1896
E0414 17:03:48.650523 fd83000 FrameBuffer.cpp:3790] Failed to find ColorBuffer:1897
E0414 17:03:48.650527 fd83000 FrameBuffer.cpp:3790] Failed to find ColorBuffer:1885
E0414 17:03:48.650531 fd83000 FrameBuffer.cpp:3790] Failed to find ColorBuffer:1886
E0414 17:03:48.650535 fd83000 FrameBuffer.cpp:3790] Failed to find ColorBuffer:1879
E0414 17:03:48.650539 fd83000 FrameBuffer.cpp:3790] Failed to find ColorBuffer:1887
E0414 17:03:48.650543 fd83000 FrameBuffer.cpp:3790] Failed to find ColorBuffer:1888
E0414 17:03:48.650547 fd83000 FrameBuffer.cpp:3790] Failed to find ColorBuffer:1889
E0414 17:03:48.650551 fd83000 FrameBuffer.cpp:3790] Failed to find ColorBuffer:1890
E0414 17:03:48.650555 fd83000 FrameBuffer.cpp:3790] Failed to find ColorBuffer:1880
E0414 17:03:48.650560 fd83000 FrameBuffer.cpp:3790] Failed to find ColorBuffer:1891
E0414 17:03:48.650564 fd83000 FrameBuffer.cpp:3790] Failed to find ColorBuffer:1893
E0414 17:03:48.650568 fd83000 FrameBuffer.cpp:3790] Failed to find ColorBuffer:1894
E0414 17:03:48.650572 fd83000 FrameBuffer.cpp:3790] Failed to find ColorBuffer:1892
E0414 17:03:48.650575 fd83000 FrameBuffer.cpp:3790] Failed to find ColorBuffer:1881
E0414 17:03:48.650580 fd83000 FrameBuffer.cpp:3790] Failed to find ColorBuffer:1882
E0414 17:03:48.650584 fd83000 FrameBuffer.cpp:3790] Failed to find ColorBuffer:1883
E0414 17:03:48.650588 fd83000 FrameBuffer.cpp:3790] Failed to find ColorBuffer:1884
E0414 17:03:48.650592 fd83000 FrameBuffer.cpp:3790] Failed to find ColorBuffer:1895
E0414 17:03:48.650595 fd83000 FrameBuffer.cpp:3790] Failed to find ColorBuffer:1896
E0414 17:03:48.650599 fd83000 FrameBuffer.cpp:3790] Failed to find ColorBuffer:1897
E0414 17:03:48.650603 fd83000 FrameBuffer.cpp:3790] Failed to find ColorBuffer:1885
E0414 17:03:48.650607 fd83000 FrameBuffer.cpp:3790] Failed to find ColorBuffer:1886
E0414 17:03:48.650611 fd83000 FrameBuffer.cpp:3790] Failed to find ColorBuffer:1879
E0414 17:03:48.650615 fd83000 FrameBuffer.cpp:3790] Failed to find ColorBuffer:1887
E0414 17:03:48.650619 fd83000 FrameBuffer.cpp:3790] Failed to find ColorBuffer:1888
E0414 17:03:48.650623 fd83000 FrameBuffer.cpp:3790] Failed to find ColorBuffer:1889
E0414 17:03:48.650626 fd83000 FrameBuffer.cpp:3790] Failed to find ColorBuffer:1890
E0414 17:03:48.650641 fd83000 FrameBuffer.cpp:3790] Failed to find ColorBuffer:1880
E0414 17:03:48.650650 fd83000 FrameBuffer.cpp:3790] Failed to find ColorBuffer:1891
E0414 17:03:48.650654 fd83000 FrameBuffer.cpp:3790] Failed to find ColorBuffer:1893
E0414 17:03:48.650659 fd83000 FrameBuffer.cpp:3790] Failed to find ColorBuffer:1894
E0414 17:03:48.650663 fd83000 FrameBuffer.cpp:3790] Failed to find ColorBuffer:1892
E0414 17:03:48.650667 fd83000 FrameBuffer.cpp:3790] Failed to find ColorBuffer:1881
E0414 17:03:48.650671 fd83000 FrameBuffer.cpp:3790] Failed to find ColorBuffer:1882
E0414 17:03:48.650691 fd83000 FrameBuffer.cpp:3790] Failed to find ColorBuffer:1883
E0414 17:03:48.650725 fd83000 FrameBuffer.cpp:3790] Failed to find ColorBuffer:1884
E0414 17:03:48.650744 fd83000 FrameBuffer.cpp:3790] Failed to find ColorBuffer:1895
E0414 17:03:48.650760 fd83000 FrameBuffer.cpp:3790] Failed to find ColorBuffer:1896
E0414 17:03:48.650775 fd83000 FrameBuffer.cpp:3790] Failed to find ColorBuffer:1897
E0414 17:03:48.650790 fd83000 FrameBuffer.cpp:3790] Failed to find ColorBuffer:1885
E0414 17:03:48.650804 fd83000 FrameBuffer.cpp:3790] Failed to find ColorBuffer:1886
E0414 17:03:48.650818 fd83000 FrameBuffer.cpp:3790] Failed to find ColorBuffer:1879
E0414 17:03:48.650832 fd83000 FrameBuffer.cpp:3790] Failed to find ColorBuffer:1887
E0414 17:03:48.650846 fd83000 FrameBuffer.cpp:3790] Failed to find ColorBuffer:1888
E0414 17:03:48.650860 fd83000 FrameBuffer.cpp:3790] Failed to find ColorBuffer:1889
E0414 17:03:48.650874 fd83000 FrameBuffer.cpp:3790] Failed to find ColorBuffer:1890
E0414 17:03:48.650991 fd83000 FrameBuffer.cpp:3790] Failed to find ColorBuffer:1880
E0414 17:03:48.651017 fd83000 FrameBuffer.cpp:3790] Failed to find ColorBuffer:1891
E0414 17:03:48.651025 fd83000 FrameBuffer.cpp:3790] Failed to find ColorBuffer:1893
E0414 17:03:48.651029 fd83000 FrameBuffer.cpp:3790] Failed to find ColorBuffer:1894
E0414 17:03:48.651034 fd83000 FrameBuffer.cpp:3790] Failed to find ColorBuffer:1892
E0414 17:03:48.651038 fd83000 FrameBuffer.cpp:3790] Failed to find ColorBuffer:1881
E0414 17:03:48.651042 fd83000 FrameBuffer.cpp:3790] Failed to find ColorBuffer:1882
E0414 17:03:48.651046 fd83000 FrameBuffer.cpp:3790] Failed to find ColorBuffer:1883
E0414 17:03:48.651049 fd83000 FrameBuffer.cpp:3790] Failed to find ColorBuffer:1884
E0414 17:03:48.651068 fd83000 FrameBuffer.cpp:3790] Failed to find ColorBuffer:1895
E0414 17:03:48.651072 fd83000 FrameBuffer.cpp:3790] Failed to find ColorBuffer:1896
E0414 17:03:48.651076 fd83000 FrameBuffer.cpp:3790] Failed to find ColorBuffer:1897
E0414 17:03:48.651080 fd83000 FrameBuffer.cpp:3790] Failed to find ColorBuffer:1885
E0414 17:03:48.651083 fd83000 FrameBuffer.cpp:3790] Failed to find ColorBuffer:1886
E0414 17:03:48.651087 fd83000 FrameBuffer.cpp:3790] Failed to find ColorBuffer:1879
E0414 17:03:48.651091 fd83000 FrameBuffer.cpp:3790] Failed to find ColorBuffer:1887
E0414 17:03:48.651101 fd83000 FrameBuffer.cpp:3790] Failed to find ColorBuffer:1888
E0414 17:03:48.651113 fd83000 FrameBuffer.cpp:3790] Failed to find ColorBuffer:1889
E0414 17:03:48.651132 fd83000 FrameBuffer.cpp:3790] Failed to find ColorBuffer:1890
E0414 17:03:48.651137 fd83000 FrameBuffer.cpp:3790] Failed to find ColorBuffer:1880
E0414 17:03:48.651201 fd83000 FrameBuffer.cpp:3790] Failed to find ColorBuffer:1891
E0414 17:03:48.651207 fd83000 FrameBuffer.cpp:3790] Failed to find ColorBuffer:1893
E0414 17:03:48.651212 fd83000 FrameBuffer.cpp:3790] Failed to find ColorBuffer:1894
E0414 17:03:48.651220 fd83000 FrameBuffer.cpp:3790] Failed to find ColorBuffer:1892
E0414 17:03:48.651226 fd83000 FrameBuffer.cpp:3790] Failed to find ColorBuffer:1881
E0414 17:03:48.651230 fd83000 FrameBuffer.cpp:3790] Failed to find ColorBuffer:1882
E0414 17:03:48.651235 fd83000 FrameBuffer.cpp:3790] Failed to find ColorBuffer:1883
E0414 17:03:48.651240 fd83000 FrameBuffer.cpp:3790] Failed to find ColorBuffer:1884
E0414 17:03:48.651245 fd83000 FrameBuffer.cpp:3790] Failed to find ColorBuffer:1895
E0414 17:03:48.651250 fd83000 FrameBuffer.cpp:3790] Failed to find ColorBuffer:1896
E0414 17:03:48.651255 fd83000 FrameBuffer.cpp:3790] Failed to find ColorBuffer:1897
E0414 17:03:48.651260 fd83000 FrameBuffer.cpp:3790] Failed to find ColorBuffer:1885
E0414 17:03:48.651265 fd83000 FrameBuffer.cpp:3790] Failed to find ColorBuffer:1886
E0414 17:03:48.651270 fd83000 FrameBuffer.cpp:3790] Failed to find ColorBuffer:1879
E0414 17:03:48.651274 fd83000 FrameBuffer.cpp:3790] Failed to find ColorBuffer:1887
E0414 17:03:48.651279 fd83000 FrameBuffer.cpp:3790] Failed to find ColorBuffer:1888
E0414 17:03:48.651284 fd83000 FrameBuffer.cpp:3790] Failed to find ColorBuffer:1889
E0414 17:03:48.651289 fd83000 FrameBuffer.cpp:3790] Failed to find ColorBuffer:1890
E0414 17:03:48.651294 fd83000 FrameBuffer.cpp:3790] Failed to find ColorBuffer:1880
E0414 17:03:48.651299 fd83000 FrameBuffer.cpp:3790] Failed to find ColorBuffer:1891
E0414 17:03:48.651303 fd83000 FrameBuffer.cpp:3790] Failed to find ColorBuffer:1893
E0414 17:03:48.651308 fd83000 FrameBuffer.cpp:3790] Failed to find ColorBuffer:1894
E0414 17:03:48.651313 fd83000 FrameBuffer.cpp:3790] Failed to find ColorBuffer:1892
E0414 17:03:48.651317 fd83000 FrameBuffer.cpp:3790] Failed to find ColorBuffer:1881
E0414 17:03:48.651322 fd83000 FrameBuffer.cpp:3790] Failed to find ColorBuffer:1882
E0414 17:03:48.651327 fd83000 FrameBuffer.cpp:3790] Failed to find ColorBuffer:1883
E0414 17:03:48.651332 fd83000 FrameBuffer.cpp:3790] Failed to find ColorBuffer:1884
E0414 17:03:48.651337 fd83000 FrameBuffer.cpp:3790] Failed to find ColorBuffer:1895
E0414 17:03:48.651341 fd83000 FrameBuffer.cpp:3790] Failed to find ColorBuffer:1896
E0414 17:03:48.651361 fd83000 FrameBuffer.cpp:3790] Failed to find ColorBuffer:1897
E0414 17:03:48.651366 fd83000 FrameBuffer.cpp:3790] Failed to find ColorBuffer:1885
E0414 17:03:48.651371 fd83000 FrameBuffer.cpp:3790] Failed to find ColorBuffer:1886
E0414 17:03:48.651376 fd83000 FrameBuffer.cpp:3790] Failed to find ColorBuffer:1879
E0414 17:03:48.651380 fd83000 FrameBuffer.cpp:3790] Failed to find ColorBuffer:1887
E0414 17:03:48.651383 fd83000 FrameBuffer.cpp:3790] Failed to find ColorBuffer:1888
E0414 17:03:48.651387 fd83000 FrameBuffer.cpp:3790] Failed to find ColorBuffer:1889
E0414 17:03:48.651391 fd83000 FrameBuffer.cpp:3790] Failed to find ColorBuffer:1890
E0414 17:03:48.651395 fd83000 FrameBuffer.cpp:3790] Failed to find ColorBuffer:1880
E0414 17:03:48.651399 fd83000 FrameBuffer.cpp:3790] Failed to find ColorBuffer:1891
E0414 17:03:48.651403 fd83000 FrameBuffer.cpp:3790] Failed to find ColorBuffer:1893
E0414 17:03:48.651407 fd83000 FrameBuffer.cpp:3790] Failed to find ColorBuffer:1894
E0414 17:03:48.651411 fd83000 FrameBuffer.cpp:3790] Failed to find ColorBuffer:1892
E0414 17:03:48.651415 fd83000 FrameBuffer.cpp:3790] Failed to find ColorBuffer:1881
E0414 17:03:48.651419 fd83000 FrameBuffer.cpp:3790] Failed to find ColorBuffer:1882
E0414 17:03:48.651423 fd83000 FrameBuffer.cpp:3790] Failed to find ColorBuffer:1883
E0414 17:03:48.651427 fd83000 FrameBuffer.cpp:3790] Failed to find ColorBuffer:1884
E0414 17:03:48.651430 fd83000 FrameBuffer.cpp:3790] Failed to find ColorBuffer:1895
E0414 17:03:48.651434 fd83000 FrameBuffer.cpp:3790] Failed to find ColorBuffer:1896
E0414 17:03:48.651438 fd83000 FrameBuffer.cpp:3790] Failed to find ColorBuffer:1897
E0414 17:03:48.651441 fd83000 FrameBuffer.cpp:3790] Failed to find ColorBuffer:1885
E0414 17:03:48.651445 fd83000 FrameBuffer.cpp:3790] Failed to find ColorBuffer:1886
E0414 17:03:48.651449 fd83000 FrameBuffer.cpp:3790] Failed to find ColorBuffer:1879
E0414 17:03:48.651452 fd83000 FrameBuffer.cpp:3790] Failed to find ColorBuffer:1887
E0414 17:03:48.651456 fd83000 FrameBuffer.cpp:3790] Failed to find ColorBuffer:1888
E0414 17:03:48.651460 fd83000 FrameBuffer.cpp:3790] Failed to find ColorBuffer:1889
E0414 17:03:48.651464 fd83000 FrameBuffer.cpp:3790] Failed to find ColorBuffer:1890
E0414 17:03:48.651467 fd83000 FrameBuffer.cpp:3790] Failed to find ColorBuffer:1880
E0414 17:03:48.651471 fd83000 FrameBuffer.cpp:3790] Failed to find ColorBuffer:1891
E0414 17:03:48.651475 fd83000 FrameBuffer.cpp:3790] Failed to find ColorBuffer:1893
E0414 17:03:48.651570 fd83000 FrameBuffer.cpp:3790] Failed to find ColorBuffer:1894
E0414 17:03:48.651596 fd83000 FrameBuffer.cpp:3790] Failed to find ColorBuffer:1892
E0414 17:03:48.651611 fd83000 FrameBuffer.cpp:3790] Failed to find ColorBuffer:1881
E0414 17:03:48.651626 fd83000 FrameBuffer.cpp:3790] Failed to find ColorBuffer:1882
E0414 17:03:48.651641 fd83000 FrameBuffer.cpp:3790] Failed to find ColorBuffer:1883
E0414 17:03:48.651655 fd83000 FrameBuffer.cpp:3790] Failed to find ColorBuffer:1884
E0414 17:03:48.651669 fd83000 FrameBuffer.cpp:3790] Failed to find ColorBuffer:1895
E0414 17:03:48.651682 fd83000 FrameBuffer.cpp:3790] Failed to find ColorBuffer:1896
E0414 17:03:48.651696 fd83000 FrameBuffer.cpp:3790] Failed to find ColorBuffer:1897
E0414 17:03:48.651709 fd83000 FrameBuffer.cpp:3790] Failed to find ColorBuffer:1885
E0414 17:03:48.651723 fd83000 FrameBuffer.cpp:3790] Failed to find ColorBuffer:1886
E0414 17:03:48.651736 fd83000 FrameBuffer.cpp:3790] Failed to find ColorBuffer:1879
E0414 17:03:48.651750 fd83000 FrameBuffer.cpp:3790] Failed to find ColorBuffer:1887
E0414 17:03:48.651764 fd83000 FrameBuffer.cpp:3790] Failed to find ColorBuffer:1888
E0414 17:03:48.651777 fd83000 FrameBuffer.cpp:3790] Failed to find ColorBuffer:1889
E0414 17:03:48.651791 fd83000 FrameBuffer.cpp:3790] Failed to find ColorBuffer:1890
E0414 17:03:48.651805 fd83000 FrameBuffer.cpp:3790] Failed to find ColorBuffer:1880
E0414 17:03:48.651818 fd83000 FrameBuffer.cpp:3790] Failed to find ColorBuffer:1891
E0414 17:03:48.651869 fd83000 FrameBuffer.cpp:3790] Failed to find ColorBuffer:1893
E0414 17:03:48.651884 fd83000 FrameBuffer.cpp:3790] Failed to find ColorBuffer:1894
E0414 17:03:48.651898 fd83000 FrameBuffer.cpp:3790] Failed to find ColorBuffer:1892
E0414 17:03:48.651912 fd83000 FrameBuffer.cpp:3790] Failed to find ColorBuffer:1881
E0414 17:03:48.651925 fd83000 FrameBuffer.cpp:3790] Failed to find ColorBuffer:1882
E0414 17:03:48.651938 fd83000 FrameBuffer.cpp:3790] Failed to find ColorBuffer:1883
E0414 17:03:48.651952 fd83000 FrameBuffer.cpp:3790] Failed to find ColorBuffer:1884
E0414 17:03:48.651965 fd83000 FrameBuffer.cpp:3790] Failed to find ColorBuffer:1895
E0414 17:03:48.651979 fd83000 FrameBuffer.cpp:3790] Failed to find ColorBuffer:1896
E0414 17:03:48.651992 fd83000 FrameBuffer.cpp:3790] Failed to find ColorBuffer:1897
E0414 17:03:48.652006 fd83000 FrameBuffer.cpp:3790] Failed to find ColorBuffer:1885
E0414 17:03:48.652019 fd83000 FrameBuffer.cpp:3790] Failed to find ColorBuffer:1886
E0414 17:03:48.652033 fd83000 FrameBuffer.cpp:3790] Failed to find ColorBuffer:1879
E0414 17:03:48.652047 fd83000 FrameBuffer.cpp:3790] Failed to find ColorBuffer:1887
E0414 17:03:48.652079 fd83000 FrameBuffer.cpp:3790] Failed to find ColorBuffer:1888
E0414 17:03:48.652095 fd83000 FrameBuffer.cpp:3790] Failed to find ColorBuffer:1889
E0414 17:03:48.652109 fd83000 FrameBuffer.cpp:3790] Failed to find ColorBuffer:1890
E0414 17:03:48.652122 fd83000 FrameBuffer.cpp:3790] Failed to find ColorBuffer:1880
E0414 17:03:48.652136 fd83000 FrameBuffer.cpp:3790] Failed to find ColorBuffer:1891
E0414 17:03:48.652150 fd83000 FrameBuffer.cpp:3790] Failed to find ColorBuffer:1893
E0414 17:03:48.652164 fd83000 FrameBuffer.cpp:3790] Failed to find ColorBuffer:1894
E0414 17:03:48.652177 fd83000 FrameBuffer.cpp:3790] Failed to find ColorBuffer:1892
E0414 17:03:48.652191 fd83000 FrameBuffer.cpp:3790] Failed to find ColorBuffer:1881
E0414 17:03:48.652204 fd83000 FrameBuffer.cpp:3790] Failed to find ColorBuffer:1882
E0414 17:03:48.652218 fd83000 FrameBuffer.cpp:3790] Failed to find ColorBuffer:1883
E0414 17:03:48.652232 fd83000 FrameBuffer.cpp:3790] Failed to find ColorBuffer:1884
E0414 17:03:48.652245 fd83000 FrameBuffer.cpp:3790] Failed to find ColorBuffer:1895
E0414 17:03:48.652259 fd83000 FrameBuffer.cpp:3790] Failed to find ColorBuffer:1896
E0414 17:03:48.652272 fd83000 FrameBuffer.cpp:3790] Failed to find ColorBuffer:1897
E0414 17:03:48.652286 fd83000 FrameBuffer.cpp:3790] Failed to find ColorBuffer:1885
E0414 17:03:48.652299 fd83000 FrameBuffer.cpp:3790] Failed to find ColorBuffer:1886
E0414 17:03:48.652313 fd83000 FrameBuffer.cpp:3790] Failed to find ColorBuffer:1879
E0414 17:03:48.652326 fd83000 FrameBuffer.cpp:3790] Failed to find ColorBuffer:1887
E0414 17:03:48.652340 fd83000 FrameBuffer.cpp:3790] Failed to find ColorBuffer:1888
E0414 17:03:48.652354 fd83000 FrameBuffer.cpp:3790] Failed to find ColorBuffer:1889
E0414 17:03:48.652369 fd83000 FrameBuffer.cpp:3790] Failed to find ColorBuffer:1890
E0414 17:03:48.652383 fd83000 FrameBuffer.cpp:3790] Failed to find ColorBuffer:1880
E0414 17:03:48.652396 fd83000 FrameBuffer.cpp:3790] Failed to find ColorBuffer:1891
E0414 17:03:48.652409 fd83000 FrameBuffer.cpp:3790] Failed to find ColorBuffer:1893
E0414 17:03:48.652423 fd83000 FrameBuffer.cpp:3790] Failed to find ColorBuffer:1894
E0414 17:03:48.652437 fd83000 FrameBuffer.cpp:3790] Failed to find ColorBuffer:1892
E0414 17:03:48.652452 fd83000 FrameBuffer.cpp:3790] Failed to find ColorBuffer:1881
E0414 17:03:48.652465 fd83000 FrameBuffer.cpp:3790] Failed to find ColorBuffer:1882
E0414 17:03:48.652479 fd83000 FrameBuffer.cpp:3790] Failed to find ColorBuffer:1883
E0414 17:03:48.652492 fd83000 FrameBuffer.cpp:3790] Failed to find ColorBuffer:1884
E0414 17:03:48.652506 fd83000 FrameBuffer.cpp:3790] Failed to find ColorBuffer:1895
E0414 17:03:48.652519 fd83000 FrameBuffer.cpp:3790] Failed to find ColorBuffer:1896
E0414 17:03:48.652533 fd83000 FrameBuffer.cpp:3790] Failed to find ColorBuffer:1897
E0414 17:03:48.652574 fd83000 FrameBuffer.cpp:3790] Failed to find ColorBuffer:1885
E0414 17:03:48.652677 fd83000 FrameBuffer.cpp:3790] Failed to find ColorBuffer:1886
E0414 17:03:48.652689 fd83000 FrameBuffer.cpp:3790] Failed to find ColorBuffer:1879
E0414 17:03:48.652694 fd83000 FrameBuffer.cpp:3790] Failed to find ColorBuffer:1887
E0414 17:03:48.652698 fd83000 FrameBuffer.cpp:3790] Failed to find ColorBuffer:1888
E0414 17:03:48.652702 fd83000 FrameBuffer.cpp:3790] Failed to find ColorBuffer:1889
E0414 17:03:48.652706 fd83000 FrameBuffer.cpp:3790] Failed to find ColorBuffer:1890
E0414 17:03:48.652710 fd83000 FrameBuffer.cpp:3790] Failed to find ColorBuffer:1880
E0414 17:03:48.652714 fd83000 FrameBuffer.cpp:3790] Failed to find ColorBuffer:1891
E0414 17:03:48.652718 fd83000 FrameBuffer.cpp:3790] Failed to find ColorBuffer:1893
E0414 17:03:48.652722 fd83000 FrameBuffer.cpp:3790] Failed to find ColorBuffer:1894
E0414 17:03:48.652726 fd83000 FrameBuffer.cpp:3790] Failed to find ColorBuffer:1892
E0414 17:03:48.652730 fd83000 FrameBuffer.cpp:3790] Failed to find ColorBuffer:1881
E0414 17:03:48.652733 fd83000 FrameBuffer.cpp:3790] Failed to find ColorBuffer:1882
E0414 17:03:48.652737 fd83000 FrameBuffer.cpp:3790] Failed to find ColorBuffer:1883
E0414 17:03:48.652741 fd83000 FrameBuffer.cpp:3790] Failed to find ColorBuffer:1884
E0414 17:03:48.652745 fd83000 FrameBuffer.cpp:3790] Failed to find ColorBuffer:1895
E0414 17:03:48.652749 fd83000 FrameBuffer.cpp:3790] Failed to find ColorBuffer:1896
E0414 17:03:48.652752 fd83000 FrameBuffer.cpp:3790] Failed to find ColorBuffer:1897
E0414 17:03:48.652756 fd83000 FrameBuffer.cpp:3790] Failed to find ColorBuffer:1885
E0414 17:03:48.652760 fd83000 FrameBuffer.cpp:3790] Failed to find ColorBuffer:1886
E0414 17:03:48.652764 fd83000 FrameBuffer.cpp:3790] Failed to find ColorBuffer:1879
E0414 17:03:48.652767 fd83000 FrameBuffer.cpp:3790] Failed to find ColorBuffer:1887
E0414 17:03:48.652771 fd83000 FrameBuffer.cpp:3790] Failed to find ColorBuffer:1888
E0414 17:03:48.652775 fd83000 FrameBuffer.cpp:3790] Failed to find ColorBuffer:1889
E0414 17:03:48.652779 fd83000 FrameBuffer.cpp:3790] Failed to find ColorBuffer:1890
E0414 17:03:48.652783 fd83000 FrameBuffer.cpp:3790] Failed to find ColorBuffer:1880
E0414 17:03:48.652786 fd83000 FrameBuffer.cpp:3790] Failed to find ColorBuffer:1891
E0414 17:03:48.652790 fd83000 FrameBuffer.cpp:3790] Failed to find ColorBuffer:1893
E0414 17:03:48.652794 fd83000 FrameBuffer.cpp:3790] Failed to find ColorBuffer:1894
E0414 17:03:48.652798 fd83000 FrameBuffer.cpp:3790] Failed to find ColorBuffer:1892
E0414 17:03:48.652802 fd83000 FrameBuffer.cpp:3790] Failed to find ColorBuffer:1881
E0414 17:03:48.652806 fd83000 FrameBuffer.cpp:3790] Failed to find ColorBuffer:1882
E0414 17:03:48.652810 fd83000 FrameBuffer.cpp:3790] Failed to find ColorBuffer:1883
E0414 17:03:48.652814 fd83000 FrameBuffer.cpp:3790] Failed to find ColorBuffer:1884
E0414 17:03:48.652817 fd83000 FrameBuffer.cpp:3790] Failed to find ColorBuffer:1895
E0414 17:03:48.652821 fd83000 FrameBuffer.cpp:3790] Failed to find ColorBuffer:1896
E0414 17:03:48.652825 fd83000 FrameBuffer.cpp:3790] Failed to find ColorBuffer:1897
E0414 17:03:48.652829 fd83000 FrameBuffer.cpp:3790] Failed to find ColorBuffer:1885
E0414 17:03:48.652833 fd83000 FrameBuffer.cpp:3790] Failed to find ColorBuffer:1886
E0414 17:03:48.652837 fd83000 FrameBuffer.cpp:3790] Failed to find ColorBuffer:1879
E0414 17:03:48.652841 fd83000 FrameBuffer.cpp:3790] Failed to find ColorBuffer:1887
E0414 17:03:48.652845 fd83000 FrameBuffer.cpp:3790] Failed to find ColorBuffer:1888
E0414 17:03:48.652849 fd83000 FrameBuffer.cpp:3790] Failed to find ColorBuffer:1889
E0414 17:03:48.652852 fd83000 FrameBuffer.cpp:3790] Failed to find ColorBuffer:1890
E0414 17:03:48.652856 fd83000 FrameBuffer.cpp:3790] Failed to find ColorBuffer:1880
E0414 17:03:48.652860 fd83000 FrameBuffer.cpp:3790] Failed to find ColorBuffer:1891
E0414 17:03:48.652864 fd83000 FrameBuffer.cpp:3790] Failed to find ColorBuffer:1893
E0414 17:03:48.652868 fd83000 FrameBuffer.cpp:3790] Failed to find ColorBuffer:1894
E0414 17:03:48.652872 fd83000 FrameBuffer.cpp:3790] Failed to find ColorBuffer:1892
E0414 17:03:48.652899 fd83000 FrameBuffer.cpp:3790] Failed to find ColorBuffer:1881
E0414 17:03:48.652904 fd83000 FrameBuffer.cpp:3790] Failed to find ColorBuffer:1882
E0414 17:03:48.652908 fd83000 FrameBuffer.cpp:3790] Failed to find ColorBuffer:1883
E0414 17:03:48.652912 fd83000 FrameBuffer.cpp:3790] Failed to find ColorBuffer:1884
E0414 17:03:48.652919 fd83000 FrameBuffer.cpp:3790] Failed to find ColorBuffer:1895
E0414 17:03:48.652924 fd83000 FrameBuffer.cpp:3790] Failed to find ColorBuffer:1896
E0414 17:03:48.652929 fd83000 FrameBuffer.cpp:3790] Failed to find ColorBuffer:1897
E0414 17:03:48.652934 fd83000 FrameBuffer.cpp:3790] Failed to find ColorBuffer:1885
E0414 17:03:48.652939 fd83000 FrameBuffer.cpp:3790] Failed to find ColorBuffer:1886
E0414 17:03:48.652944 fd83000 FrameBuffer.cpp:3790] Failed to find ColorBuffer:1879
E0414 17:03:48.652949 fd83000 FrameBuffer.cpp:3790] Failed to find ColorBuffer:1887
E0414 17:03:48.652954 fd83000 FrameBuffer.cpp:3790] Failed to find ColorBuffer:1888
E0414 17:03:48.652959 fd83000 FrameBuffer.cpp:3790] Failed to find ColorBuffer:1889
E0414 17:03:48.652964 fd83000 FrameBuffer.cpp:3790] Failed to find ColorBuffer:1890
E0414 17:03:48.652968 fd83000 FrameBuffer.cpp:3790] Failed to find ColorBuffer:1880
E0414 17:03:48.652973 fd83000 FrameBuffer.cpp:3790] Failed to find ColorBuffer:1891
E0414 17:03:48.652978 fd83000 FrameBuffer.cpp:3790] Failed to find ColorBuffer:1893
E0414 17:03:48.652983 fd83000 FrameBuffer.cpp:3790] Failed to find ColorBuffer:1894
E0414 17:03:48.652987 fd83000 FrameBuffer.cpp:3790] Failed to find ColorBuffer:1892
E0414 17:03:48.652992 fd83000 FrameBuffer.cpp:3790] Failed to find ColorBuffer:1881
E0414 17:03:48.652997 fd83000 FrameBuffer.cpp:3790] Failed to find ColorBuffer:1882
E0414 17:03:48.653001 fd83000 FrameBuffer.cpp:3790] Failed to find ColorBuffer:1883
E0414 17:03:48.653006 fd83000 FrameBuffer.cpp:3790] Failed to find ColorBuffer:1884
E0414 17:03:48.653011 fd83000 FrameBuffer.cpp:3790] Failed to find ColorBuffer:1895
E0414 17:03:48.653016 fd83000 FrameBuffer.cpp:3790] Failed to find ColorBuffer:1896
E0414 17:03:48.653021 fd83000 FrameBuffer.cpp:3790] Failed to find ColorBuffer:1897
E0414 17:03:48.653026 fd83000 FrameBuffer.cpp:3790] Failed to find ColorBuffer:1885
E0414 17:03:48.653030 fd83000 FrameBuffer.cpp:3790] Failed to find ColorBuffer:1886
E0414 17:03:48.653035 fd83000 FrameBuffer.cpp:3790] Failed to find ColorBuffer:1879
E0414 17:03:48.653040 fd83000 FrameBuffer.cpp:3790] Failed to find ColorBuffer:1887
E0414 17:03:48.653045 fd83000 FrameBuffer.cpp:3790] Failed to find ColorBuffer:1888
E0414 17:03:48.653049 fd83000 FrameBuffer.cpp:3790] Failed to find ColorBuffer:1889
E0414 17:03:48.653054 fd83000 FrameBuffer.cpp:3790] Failed to find ColorBuffer:1890
E0414 17:03:48.653059 fd83000 FrameBuffer.cpp:3790] Failed to find ColorBuffer:1880
E0414 17:03:48.653063 fd83000 FrameBuffer.cpp:3790] Failed to find ColorBuffer:1891
E0414 17:03:48.653067 fd83000 FrameBuffer.cpp:3790] Failed to find ColorBuffer:1893
E0414 17:03:48.653071 fd83000 FrameBuffer.cpp:3790] Failed to find ColorBuffer:1894
E0414 17:03:48.653074 fd83000 FrameBuffer.cpp:3790] Failed to find ColorBuffer:1892
E0414 17:03:48.653078 fd83000 FrameBuffer.cpp:3790] Failed to find ColorBuffer:1881
E0414 17:03:48.653082 fd83000 FrameBuffer.cpp:3790] Failed to find ColorBuffer:1882
E0414 17:03:48.653086 fd83000 FrameBuffer.cpp:3790] Failed to find ColorBuffer:1883
E0414 17:03:48.653090 fd83000 FrameBuffer.cpp:3790] Failed to find ColorBuffer:1884
E0414 17:03:48.653093 fd83000 FrameBuffer.cpp:3790] Failed to find ColorBuffer:1895
E0414 17:03:48.653097 fd83000 FrameBuffer.cpp:3790] Failed to find ColorBuffer:1896
E0414 17:03:48.653101 fd83000 FrameBuffer.cpp:3790] Failed to find ColorBuffer:1897
E0414 17:03:48.653105 fd83000 FrameBuffer.cpp:3790] Failed to find ColorBuffer:1885
E0414 17:03:48.653109 fd83000 FrameBuffer.cpp:3790] Failed to find ColorBuffer:1886
E0414 17:03:48.653112 fd83000 FrameBuffer.cpp:3790] Failed to find ColorBuffer:1879
E0414 17:03:48.653116 fd83000 FrameBuffer.cpp:3790] Failed to find ColorBuffer:1887
E0414 17:03:48.653130 fd83000 FrameBuffer.cpp:3790] Failed to find ColorBuffer:1888
E0414 17:03:48.653134 fd83000 FrameBuffer.cpp:3790] Failed to find ColorBuffer:1889
E0414 17:03:48.653138 fd83000 FrameBuffer.cpp:3790] Failed to find ColorBuffer:1890
E0414 17:03:48.653141 fd83000 FrameBuffer.cpp:3790] Failed to find ColorBuffer:1880
E0414 17:03:48.653145 fd83000 FrameBuffer.cpp:3790] Failed to find ColorBuffer:1891
E0414 17:03:48.653149 fd83000 FrameBuffer.cpp:3790] Failed to find ColorBuffer:1893
E0414 17:03:48.653153 fd83000 FrameBuffer.cpp:3790] Failed to find ColorBuffer:1894
E0414 17:03:48.653157 fd83000 FrameBuffer.cpp:3790] Failed to find ColorBuffer:1892
E0414 17:03:48.653160 fd83000 FrameBuffer.cpp:3790] Failed to find ColorBuffer:1881
E0414 17:03:48.653164 fd83000 FrameBuffer.cpp:3790] Failed to find ColorBuffer:1882
E0414 17:03:48.653168 fd83000 FrameBuffer.cpp:3790] Failed to find ColorBuffer:1883
E0414 17:03:48.655541 fd83000 FrameBuffer.cpp:3790] Failed to find ColorBuffer:1884
E0414 17:03:48.655567 fd83000 FrameBuffer.cpp:3790] Failed to find ColorBuffer:1895
E0414 17:03:48.655572 fd83000 FrameBuffer.cpp:3790] Failed to find ColorBuffer:1896
E0414 17:03:48.655577 fd83000 FrameBuffer.cpp:3790] Failed to find ColorBuffer:1897
E0414 17:03:48.655581 fd83000 FrameBuffer.cpp:3790] Failed to find ColorBuffer:1885
E0414 17:03:48.655586 fd83000 FrameBuffer.cpp:3790] Failed to find ColorBuffer:1886
E0414 17:03:48.655590 fd83000 FrameBuffer.cpp:3790] Failed to find ColorBuffer:1879
E0414 17:03:48.655594 fd83000 FrameBuffer.cpp:3790] Failed to find ColorBuffer:1887
E0414 17:03:48.655597 fd83000 FrameBuffer.cpp:3790] Failed to find ColorBuffer:1888
E0414 17:03:48.655601 fd83000 FrameBuffer.cpp:3790] Failed to find ColorBuffer:1889
E0414 17:03:48.655606 fd83000 FrameBuffer.cpp:3790] Failed to find ColorBuffer:1890
E0414 17:03:48.655610 fd83000 FrameBuffer.cpp:3790] Failed to find ColorBuffer:1880
E0414 17:03:48.655613 fd83000 FrameBuffer.cpp:3790] Failed to find ColorBuffer:1891
E0414 17:03:48.655618 fd83000 FrameBuffer.cpp:3790] Failed to find ColorBuffer:1893
E0414 17:03:48.655622 fd83000 FrameBuffer.cpp:3790] Failed to find ColorBuffer:1894
E0414 17:03:48.655625 fd83000 FrameBuffer.cpp:3790] Failed to find ColorBuffer:1892
E0414 17:03:48.655629 fd83000 FrameBuffer.cpp:3790] Failed to find ColorBuffer:1881
E0414 17:03:48.655633 fd83000 FrameBuffer.cpp:3790] Failed to find ColorBuffer:1882
E0414 17:03:48.655637 fd83000 FrameBuffer.cpp:3790] Failed to find ColorBuffer:1883
E0414 17:03:48.655641 fd83000 FrameBuffer.cpp:3790] Failed to find ColorBuffer:1884
E0414 17:03:48.655645 fd83000 FrameBuffer.cpp:3790] Failed to find ColorBuffer:1895
E0414 17:03:48.655648 fd83000 FrameBuffer.cpp:3790] Failed to find ColorBuffer:1896
E0414 17:03:48.655652 fd83000 FrameBuffer.cpp:3790] Failed to find ColorBuffer:1897
E0414 17:03:48.655656 fd83000 FrameBuffer.cpp:3790] Failed to find ColorBuffer:1885
E0414 17:03:48.655660 fd83000 FrameBuffer.cpp:3790] Failed to find ColorBuffer:1886
E0414 17:03:48.655664 fd83000 FrameBuffer.cpp:3790] Failed to find ColorBuffer:1879
E0414 17:03:48.655667 fd83000 FrameBuffer.cpp:3790] Failed to find ColorBuffer:1887
E0414 17:03:48.655671 fd83000 FrameBuffer.cpp:3790] Failed to find ColorBuffer:1888
E0414 17:03:48.655675 fd83000 FrameBuffer.cpp:3790] Failed to find ColorBuffer:1889
E0414 17:03:48.655679 fd83000 FrameBuffer.cpp:3790] Failed to find ColorBuffer:1890
E0414 17:03:48.655683 fd83000 FrameBuffer.cpp:3790] Failed to find ColorBuffer:1880
E0414 17:03:48.655686 fd83000 FrameBuffer.cpp:3790] Failed to find ColorBuffer:1891
E0414 17:03:48.655690 fd83000 FrameBuffer.cpp:3790] Failed to find ColorBuffer:1893
E0414 17:03:48.655694 fd83000 FrameBuffer.cpp:3790] Failed to find ColorBuffer:1894
E0414 17:03:48.655698 fd83000 FrameBuffer.cpp:3790] Failed to find ColorBuffer:1892
E0414 17:03:48.655702 fd83000 FrameBuffer.cpp:3790] Failed to find ColorBuffer:1881
E0414 17:03:48.655706 fd83000 FrameBuffer.cpp:3790] Failed to find ColorBuffer:1882
E0414 17:03:48.655737 fd83000 FrameBuffer.cpp:3790] Failed to find ColorBuffer:1883
E0414 17:03:48.655741 fd83000 FrameBuffer.cpp:3790] Failed to find ColorBuffer:1884
E0414 17:03:48.655745 fd83000 FrameBuffer.cpp:3790] Failed to find ColorBuffer:1895
E0414 17:03:48.655749 fd83000 FrameBuffer.cpp:3790] Failed to find ColorBuffer:1896
E0414 17:03:48.655753 fd83000 FrameBuffer.cpp:3790] Failed to find ColorBuffer:1897
E0414 17:03:48.655757 fd83000 FrameBuffer.cpp:3790] Failed to find ColorBuffer:1885
E0414 17:03:48.655760 fd83000 FrameBuffer.cpp:3790] Failed to find ColorBuffer:1886
E0414 17:03:48.655764 fd83000 FrameBuffer.cpp:3790] Failed to find ColorBuffer:1879
E0414 17:03:48.655768 fd83000 FrameBuffer.cpp:3790] Failed to find ColorBuffer:1887
E0414 17:03:48.655772 fd83000 FrameBuffer.cpp:3790] Failed to find ColorBuffer:1888
E0414 17:03:48.655775 fd83000 FrameBuffer.cpp:3790] Failed to find ColorBuffer:1889
E0414 17:03:48.655779 fd83000 FrameBuffer.cpp:3790] Failed to find ColorBuffer:1890
E0414 17:03:48.655783 fd83000 FrameBuffer.cpp:3790] Failed to find ColorBuffer:1880
E0414 17:03:48.655786 fd83000 FrameBuffer.cpp:3790] Failed to find ColorBuffer:1891
E0414 17:03:48.655790 fd83000 FrameBuffer.cpp:3790] Failed to find ColorBuffer:1893
E0414 17:03:48.655794 fd83000 FrameBuffer.cpp:3790] Failed to find ColorBuffer:1894
E0414 17:03:48.655798 fd83000 FrameBuffer.cpp:3790] Failed to find ColorBuffer:1892
E0414 17:03:48.655801 fd83000 FrameBuffer.cpp:3790] Failed to find ColorBuffer:1881
E0414 17:03:48.655805 fd83000 FrameBuffer.cpp:3790] Failed to find ColorBuffer:1882
E0414 17:03:48.655809 fd83000 FrameBuffer.cpp:3790] Failed to find ColorBuffer:1883
E0414 17:03:48.655813 fd83000 FrameBuffer.cpp:3790] Failed to find ColorBuffer:1884
E0414 17:03:48.655816 fd83000 FrameBuffer.cpp:3790] Failed to find ColorBuffer:1895
E0414 17:03:48.655820 fd83000 FrameBuffer.cpp:3790] Failed to find ColorBuffer:1896
E0414 17:03:48.655824 fd83000 FrameBuffer.cpp:3790] Failed to find ColorBuffer:1897
E0414 17:03:48.655827 fd83000 FrameBuffer.cpp:3790] Failed to find ColorBuffer:1885
E0414 17:03:48.655831 fd83000 FrameBuffer.cpp:3790] Failed to find ColorBuffer:1886
E0414 17:03:48.655835 fd83000 FrameBuffer.cpp:3790] Failed to find ColorBuffer:1879
E0414 17:03:48.655839 fd83000 FrameBuffer.cpp:3790] Failed to find ColorBuffer:1887
E0414 17:03:48.655842 fd83000 FrameBuffer.cpp:3790] Failed to find ColorBuffer:1888
E0414 17:03:48.655846 fd83000 FrameBuffer.cpp:3790] Failed to find ColorBuffer:1889
E0414 17:03:48.655850 fd83000 FrameBuffer.cpp:3790] Failed to find ColorBuffer:1890
E0414 17:03:48.655854 fd83000 FrameBuffer.cpp:3790] Failed to find ColorBuffer:1880
E0414 17:03:48.655858 fd83000 FrameBuffer.cpp:3790] Failed to find ColorBuffer:1891
E0414 17:03:48.655861 fd83000 FrameBuffer.cpp:3790] Failed to find ColorBuffer:1893
E0414 17:03:48.655865 fd83000 FrameBuffer.cpp:3790] Failed to find ColorBuffer:1894
E0414 17:03:48.655869 fd83000 FrameBuffer.cpp:3790] Failed to find ColorBuffer:1892
E0414 17:03:48.655873 fd83000 FrameBuffer.cpp:3790] Failed to find ColorBuffer:1881
E0414 17:03:48.655876 fd83000 FrameBuffer.cpp:3790] Failed to find ColorBuffer:1882
E0414 17:03:48.655880 fd83000 FrameBuffer.cpp:3790] Failed to find ColorBuffer:1883
E0414 17:03:48.655884 fd83000 FrameBuffer.cpp:3790] Failed to find ColorBuffer:1884
E0414 17:03:48.655887 fd83000 FrameBuffer.cpp:3790] Failed to find ColorBuffer:1895
E0414 17:03:48.655891 fd83000 FrameBuffer.cpp:3790] Failed to find ColorBuffer:1896
E0414 17:03:48.655895 fd83000 FrameBuffer.cpp:3790] Failed to find ColorBuffer:1897
E0414 17:03:48.655899 fd83000 FrameBuffer.cpp:3790] Failed to find ColorBuffer:1885
E0414 17:03:48.655902 fd83000 FrameBuffer.cpp:3790] Failed to find ColorBuffer:1886
E0414 17:03:48.655906 fd83000 FrameBuffer.cpp:3790] Failed to find ColorBuffer:1879
E0414 17:03:48.655910 fd83000 FrameBuffer.cpp:3790] Failed to find ColorBuffer:1887
E0414 17:03:48.655913 fd83000 FrameBuffer.cpp:3790] Failed to find ColorBuffer:1888
E0414 17:03:48.655917 fd83000 FrameBuffer.cpp:3790] Failed to find ColorBuffer:1889
E0414 17:03:48.655948 fd83000 FrameBuffer.cpp:3790] Failed to find ColorBuffer:1890
E0414 17:03:48.655953 fd83000 FrameBuffer.cpp:3790] Failed to find ColorBuffer:1880
E0414 17:03:48.655957 fd83000 FrameBuffer.cpp:3790] Failed to find ColorBuffer:1891
E0414 17:03:48.655961 fd83000 FrameBuffer.cpp:3790] Failed to find ColorBuffer:1893
E0414 17:03:48.655965 fd83000 FrameBuffer.cpp:3790] Failed to find ColorBuffer:1894
E0414 17:03:48.655969 fd83000 FrameBuffer.cpp:3790] Failed to find ColorBuffer:1892
E0414 17:03:48.655973 fd83000 FrameBuffer.cpp:3790] Failed to find ColorBuffer:1881
E0414 17:03:48.655978 fd83000 FrameBuffer.cpp:3790] Failed to find ColorBuffer:1882
E0414 17:03:48.655983 fd83000 FrameBuffer.cpp:3790] Failed to find ColorBuffer:1883
E0414 17:03:48.655986 fd83000 FrameBuffer.cpp:3790] Failed to find ColorBuffer:1884
E0414 17:03:48.655990 fd83000 FrameBuffer.cpp:3790] Failed to find ColorBuffer:1895
E0414 17:03:48.655994 fd83000 FrameBuffer.cpp:3790] Failed to find ColorBuffer:1896
E0414 17:03:48.655998 fd83000 FrameBuffer.cpp:3790] Failed to find ColorBuffer:1897
E0414 17:03:48.656002 fd83000 FrameBuffer.cpp:3790] Failed to find ColorBuffer:1885
E0414 17:03:48.656005 fd83000 FrameBuffer.cpp:3790] Failed to find ColorBuffer:1886
E0414 17:03:48.656009 fd83000 FrameBuffer.cpp:3790] Failed to find ColorBuffer:1879
E0414 17:03:48.656013 fd83000 FrameBuffer.cpp:3790] Failed to find ColorBuffer:1887
E0414 17:03:48.656017 fd83000 FrameBuffer.cpp:3790] Failed to find ColorBuffer:1888
E0414 17:03:48.656021 fd83000 FrameBuffer.cpp:3790] Failed to find ColorBuffer:1889
E0414 17:03:48.656026 fd83000 FrameBuffer.cpp:3790] Failed to find ColorBuffer:1890
E0414 17:03:48.656030 fd83000 FrameBuffer.cpp:3790] Failed to find ColorBuffer:1880
E0414 17:03:48.656034 fd83000 FrameBuffer.cpp:3790] Failed to find ColorBuffer:1891
E0414 17:03:48.656038 fd83000 FrameBuffer.cpp:3790] Failed to find ColorBuffer:1893
E0414 17:03:48.656041 fd83000 FrameBuffer.cpp:3790] Failed to find ColorBuffer:1894
E0414 17:03:48.656045 fd83000 FrameBuffer.cpp:3790] Failed to find ColorBuffer:1892
E0414 17:03:48.656049 fd83000 FrameBuffer.cpp:3790] Failed to find ColorBuffer:1881
E0414 17:03:48.656053 fd83000 FrameBuffer.cpp:3790] Failed to find ColorBuffer:1882
E0414 17:03:48.656057 fd83000 FrameBuffer.cpp:3790] Failed to find ColorBuffer:1883
E0414 17:03:48.656061 fd83000 FrameBuffer.cpp:3790] Failed to find ColorBuffer:1884
E0414 17:03:48.656064 fd83000 FrameBuffer.cpp:3790] Failed to find ColorBuffer:1895
E0414 17:03:48.656068 fd83000 FrameBuffer.cpp:3790] Failed to find ColorBuffer:1896
E0414 17:03:48.656072 fd83000 FrameBuffer.cpp:3790] Failed to find ColorBuffer:1897
E0414 17:03:48.656076 fd83000 FrameBuffer.cpp:3790] Failed to find ColorBuffer:1885
E0414 17:03:48.656079 fd83000 FrameBuffer.cpp:3790] Failed to find ColorBuffer:1886
E0414 17:03:48.656094 fd83000 FrameBuffer.cpp:3790] Failed to find ColorBuffer:1879
E0414 17:03:48.656102 fd83000 FrameBuffer.cpp:3790] Failed to find ColorBuffer:1887
E0414 17:03:48.656109 fd83000 FrameBuffer.cpp:3790] Failed to find ColorBuffer:1888
E0414 17:03:48.656113 fd83000 FrameBuffer.cpp:3790] Failed to find ColorBuffer:1889
E0414 17:03:48.656118 fd83000 FrameBuffer.cpp:3790] Failed to find ColorBuffer:1890
E0414 17:03:48.656124 fd83000 FrameBuffer.cpp:3790] Failed to find ColorBuffer:1880
E0414 17:03:48.656130 fd83000 FrameBuffer.cpp:3790] Failed to find ColorBuffer:1891
E0414 17:03:48.656135 fd83000 FrameBuffer.cpp:3790] Failed to find ColorBuffer:1893
E0414 17:03:48.656140 fd83000 FrameBuffer.cpp:3790] Failed to find ColorBuffer:1894
E0414 17:03:48.656145 fd83000 FrameBuffer.cpp:3790] Failed to find ColorBuffer:1892
E0414 17:03:48.656150 fd83000 FrameBuffer.cpp:3790] Failed to find ColorBuffer:1881
E0414 17:03:48.656155 fd83000 FrameBuffer.cpp:3790] Failed to find ColorBuffer:1882
E0414 17:03:48.656159 fd83000 FrameBuffer.cpp:3790] Failed to find ColorBuffer:1883
E0414 17:03:48.656164 fd83000 FrameBuffer.cpp:3790] Failed to find ColorBuffer:1884
E0414 17:03:48.656169 fd83000 FrameBuffer.cpp:3790] Failed to find ColorBuffer:1895
E0414 17:03:48.656186 fd83000 FrameBuffer.cpp:3790] Failed to find ColorBuffer:1896
E0414 17:03:48.656191 fd83000 FrameBuffer.cpp:3790] Failed to find ColorBuffer:1897
E0414 17:03:48.656196 fd83000 FrameBuffer.cpp:3790] Failed to find ColorBuffer:1885
E0414 17:03:48.656201 fd83000 FrameBuffer.cpp:3790] Failed to find ColorBuffer:1886
E0414 17:03:48.656206 fd83000 FrameBuffer.cpp:3790] Failed to find ColorBuffer:1879
E0414 17:03:48.656211 fd83000 FrameBuffer.cpp:3790] Failed to find ColorBuffer:1887
E0414 17:03:48.656216 fd83000 FrameBuffer.cpp:3790] Failed to find ColorBuffer:1888
E0414 17:03:48.656220 fd83000 FrameBuffer.cpp:3790] Failed to find ColorBuffer:1889
E0414 17:03:48.656225 fd83000 FrameBuffer.cpp:3790] Failed to find ColorBuffer:1890
E0414 17:03:48.656230 fd83000 FrameBuffer.cpp:3790] Failed to find ColorBuffer:1880
E0414 17:03:48.656235 fd83000 FrameBuffer.cpp:3790] Failed to find ColorBuffer:1891
E0414 17:03:48.656240 fd83000 FrameBuffer.cpp:3790] Failed to find ColorBuffer:1893
E0414 17:03:48.656244 fd83000 FrameBuffer.cpp:3790] Failed to find ColorBuffer:1894
E0414 17:03:48.656249 fd83000 FrameBuffer.cpp:3790] Failed to find ColorBuffer:1892
E0414 17:03:48.656254 fd83000 FrameBuffer.cpp:3790] Failed to find ColorBuffer:1881
E0414 17:03:48.656259 fd83000 FrameBuffer.cpp:3790] Failed to find ColorBuffer:1882
E0414 17:03:48.656263 fd83000 FrameBuffer.cpp:3790] Failed to find ColorBuffer:1883
E0414 17:03:48.656267 fd83000 FrameBuffer.cpp:3790] Failed to find ColorBuffer:1884
E0414 17:03:48.656271 fd83000 FrameBuffer.cpp:3790] Failed to find ColorBuffer:1895
E0414 17:03:48.656275 fd83000 FrameBuffer.cpp:3790] Failed to find ColorBuffer:1896
E0414 17:03:48.656279 fd83000 FrameBuffer.cpp:3790] Failed to find ColorBuffer:1897
E0414 17:03:48.656283 fd83000 FrameBuffer.cpp:3790] Failed to find ColorBuffer:1885
E0414 17:03:48.656286 fd83000 FrameBuffer.cpp:3790] Failed to find ColorBuffer:1886
E0414 17:03:48.656290 fd83000 FrameBuffer.cpp:3790] Failed to find ColorBuffer:1879
E0414 17:03:48.656294 fd83000 FrameBuffer.cpp:3790] Failed to find ColorBuffer:1887
E0414 17:03:48.656298 fd83000 FrameBuffer.cpp:3790] Failed to find ColorBuffer:1888
E0414 17:03:48.656302 fd83000 FrameBuffer.cpp:3790] Failed to find ColorBuffer:1889
E0414 17:03:48.656305 fd83000 FrameBuffer.cpp:3790] Failed to find ColorBuffer:1890
E0414 17:03:48.656309 fd83000 FrameBuffer.cpp:3790] Failed to find ColorBuffer:1880
E0414 17:03:48.656313 fd83000 FrameBuffer.cpp:3790] Failed to find ColorBuffer:1891
E0414 17:03:48.656317 fd83000 FrameBuffer.cpp:3790] Failed to find ColorBuffer:1893
E0414 17:03:48.656321 fd83000 FrameBuffer.cpp:3790] Failed to find ColorBuffer:1894
E0414 17:03:48.656324 fd83000 FrameBuffer.cpp:3790] Failed to find ColorBuffer:1892
E0414 17:03:48.656328 fd83000 FrameBuffer.cpp:3790] Failed to find ColorBuffer:1881
E0414 17:03:48.656332 fd83000 FrameBuffer.cpp:3790] Failed to find ColorBuffer:1882
E0414 17:03:48.656336 fd83000 FrameBuffer.cpp:3790] Failed to find ColorBuffer:1883
E0414 17:03:48.656340 fd83000 FrameBuffer.cpp:3790] Failed to find ColorBuffer:1884
E0414 17:03:48.656344 fd83000 FrameBuffer.cpp:3790] Failed to find ColorBuffer:1895
E0414 17:03:48.656348 fd83000 FrameBuffer.cpp:3790] Failed to find ColorBuffer:1896
E0414 17:03:48.656351 fd83000 FrameBuffer.cpp:3790] Failed to find ColorBuffer:1897
E0414 17:03:48.656355 fd83000 FrameBuffer.cpp:3790] Failed to find ColorBuffer:1885
E0414 17:03:48.656359 fd83000 FrameBuffer.cpp:3790] Failed to find ColorBuffer:1886
E0414 17:03:48.656363 fd83000 FrameBuffer.cpp:3790] Failed to find ColorBuffer:1879
E0414 17:03:48.656367 fd83000 FrameBuffer.cpp:3790] Failed to find ColorBuffer:1887
E0414 17:03:48.656371 fd83000 FrameBuffer.cpp:3790] Failed to find ColorBuffer:1888
E0414 17:03:48.656375 fd83000 FrameBuffer.cpp:3790] Failed to find ColorBuffer:1889
E0414 17:03:48.656379 fd83000 FrameBuffer.cpp:3790] Failed to find ColorBuffer:1890
E0414 17:03:48.656382 fd83000 FrameBuffer.cpp:3790] Failed to find ColorBuffer:1880
E0414 17:03:48.656386 fd83000 FrameBuffer.cpp:3790] Failed to find ColorBuffer:1891
E0414 17:03:48.656400 fd83000 FrameBuffer.cpp:3790] Failed to find ColorBuffer:1893
E0414 17:03:48.656404 fd83000 FrameBuffer.cpp:3790] Failed to find ColorBuffer:1894
E0414 17:03:48.656408 fd83000 FrameBuffer.cpp:3790] Failed to find ColorBuffer:1892
E0414 17:03:48.656412 fd83000 FrameBuffer.cpp:3790] Failed to find ColorBuffer:1881
E0414 17:03:48.656415 fd83000 FrameBuffer.cpp:3790] Failed to find ColorBuffer:1882
E0414 17:03:48.656419 fd83000 FrameBuffer.cpp:3790] Failed to find ColorBuffer:1883
E0414 17:03:48.656423 fd83000 FrameBuffer.cpp:3790] Failed to find ColorBuffer:1884
E0414 17:03:48.656427 fd83000 FrameBuffer.cpp:3790] Failed to find ColorBuffer:1895
E0414 17:03:48.656431 fd83000 FrameBuffer.cpp:3790] Failed to find ColorBuffer:1896
E0414 17:03:48.656434 fd83000 FrameBuffer.cpp:3790] Failed to find ColorBuffer:1897
E0414 17:03:48.656438 fd83000 FrameBuffer.cpp:3790] Failed to find ColorBuffer:1885
E0414 17:03:48.656442 fd83000 FrameBuffer.cpp:3790] Failed to find ColorBuffer:1886
E0414 17:03:48.656446 fd83000 FrameBuffer.cpp:3790] Failed to find ColorBuffer:1879
E0414 17:03:48.656450 fd83000 FrameBuffer.cpp:3790] Failed to find ColorBuffer:1887
E0414 17:03:48.656454 fd83000 FrameBuffer.cpp:3790] Failed to find ColorBuffer:1888
E0414 17:03:48.656458 fd83000 FrameBuffer.cpp:3790] Failed to find ColorBuffer:1889
E0414 17:03:48.656461 fd83000 FrameBuffer.cpp:3790] Failed to find ColorBuffer:1890
E0414 17:03:48.656465 fd83000 FrameBuffer.cpp:3790] Failed to find ColorBuffer:1880
E0414 17:03:48.656469 fd83000 FrameBuffer.cpp:3790] Failed to find ColorBuffer:1891
E0414 17:03:48.656473 fd83000 FrameBuffer.cpp:3790] Failed to find ColorBuffer:1893
E0414 17:03:48.656476 fd83000 FrameBuffer.cpp:3790] Failed to find ColorBuffer:1894
E0414 17:03:48.656481 fd83000 FrameBuffer.cpp:3790] Failed to find ColorBuffer:1873
E0414 17:03:48.656484 fd83000 FrameBuffer.cpp:3790] Failed to find ColorBuffer:1892
E0414 17:03:48.656488 fd83000 FrameBuffer.cpp:3790] Failed to find ColorBuffer:1881
E0414 17:03:48.656492 fd83000 FrameBuffer.cpp:3790] Failed to find ColorBuffer:1882
E0414 17:03:48.656496 fd83000 FrameBuffer.cpp:3790] Failed to find ColorBuffer:1883
E0414 17:03:48.656500 fd83000 FrameBuffer.cpp:3790] Failed to find ColorBuffer:1884
E0414 17:03:48.656503 fd83000 FrameBuffer.cpp:3790] Failed to find ColorBuffer:1895
E0414 17:03:48.656507 fd83000 FrameBuffer.cpp:3790] Failed to find ColorBuffer:1896
E0414 17:03:48.656511 fd83000 FrameBuffer.cpp:3790] Failed to find ColorBuffer:1897
E0414 17:03:48.656515 fd83000 FrameBuffer.cpp:3790] Failed to find ColorBuffer:1885
E0414 17:03:48.656518 fd83000 FrameBuffer.cpp:3790] Failed to find ColorBuffer:1886
E0414 17:03:48.656522 fd83000 FrameBuffer.cpp:3790] Failed to find ColorBuffer:1879
E0414 17:03:48.656526 fd83000 FrameBuffer.cpp:3790] Failed to find ColorBuffer:1887
E0414 17:03:48.656530 fd83000 FrameBuffer.cpp:3790] Failed to find ColorBuffer:1888
E0414 17:03:48.656534 fd83000 FrameBuffer.cpp:3790] Failed to find ColorBuffer:1889
E0414 17:03:48.656538 fd83000 FrameBuffer.cpp:3790] Failed to find ColorBuffer:1890
E0414 17:03:48.656542 fd83000 FrameBuffer.cpp:3790] Failed to find ColorBuffer:1880
E0414 17:03:48.656546 fd83000 FrameBuffer.cpp:3790] Failed to find ColorBuffer:1891
E0414 17:03:48.656549 fd83000 FrameBuffer.cpp:3790] Failed to find ColorBuffer:1893
E0414 17:03:48.656553 fd83000 FrameBuffer.cpp:3790] Failed to find ColorBuffer:1894
E0414 17:03:48.656557 fd83000 FrameBuffer.cpp:3790] Failed to find ColorBuffer:1892
E0414 17:03:48.656561 fd83000 FrameBuffer.cpp:3790] Failed to find ColorBuffer:1881
E0414 17:03:48.656564 fd83000 FrameBuffer.cpp:3790] Failed to find ColorBuffer:1882
E0414 17:03:48.656568 fd83000 FrameBuffer.cpp:3790] Failed to find ColorBuffer:1883
E0414 17:03:48.656572 fd83000 FrameBuffer.cpp:3790] Failed to find ColorBuffer:1884
E0414 17:03:48.656576 fd83000 FrameBuffer.cpp:3790] Failed to find ColorBuffer:1895
E0414 17:03:48.656580 fd83000 FrameBuffer.cpp:3790] Failed to find ColorBuffer:1896
E0414 17:03:48.656699 fd83000 FrameBuffer.cpp:3790] Failed to find ColorBuffer:1897
E0414 17:03:48.656709 fd83000 FrameBuffer.cpp:3790] Failed to find ColorBuffer:1885
E0414 17:03:48.656714 fd83000 FrameBuffer.cpp:3790] Failed to find ColorBuffer:1886
E0414 17:03:48.656718 fd83000 FrameBuffer.cpp:3790] Failed to find ColorBuffer:1879
E0414 17:03:48.656723 fd83000 FrameBuffer.cpp:3790] Failed to find ColorBuffer:1887
E0414 17:03:48.656727 fd83000 FrameBuffer.cpp:3790] Failed to find ColorBuffer:1888
E0414 17:03:48.656732 fd83000 FrameBuffer.cpp:3790] Failed to find ColorBuffer:1889
E0414 17:03:48.656736 fd83000 FrameBuffer.cpp:3790] Failed to find ColorBuffer:1876
E0414 17:03:48.656740 fd83000 FrameBuffer.cpp:3790] Failed to find ColorBuffer:1890
E0414 17:03:48.656744 fd83000 FrameBuffer.cpp:3790] Failed to find ColorBuffer:1880
E0414 17:03:48.656748 fd83000 FrameBuffer.cpp:3790] Failed to find ColorBuffer:1891
E0414 17:03:48.656752 fd83000 FrameBuffer.cpp:3790] Failed to find ColorBuffer:1893
E0414 17:03:48.656756 fd83000 FrameBuffer.cpp:3790] Failed to find ColorBuffer:1894
E0414 17:03:48.656760 fd83000 FrameBuffer.cpp:3790] Failed to find ColorBuffer:1892
E0414 17:03:48.656764 fd83000 FrameBuffer.cpp:3790] Failed to find ColorBuffer:1881
E0414 17:03:48.656768 fd83000 FrameBuffer.cpp:3790] Failed to find ColorBuffer:1882
E0414 17:03:48.656772 fd83000 FrameBuffer.cpp:3790] Failed to find ColorBuffer:1883
E0414 17:03:48.656776 fd83000 FrameBuffer.cpp:3790] Failed to find ColorBuffer:1884
E0414 17:03:48.656780 fd83000 FrameBuffer.cpp:3790] Failed to find ColorBuffer:1895
E0414 17:03:48.656784 fd83000 FrameBuffer.cpp:3790] Failed to find ColorBuffer:1896
E0414 17:03:48.656788 fd83000 FrameBuffer.cpp:3790] Failed to find ColorBuffer:1897
E0414 17:03:48.656792 fd83000 FrameBuffer.cpp:3790] Failed to find ColorBuffer:1885
E0414 17:03:48.656796 fd83000 FrameBuffer.cpp:3790] Failed to find ColorBuffer:1886
E0414 17:03:48.656800 fd83000 FrameBuffer.cpp:3790] Failed to find ColorBuffer:1879
E0414 17:03:48.656804 fd83000 FrameBuffer.cpp:3790] Failed to find ColorBuffer:1887
E0414 17:03:48.656808 fd83000 FrameBuffer.cpp:3790] Failed to find ColorBuffer:1888
E0414 17:03:48.656812 fd83000 FrameBuffer.cpp:3790] Failed to find ColorBuffer:1889
E0414 17:03:48.656816 fd83000 FrameBuffer.cpp:3790] Failed to find ColorBuffer:1890
E0414 17:03:48.656820 fd83000 FrameBuffer.cpp:3790] Failed to find ColorBuffer:1880
E0414 17:03:48.656933 fd83000 FrameBuffer.cpp:3790] Failed to find ColorBuffer:1891
E0414 17:03:48.656941 fd83000 FrameBuffer.cpp:3790] Failed to find ColorBuffer:1893
E0414 17:03:48.656945 fd83000 FrameBuffer.cpp:3790] Failed to find ColorBuffer:1894
E0414 17:03:48.656949 fd83000 FrameBuffer.cpp:3790] Failed to find ColorBuffer:1892
E0414 17:03:48.656953 fd83000 FrameBuffer.cpp:3790] Failed to find ColorBuffer:1881
E0414 17:03:48.656957 fd83000 FrameBuffer.cpp:3790] Failed to find ColorBuffer:1882
E0414 17:03:48.656961 fd83000 FrameBuffer.cpp:3790] Failed to find ColorBuffer:1883
E0414 17:03:48.656965 fd83000 FrameBuffer.cpp:3790] Failed to find ColorBuffer:1884
E0414 17:03:48.656969 fd83000 FrameBuffer.cpp:3790] Failed to find ColorBuffer:1895
E0414 17:03:48.656973 fd83000 FrameBuffer.cpp:3790] Failed to find ColorBuffer:1896
E0414 17:03:48.656977 fd83000 FrameBuffer.cpp:3790] Failed to find ColorBuffer:1897
E0414 17:03:48.656981 fd83000 FrameBuffer.cpp:3790] Failed to find ColorBuffer:1885
E0414 17:03:48.656985 fd83000 FrameBuffer.cpp:3790] Failed to find ColorBuffer:1886
E0414 17:03:48.656989 fd83000 FrameBuffer.cpp:3790] Failed to find ColorBuffer:1879
E0414 17:03:48.656992 fd83000 FrameBuffer.cpp:3790] Failed to find ColorBuffer:1887
E0414 17:03:48.656996 fd83000 FrameBuffer.cpp:3790] Failed to find ColorBuffer:1888
E0414 17:03:48.657000 fd83000 FrameBuffer.cpp:3790] Failed to find ColorBuffer:1889
E0414 17:03:48.657004 fd83000 FrameBuffer.cpp:3790] Failed to find ColorBuffer:1890
E0414 17:03:48.657008 fd83000 FrameBuffer.cpp:3790] Failed to find ColorBuffer:1880
E0414 17:03:48.657012 fd83000 FrameBuffer.cpp:3790] Failed to find ColorBuffer:1891
E0414 17:03:48.657028 fd83000 FrameBuffer.cpp:3790] Failed to find ColorBuffer:1893
E0414 17:03:48.657032 fd83000 FrameBuffer.cpp:3790] Failed to find ColorBuffer:1894
E0414 17:03:48.657036 fd83000 FrameBuffer.cpp:3790] Failed to find ColorBuffer:1892
E0414 17:03:48.657040 fd83000 FrameBuffer.cpp:3790] Failed to find ColorBuffer:1881
E0414 17:03:48.657044 fd83000 FrameBuffer.cpp:3790] Failed to find ColorBuffer:1882
E0414 17:03:48.657048 fd83000 FrameBuffer.cpp:3790] Failed to find ColorBuffer:1883
E0414 17:03:48.657052 fd83000 FrameBuffer.cpp:3790] Failed to find ColorBuffer:1884
E0414 17:03:48.657056 fd83000 FrameBuffer.cpp:3790] Failed to find ColorBuffer:1895
E0414 17:03:48.657060 fd83000 FrameBuffer.cpp:3790] Failed to find ColorBuffer:1896
E0414 17:03:48.657064 fd83000 FrameBuffer.cpp:3790] Failed to find ColorBuffer:1897
E0414 17:03:48.657068 fd83000 FrameBuffer.cpp:3790] Failed to find ColorBuffer:1885
E0414 17:03:48.657072 fd83000 FrameBuffer.cpp:3790] Failed to find ColorBuffer:1886
E0414 17:03:48.657076 fd83000 FrameBuffer.cpp:3790] Failed to find ColorBuffer:1879
E0414 17:03:48.657080 fd83000 FrameBuffer.cpp:3790] Failed to find ColorBuffer:1887
E0414 17:03:48.657084 fd83000 FrameBuffer.cpp:3790] Failed to find ColorBuffer:1888
E0414 17:03:48.657088 fd83000 FrameBuffer.cpp:3790] Failed to find ColorBuffer:1889
E0414 17:03:48.657092 fd83000 FrameBuffer.cpp:3790] Failed to find ColorBuffer:1890
E0414 17:03:48.657095 fd83000 FrameBuffer.cpp:3790] Failed to find ColorBuffer:1880
E0414 17:03:48.657099 fd83000 FrameBuffer.cpp:3790] Failed to find ColorBuffer:1891
E0414 17:03:48.657104 fd83000 FrameBuffer.cpp:3790] Failed to find ColorBuffer:1893
E0414 17:03:48.657109 fd83000 FrameBuffer.cpp:3790] Failed to find ColorBuffer:1894
E0414 17:03:48.657115 fd83000 FrameBuffer.cpp:3790] Failed to find ColorBuffer:1892
E0414 17:03:48.657120 fd83000 FrameBuffer.cpp:3790] Failed to find ColorBuffer:1881
E0414 17:03:48.657125 fd83000 FrameBuffer.cpp:3790] Failed to find ColorBuffer:1882
E0414 17:03:48.657130 fd83000 FrameBuffer.cpp:3790] Failed to find ColorBuffer:1883
E0414 17:03:48.657134 fd83000 FrameBuffer.cpp:3790] Failed to find ColorBuffer:1884
E0414 17:03:48.657139 fd83000 FrameBuffer.cpp:3790] Failed to find ColorBuffer:1895
E0414 17:03:48.657144 fd83000 FrameBuffer.cpp:3790] Failed to find ColorBuffer:1896
E0414 17:03:48.657149 fd83000 FrameBuffer.cpp:3790] Failed to find ColorBuffer:1897
E0414 17:03:48.657154 fd83000 FrameBuffer.cpp:3790] Failed to find ColorBuffer:1885
E0414 17:03:48.657159 fd83000 FrameBuffer.cpp:3790] Failed to find ColorBuffer:1886
E0414 17:03:48.657163 fd83000 FrameBuffer.cpp:3790] Failed to find ColorBuffer:1879
E0414 17:03:48.657168 fd83000 FrameBuffer.cpp:3790] Failed to find ColorBuffer:1887
E0414 17:03:48.657173 fd83000 FrameBuffer.cpp:3790] Failed to find ColorBuffer:1888
E0414 17:03:48.657178 fd83000 FrameBuffer.cpp:3790] Failed to find ColorBuffer:1889
E0414 17:03:48.657183 fd83000 FrameBuffer.cpp:3790] Failed to find ColorBuffer:1890
E0414 17:03:48.657188 fd83000 FrameBuffer.cpp:3790] Failed to find ColorBuffer:1880
E0414 17:03:48.657193 fd83000 FrameBuffer.cpp:3790] Failed to find ColorBuffer:1891
E0414 17:03:48.657199 fd83000 FrameBuffer.cpp:3790] Failed to find ColorBuffer:1893
E0414 17:03:48.657204 fd83000 FrameBuffer.cpp:3790] Failed to find ColorBuffer:1894
E0414 17:03:48.657208 fd83000 FrameBuffer.cpp:3790] Failed to find ColorBuffer:1892
E0414 17:03:48.657213 fd83000 FrameBuffer.cpp:3790] Failed to find ColorBuffer:1881
E0414 17:03:48.657219 fd83000 FrameBuffer.cpp:3790] Failed to find ColorBuffer:1882
E0414 17:03:48.657223 fd83000 FrameBuffer.cpp:3790] Failed to find ColorBuffer:1883
E0414 17:03:48.657228 fd83000 FrameBuffer.cpp:3790] Failed to find ColorBuffer:1884
E0414 17:03:48.657233 fd83000 FrameBuffer.cpp:3790] Failed to find ColorBuffer:1895
E0414 17:03:48.657238 fd83000 FrameBuffer.cpp:3790] Failed to find ColorBuffer:1896
E0414 17:03:48.657243 fd83000 FrameBuffer.cpp:3790] Failed to find ColorBuffer:1897
E0414 17:03:48.657248 fd83000 FrameBuffer.cpp:3790] Failed to find ColorBuffer:1885
E0414 17:03:48.657263 fd83000 FrameBuffer.cpp:3790] Failed to find ColorBuffer:1886
E0414 17:03:48.657268 fd83000 FrameBuffer.cpp:3790] Failed to find ColorBuffer:1879
E0414 17:03:48.657272 fd83000 FrameBuffer.cpp:3790] Failed to find ColorBuffer:1887
E0414 17:03:48.657276 fd83000 FrameBuffer.cpp:3790] Failed to find ColorBuffer:1888
E0414 17:03:48.657280 fd83000 FrameBuffer.cpp:3790] Failed to find ColorBuffer:1889
E0414 17:03:48.657284 fd83000 FrameBuffer.cpp:3790] Failed to find ColorBuffer:1890
E0414 17:03:48.657289 fd83000 FrameBuffer.cpp:3790] Failed to find ColorBuffer:1880
E0414 17:03:48.657293 fd83000 FrameBuffer.cpp:3790] Failed to find ColorBuffer:1891
E0414 17:03:48.657297 fd83000 FrameBuffer.cpp:3790] Failed to find ColorBuffer:1893
E0414 17:03:48.657301 fd83000 FrameBuffer.cpp:3790] Failed to find ColorBuffer:1894
E0414 17:03:48.657305 fd83000 FrameBuffer.cpp:3790] Failed to find ColorBuffer:1892
E0414 17:03:48.657308 fd83000 FrameBuffer.cpp:3790] Failed to find ColorBuffer:1881
E0414 17:03:48.657312 fd83000 FrameBuffer.cpp:3790] Failed to find ColorBuffer:1882
E0414 17:03:48.657317 fd83000 FrameBuffer.cpp:3790] Failed to find ColorBuffer:1883
E0414 17:03:48.657320 fd83000 FrameBuffer.cpp:3790] Failed to find ColorBuffer:1884
E0414 17:03:48.657324 fd83000 FrameBuffer.cpp:3790] Failed to find ColorBuffer:1895
E0414 17:03:48.657328 fd83000 FrameBuffer.cpp:3790] Failed to find ColorBuffer:1896
E0414 17:03:48.657333 fd83000 FrameBuffer.cpp:3790] Failed to find ColorBuffer:1897
E0414 17:03:48.657337 fd83000 FrameBuffer.cpp:3790] Failed to find ColorBuffer:1885
E0414 17:03:48.657341 fd83000 FrameBuffer.cpp:3790] Failed to find ColorBuffer:1886
E0414 17:03:48.657345 fd83000 FrameBuffer.cpp:3790] Failed to find ColorBuffer:1879
E0414 17:03:48.657349 fd83000 FrameBuffer.cpp:3790] Failed to find ColorBuffer:1887
E0414 17:03:48.657353 fd83000 FrameBuffer.cpp:3790] Failed to find ColorBuffer:1888
E0414 17:03:48.657356 fd83000 FrameBuffer.cpp:3790] Failed to find ColorBuffer:1889
E0414 17:03:48.657361 fd83000 FrameBuffer.cpp:3790] Failed to find ColorBuffer:1890
E0414 17:03:48.657365 fd83000 FrameBuffer.cpp:3790] Failed to find ColorBuffer:1880
E0414 17:03:48.657369 fd83000 FrameBuffer.cpp:3790] Failed to find ColorBuffer:1891
E0414 17:03:48.657375 fd83000 FrameBuffer.cpp:3790] Failed to find ColorBuffer:1893
E0414 17:03:48.657380 fd83000 FrameBuffer.cpp:3790] Failed to find ColorBuffer:1894
E0414 17:03:48.657384 fd83000 FrameBuffer.cpp:3790] Failed to find ColorBuffer:1892
E0414 17:03:48.657388 fd83000 FrameBuffer.cpp:3790] Failed to find ColorBuffer:1881
E0414 17:03:48.657391 fd83000 FrameBuffer.cpp:3790] Failed to find ColorBuffer:1882
E0414 17:03:48.657395 fd83000 FrameBuffer.cpp:3790] Failed to find ColorBuffer:1883
E0414 17:03:48.657400 fd83000 FrameBuffer.cpp:3790] Failed to find ColorBuffer:1884
E0414 17:03:48.657404 fd83000 FrameBuffer.cpp:3790] Failed to find ColorBuffer:1895
E0414 17:03:48.657408 fd83000 FrameBuffer.cpp:3790] Failed to find ColorBuffer:1896
E0414 17:03:48.657412 fd83000 FrameBuffer.cpp:3790] Failed to find ColorBuffer:1897
E0414 17:03:48.657416 fd83000 FrameBuffer.cpp:3790] Failed to find ColorBuffer:1885
E0414 17:03:48.657420 fd83000 FrameBuffer.cpp:3790] Failed to find ColorBuffer:1886
E0414 17:03:48.657424 fd83000 FrameBuffer.cpp:3790] Failed to find ColorBuffer:1879
E0414 17:03:48.657428 fd83000 FrameBuffer.cpp:3790] Failed to find ColorBuffer:1887
E0414 17:03:48.657432 fd83000 FrameBuffer.cpp:3790] Failed to find ColorBuffer:1888
E0414 17:03:48.657436 fd83000 FrameBuffer.cpp:3790] Failed to find ColorBuffer:1889
E0414 17:03:48.657440 fd83000 FrameBuffer.cpp:3790] Failed to find ColorBuffer:1890
E0414 17:03:48.657444 fd83000 FrameBuffer.cpp:3790] Failed to find ColorBuffer:1880
E0414 17:03:48.657447 fd83000 FrameBuffer.cpp:3790] Failed to find ColorBuffer:1891
E0414 17:03:48.657451 fd83000 FrameBuffer.cpp:3790] Failed to find ColorBuffer:1893
E0414 17:03:48.657455 fd83000 FrameBuffer.cpp:3790] Failed to find ColorBuffer:1894
E0414 17:03:48.657460 fd83000 FrameBuffer.cpp:3790] Failed to find ColorBuffer:1892
E0414 17:03:48.657475 fd83000 FrameBuffer.cpp:3790] Failed to find ColorBuffer:1881
E0414 17:03:48.657479 fd83000 FrameBuffer.cpp:3790] Failed to find ColorBuffer:1882
E0414 17:03:48.657483 fd83000 FrameBuffer.cpp:3790] Failed to find ColorBuffer:1883
E0414 17:03:48.657487 fd83000 FrameBuffer.cpp:3790] Failed to find ColorBuffer:1884
E0414 17:03:48.657490 fd83000 FrameBuffer.cpp:3790] Failed to find ColorBuffer:1895
E0414 17:03:48.657494 fd83000 FrameBuffer.cpp:3790] Failed to find ColorBuffer:1896
E0414 17:03:48.657499 fd83000 FrameBuffer.cpp:3790] Failed to find ColorBuffer:1897
E0414 17:03:48.657503 fd83000 FrameBuffer.cpp:3790] Failed to find ColorBuffer:1885
E0414 17:03:48.657507 fd83000 FrameBuffer.cpp:3790] Failed to find ColorBuffer:1886
E0414 17:03:48.657511 fd83000 FrameBuffer.cpp:3790] Failed to find ColorBuffer:1879
E0414 17:03:48.657515 fd83000 FrameBuffer.cpp:3790] Failed to find ColorBuffer:1887
E0414 17:03:48.657519 fd83000 FrameBuffer.cpp:3790] Failed to find ColorBuffer:1888
E0414 17:03:48.657522 fd83000 FrameBuffer.cpp:3790] Failed to find ColorBuffer:1889
E0414 17:03:48.657526 fd83000 FrameBuffer.cpp:3790] Failed to find ColorBuffer:1890
E0414 17:03:48.657530 fd83000 FrameBuffer.cpp:3790] Failed to find ColorBuffer:1880
E0414 17:03:48.657534 fd83000 FrameBuffer.cpp:3790] Failed to find ColorBuffer:1891
E0414 17:03:48.657537 fd83000 FrameBuffer.cpp:3790] Failed to find ColorBuffer:1893
E0414 17:03:48.657541 fd83000 FrameBuffer.cpp:3790] Failed to find ColorBuffer:1894
E0414 17:03:48.657546 fd83000 FrameBuffer.cpp:3790] Failed to find ColorBuffer:1892
E0414 17:03:48.657549 fd83000 FrameBuffer.cpp:3790] Failed to find ColorBuffer:1881
E0414 17:03:48.657553 fd83000 FrameBuffer.cpp:3790] Failed to find ColorBuffer:1882
E0414 17:03:48.657557 fd83000 FrameBuffer.cpp:3790] Failed to find ColorBuffer:1883
E0414 17:03:48.657561 fd83000 FrameBuffer.cpp:3790] Failed to find ColorBuffer:1884
E0414 17:03:48.657565 fd83000 FrameBuffer.cpp:3790] Failed to find ColorBuffer:1895
E0414 17:03:48.657569 fd83000 FrameBuffer.cpp:3790] Failed to find ColorBuffer:1896
E0414 17:03:48.657573 fd83000 FrameBuffer.cpp:3790] Failed to find ColorBuffer:1897
E0414 17:03:48.657576 fd83000 FrameBuffer.cpp:3790] Failed to find ColorBuffer:1885
E0414 17:03:48.657580 fd83000 FrameBuffer.cpp:3790] Failed to find ColorBuffer:1886
E0414 17:03:48.657584 fd83000 FrameBuffer.cpp:3790] Failed to find ColorBuffer:1879
E0414 17:03:48.657588 fd83000 FrameBuffer.cpp:3790] Failed to find ColorBuffer:1887
E0414 17:03:48.657592 fd83000 FrameBuffer.cpp:3790] Failed to find ColorBuffer:1888
E0414 17:03:48.657595 fd83000 FrameBuffer.cpp:3790] Failed to find ColorBuffer:1889
E0414 17:03:48.657599 fd83000 FrameBuffer.cpp:3790] Failed to find ColorBuffer:1890
E0414 17:03:48.657603 fd83000 FrameBuffer.cpp:3790] Failed to find ColorBuffer:1880
E0414 17:03:48.657607 fd83000 FrameBuffer.cpp:3790] Failed to find ColorBuffer:1891
E0414 17:03:48.657611 fd83000 FrameBuffer.cpp:3790] Failed to find ColorBuffer:1893
E0414 17:03:48.657615 fd83000 FrameBuffer.cpp:3790] Failed to find ColorBuffer:1894
E0414 17:03:48.657618 fd83000 FrameBuffer.cpp:3790] Failed to find ColorBuffer:1892
E0414 17:03:48.657622 fd83000 FrameBuffer.cpp:3790] Failed to find ColorBuffer:1881
E0414 17:03:48.657626 fd83000 FrameBuffer.cpp:3790] Failed to find ColorBuffer:1882
E0414 17:03:48.657630 fd83000 FrameBuffer.cpp:3790] Failed to find ColorBuffer:1883
E0414 17:03:48.657633 fd83000 FrameBuffer.cpp:3790] Failed to find ColorBuffer:1884
E0414 17:03:48.657637 fd83000 FrameBuffer.cpp:3790] Failed to find ColorBuffer:1895
E0414 17:03:48.657641 fd83000 FrameBuffer.cpp:3790] Failed to find ColorBuffer:1896
E0414 17:03:48.657645 fd83000 FrameBuffer.cpp:3790] Failed to find ColorBuffer:1897
E0414 17:03:48.657649 fd83000 FrameBuffer.cpp:3790] Failed to find ColorBuffer:1885
E0414 17:03:48.657653 fd83000 FrameBuffer.cpp:3790] Failed to find ColorBuffer:1886
E0414 17:03:48.657657 fd83000 FrameBuffer.cpp:3790] Failed to find ColorBuffer:1879
E0414 17:03:48.657670 fd83000 FrameBuffer.cpp:3790] Failed to find ColorBuffer:1887
E0414 17:03:48.657674 fd83000 FrameBuffer.cpp:3790] Failed to find ColorBuffer:1888
E0414 17:03:48.657678 fd83000 FrameBuffer.cpp:3790] Failed to find ColorBuffer:1889
E0414 17:03:48.657682 fd83000 FrameBuffer.cpp:3790] Failed to find ColorBuffer:1890
E0414 17:03:48.657686 fd83000 FrameBuffer.cpp:3790] Failed to find ColorBuffer:1880
E0414 17:03:48.657690 fd83000 FrameBuffer.cpp:3790] Failed to find ColorBuffer:1891
E0414 17:03:48.657693 fd83000 FrameBuffer.cpp:3790] Failed to find ColorBuffer:1893
E0414 17:03:48.657697 fd83000 FrameBuffer.cpp:3790] Failed to find ColorBuffer:1894
E0414 17:03:48.657701 fd83000 FrameBuffer.cpp:3790] Failed to find ColorBuffer:1892
E0414 17:03:48.657705 fd83000 FrameBuffer.cpp:3790] Failed to find ColorBuffer:1881
E0414 17:03:48.657708 fd83000 FrameBuffer.cpp:3790] Failed to find ColorBuffer:1882
E0414 17:03:48.657712 fd83000 FrameBuffer.cpp:3790] Failed to find ColorBuffer:1883
E0414 17:03:48.657716 fd83000 FrameBuffer.cpp:3790] Failed to find ColorBuffer:1884
E0414 17:03:48.657719 fd83000 FrameBuffer.cpp:3790] Failed to find ColorBuffer:1895
E0414 17:03:48.657723 fd83000 FrameBuffer.cpp:3790] Failed to find ColorBuffer:1896
E0414 17:03:48.657727 fd83000 FrameBuffer.cpp:3790] Failed to find ColorBuffer:1897
E0414 17:03:48.657730 fd83000 FrameBuffer.cpp:3790] Failed to find ColorBuffer:1885
E0414 17:03:48.657734 fd83000 FrameBuffer.cpp:3790] Failed to find ColorBuffer:1886
E0414 17:03:48.657738 fd83000 FrameBuffer.cpp:3790] Failed to find ColorBuffer:1879
E0414 17:03:48.657742 fd83000 FrameBuffer.cpp:3790] Failed to find ColorBuffer:1887
E0414 17:03:48.657745 fd83000 FrameBuffer.cpp:3790] Failed to find ColorBuffer:1888
E0414 17:03:48.657749 fd83000 FrameBuffer.cpp:3790] Failed to find ColorBuffer:1889
E0414 17:03:48.657753 fd83000 FrameBuffer.cpp:3790] Failed to find ColorBuffer:1890
E0414 17:03:48.657756 fd83000 FrameBuffer.cpp:3790] Failed to find ColorBuffer:1880
E0414 17:03:48.657760 fd83000 FrameBuffer.cpp:3790] Failed to find ColorBuffer:1891
E0414 17:03:48.657764 fd83000 FrameBuffer.cpp:3790] Failed to find ColorBuffer:1893
E0414 17:03:48.657768 fd83000 FrameBuffer.cpp:3790] Failed to find ColorBuffer:1894
E0414 17:03:48.657771 fd83000 FrameBuffer.cpp:3790] Failed to find ColorBuffer:1892
E0414 17:03:48.657775 fd83000 FrameBuffer.cpp:3790] Failed to find ColorBuffer:1881
E0414 17:03:48.657779 fd83000 FrameBuffer.cpp:3790] Failed to find ColorBuffer:1882
E0414 17:03:48.657782 fd83000 FrameBuffer.cpp:3790] Failed to find ColorBuffer:1883
E0414 17:03:48.657786 fd83000 FrameBuffer.cpp:3790] Failed to find ColorBuffer:1884
E0414 17:03:48.657790 fd83000 FrameBuffer.cpp:3790] Failed to find ColorBuffer:1895
E0414 17:03:48.657794 fd83000 FrameBuffer.cpp:3790] Failed to find ColorBuffer:1896
E0414 17:03:48.657798 fd83000 FrameBuffer.cpp:3790] Failed to find ColorBuffer:1897
E0414 17:03:48.657802 fd83000 FrameBuffer.cpp:3790] Failed to find ColorBuffer:1885
E0414 17:03:48.657806 fd83000 FrameBuffer.cpp:3790] Failed to find ColorBuffer:1886
E0414 17:03:48.657809 fd83000 FrameBuffer.cpp:3790] Failed to find ColorBuffer:1879
E0414 17:03:48.657813 fd83000 FrameBuffer.cpp:3790] Failed to find ColorBuffer:1887
E0414 17:03:48.657817 fd83000 FrameBuffer.cpp:3790] Failed to find ColorBuffer:1888
E0414 17:03:48.657821 fd83000 FrameBuffer.cpp:3790] Failed to find ColorBuffer:1889
E0414 17:03:48.657825 fd83000 FrameBuffer.cpp:3790] Failed to find ColorBuffer:1890
E0414 17:03:48.657828 fd83000 FrameBuffer.cpp:3790] Failed to find ColorBuffer:1880
E0414 17:03:48.657832 fd83000 FrameBuffer.cpp:3790] Failed to find ColorBuffer:1891
E0414 17:03:48.657836 fd83000 FrameBuffer.cpp:3790] Failed to find ColorBuffer:1893
E0414 17:03:48.657840 fd83000 FrameBuffer.cpp:3790] Failed to find ColorBuffer:1894
E0414 17:03:48.657843 fd83000 FrameBuffer.cpp:3790] Failed to find ColorBuffer:1892
E0414 17:03:48.657847 fd83000 FrameBuffer.cpp:3790] Failed to find ColorBuffer:1881
E0414 17:03:48.657851 fd83000 FrameBuffer.cpp:3790] Failed to find ColorBuffer:1882
E0414 17:03:48.657865 fd83000 FrameBuffer.cpp:3790] Failed to find ColorBuffer:1883
E0414 17:03:48.657870 fd83000 FrameBuffer.cpp:3790] Failed to find ColorBuffer:1884
E0414 17:03:48.657875 fd83000 FrameBuffer.cpp:3790] Failed to find ColorBuffer:1895
E0414 17:03:48.657880 fd83000 FrameBuffer.cpp:3790] Failed to find ColorBuffer:1896
E0414 17:03:48.657884 fd83000 FrameBuffer.cpp:3790] Failed to find ColorBuffer:1897
E0414 17:03:48.657889 fd83000 FrameBuffer.cpp:3790] Failed to find ColorBuffer:1885
E0414 17:03:48.657894 fd83000 FrameBuffer.cpp:3790] Failed to find ColorBuffer:1886
E0414 17:03:48.657899 fd83000 FrameBuffer.cpp:3790] Failed to find ColorBuffer:1879
E0414 17:03:48.657903 fd83000 FrameBuffer.cpp:3790] Failed to find ColorBuffer:1887
E0414 17:03:48.657908 fd83000 FrameBuffer.cpp:3790] Failed to find ColorBuffer:1888
E0414 17:03:48.657913 fd83000 FrameBuffer.cpp:3790] Failed to find ColorBuffer:1889
E0414 17:03:48.657919 fd83000 FrameBuffer.cpp:3790] Failed to find ColorBuffer:1890
E0414 17:03:48.657923 fd83000 FrameBuffer.cpp:3790] Failed to find ColorBuffer:1880
E0414 17:03:48.657931 fd83000 FrameBuffer.cpp:3790] Failed to find ColorBuffer:1891
E0414 17:03:48.657935 fd83000 FrameBuffer.cpp:3790] Failed to find ColorBuffer:1893
E0414 17:03:48.657940 fd83000 FrameBuffer.cpp:3790] Failed to find ColorBuffer:1894
E0414 17:03:48.657945 fd83000 FrameBuffer.cpp:3790] Failed to find ColorBuffer:1892
E0414 17:03:48.657950 fd83000 FrameBuffer.cpp:3790] Failed to find ColorBuffer:1881
E0414 17:03:48.657954 fd83000 FrameBuffer.cpp:3790] Failed to find ColorBuffer:1882
E0414 17:03:48.657959 fd83000 FrameBuffer.cpp:3790] Failed to find ColorBuffer:1883
E0414 17:03:48.657964 fd83000 FrameBuffer.cpp:3790] Failed to find ColorBuffer:1884
E0414 17:03:48.657969 fd83000 FrameBuffer.cpp:3790] Failed to find ColorBuffer:1895
E0414 17:03:48.657975 fd83000 FrameBuffer.cpp:3790] Failed to find ColorBuffer:1896
E0414 17:03:48.657980 fd83000 FrameBuffer.cpp:3790] Failed to find ColorBuffer:1897
E0414 17:03:48.657984 fd83000 FrameBuffer.cpp:3790] Failed to find ColorBuffer:1885
E0414 17:03:48.657990 fd83000 FrameBuffer.cpp:3790] Failed to find ColorBuffer:1886
E0414 17:03:48.657994 fd83000 FrameBuffer.cpp:3790] Failed to find ColorBuffer:1879
E0414 17:03:48.658000 fd83000 FrameBuffer.cpp:3790] Failed to find ColorBuffer:1887
E0414 17:03:48.658004 fd83000 FrameBuffer.cpp:3790] Failed to find ColorBuffer:1888
E0414 17:03:48.658009 fd83000 FrameBuffer.cpp:3790] Failed to find ColorBuffer:1889
E0414 17:03:48.658012 fd83000 FrameBuffer.cpp:3790] Failed to find ColorBuffer:1890
E0414 17:03:48.658016 fd83000 FrameBuffer.cpp:3790] Failed to find ColorBuffer:1880
E0414 17:03:48.658020 fd83000 FrameBuffer.cpp:3790] Failed to find ColorBuffer:1891
E0414 17:03:48.658024 fd83000 FrameBuffer.cpp:3790] Failed to find ColorBuffer:1893
E0414 17:03:48.658027 fd83000 FrameBuffer.cpp:3790] Failed to find ColorBuffer:1894
E0414 17:03:48.658032 fd83000 FrameBuffer.cpp:3790] Failed to find ColorBuffer:1892
E0414 17:03:48.658035 fd83000 FrameBuffer.cpp:3790] Failed to find ColorBuffer:1881
E0414 17:03:48.658039 fd83000 FrameBuffer.cpp:3790] Failed to find ColorBuffer:1882
E0414 17:03:48.658043 fd83000 FrameBuffer.cpp:3790] Failed to find ColorBuffer:1883
E0414 17:03:48.658047 fd83000 FrameBuffer.cpp:3790] Failed to find ColorBuffer:1884
E0414 17:03:48.658051 fd83000 FrameBuffer.cpp:3790] Failed to find ColorBuffer:1895
E0414 17:03:48.658055 fd83000 FrameBuffer.cpp:3790] Failed to find ColorBuffer:1896
E0414 17:03:48.658059 fd83000 FrameBuffer.cpp:3790] Failed to find ColorBuffer:1897
E0414 17:03:48.658063 fd83000 FrameBuffer.cpp:3790] Failed to find ColorBuffer:1885
E0414 17:03:48.658067 fd83000 FrameBuffer.cpp:3790] Failed to find ColorBuffer:1886
E0414 17:03:48.658143 fd83000 FrameBuffer.cpp:3790] Failed to find ColorBuffer:1879
E0414 17:03:48.658148 fd83000 FrameBuffer.cpp:3790] Failed to find ColorBuffer:1887
E0414 17:03:48.658152 fd83000 FrameBuffer.cpp:3790] Failed to find ColorBuffer:1888
E0414 17:03:48.658156 fd83000 FrameBuffer.cpp:3790] Failed to find ColorBuffer:1889
E0414 17:03:48.658171 fd83000 FrameBuffer.cpp:3790] Failed to find ColorBuffer:1890
E0414 17:03:48.658176 fd83000 FrameBuffer.cpp:3790] Failed to find ColorBuffer:1880
E0414 17:03:48.658180 fd83000 FrameBuffer.cpp:3790] Failed to find ColorBuffer:1891
E0414 17:03:48.658185 fd83000 FrameBuffer.cpp:3790] Failed to find ColorBuffer:1893
E0414 17:03:48.658189 fd83000 FrameBuffer.cpp:3790] Failed to find ColorBuffer:1894
E0414 17:03:48.658193 fd83000 FrameBuffer.cpp:3790] Failed to find ColorBuffer:1892
E0414 17:03:48.658197 fd83000 FrameBuffer.cpp:3790] Failed to find ColorBuffer:1881
E0414 17:03:48.658201 fd83000 FrameBuffer.cpp:3790] Failed to find ColorBuffer:1882
E0414 17:03:48.658206 fd83000 FrameBuffer.cpp:3790] Failed to find ColorBuffer:1883
E0414 17:03:48.658210 fd83000 FrameBuffer.cpp:3790] Failed to find ColorBuffer:1884
E0414 17:03:48.658214 fd83000 FrameBuffer.cpp:3790] Failed to find ColorBuffer:1895
E0414 17:03:48.658219 fd83000 FrameBuffer.cpp:3790] Failed to find ColorBuffer:1896
E0414 17:03:48.658224 fd83000 FrameBuffer.cpp:3790] Failed to find ColorBuffer:1897
E0414 17:03:48.658228 fd83000 FrameBuffer.cpp:3790] Failed to find ColorBuffer:1885
E0414 17:03:48.658233 fd83000 FrameBuffer.cpp:3790] Failed to find ColorBuffer:1886
E0414 17:03:48.658237 fd83000 FrameBuffer.cpp:3790] Failed to find ColorBuffer:1879
E0414 17:03:48.658242 fd83000 FrameBuffer.cpp:3790] Failed to find ColorBuffer:1887
E0414 17:03:48.658246 fd83000 FrameBuffer.cpp:3790] Failed to find ColorBuffer:1888
E0414 17:03:48.658250 fd83000 FrameBuffer.cpp:3790] Failed to find ColorBuffer:1889
E0414 17:03:48.658254 fd83000 FrameBuffer.cpp:3790] Failed to find ColorBuffer:1890
E0414 17:03:48.658257 fd83000 FrameBuffer.cpp:3790] Failed to find ColorBuffer:1880
E0414 17:03:48.658327 fd83000 FrameBuffer.cpp:3790] Failed to find ColorBuffer:1891
E0414 17:03:48.658334 fd83000 FrameBuffer.cpp:3790] Failed to find ColorBuffer:1893
E0414 17:03:48.658338 fd83000 FrameBuffer.cpp:3790] Failed to find ColorBuffer:1894
E0414 17:03:48.658343 fd83000 FrameBuffer.cpp:3790] Failed to find ColorBuffer:1892
E0414 17:03:48.658346 fd83000 FrameBuffer.cpp:3790] Failed to find ColorBuffer:1881
E0414 17:03:48.658351 fd83000 FrameBuffer.cpp:3790] Failed to find ColorBuffer:1882
E0414 17:03:48.658355 fd83000 FrameBuffer.cpp:3790] Failed to find ColorBuffer:1883
E0414 17:03:48.658360 fd83000 FrameBuffer.cpp:3790] Failed to find ColorBuffer:1884
E0414 17:03:48.658365 fd83000 FrameBuffer.cpp:3790] Failed to find ColorBuffer:1895
E0414 17:03:48.658369 fd83000 FrameBuffer.cpp:3790] Failed to find ColorBuffer:1896
E0414 17:03:48.658374 fd83000 FrameBuffer.cpp:3790] Failed to find ColorBuffer:1897
E0414 17:03:48.658379 fd83000 FrameBuffer.cpp:3790] Failed to find ColorBuffer:1885
E0414 17:03:48.658383 fd83000 FrameBuffer.cpp:3790] Failed to find ColorBuffer:1886
E0414 17:03:48.658389 fd83000 FrameBuffer.cpp:3790] Failed to find ColorBuffer:1879
E0414 17:03:48.658393 fd83000 FrameBuffer.cpp:3790] Failed to find ColorBuffer:1887
E0414 17:03:48.658397 fd83000 FrameBuffer.cpp:3790] Failed to find ColorBuffer:1888
E0414 17:03:48.658401 fd83000 FrameBuffer.cpp:3790] Failed to find ColorBuffer:1889
E0414 17:03:48.658405 fd83000 FrameBuffer.cpp:3790] Failed to find ColorBuffer:1890
E0414 17:03:48.658409 fd83000 FrameBuffer.cpp:3790] Failed to find ColorBuffer:1880
E0414 17:03:48.658413 fd83000 FrameBuffer.cpp:3790] Failed to find ColorBuffer:1891
E0414 17:03:48.658417 fd83000 FrameBuffer.cpp:3790] Failed to find ColorBuffer:1893
E0414 17:03:48.658422 fd83000 FrameBuffer.cpp:3790] Failed to find ColorBuffer:1894
E0414 17:03:48.658426 fd83000 FrameBuffer.cpp:3790] Failed to find ColorBuffer:1892
E0414 17:03:48.658430 fd83000 FrameBuffer.cpp:3790] Failed to find ColorBuffer:1881
E0414 17:03:48.658434 fd83000 FrameBuffer.cpp:3790] Failed to find ColorBuffer:1882
E0414 17:03:48.658438 fd83000 FrameBuffer.cpp:3790] Failed to find ColorBuffer:1883
E0414 17:03:48.658441 fd83000 FrameBuffer.cpp:3790] Failed to find ColorBuffer:1884
E0414 17:03:48.658445 fd83000 FrameBuffer.cpp:3790] Failed to find ColorBuffer:1895
E0414 17:03:48.658460 fd83000 FrameBuffer.cpp:3790] Failed to find ColorBuffer:1896
E0414 17:03:48.658465 fd83000 FrameBuffer.cpp:3790] Failed to find ColorBuffer:1897
E0414 17:03:48.658469 fd83000 FrameBuffer.cpp:3790] Failed to find ColorBuffer:1885
E0414 17:03:48.658473 fd83000 FrameBuffer.cpp:3790] Failed to find ColorBuffer:1886
E0414 17:03:48.658477 fd83000 FrameBuffer.cpp:3790] Failed to find ColorBuffer:1879
E0414 17:03:48.658481 fd83000 FrameBuffer.cpp:3790] Failed to find ColorBuffer:1887
E0414 17:03:48.658484 fd83000 FrameBuffer.cpp:3790] Failed to find ColorBuffer:1888
E0414 17:03:48.658488 fd83000 FrameBuffer.cpp:3790] Failed to find ColorBuffer:1889
E0414 17:03:48.658492 fd83000 FrameBuffer.cpp:3790] Failed to find ColorBuffer:1890
E0414 17:03:48.658496 fd83000 FrameBuffer.cpp:3790] Failed to find ColorBuffer:1880
E0414 17:03:48.658499 fd83000 FrameBuffer.cpp:3790] Failed to find ColorBuffer:1891
E0414 17:03:48.658504 fd83000 FrameBuffer.cpp:3790] Failed to find ColorBuffer:1893
E0414 17:03:48.658508 fd83000 FrameBuffer.cpp:3790] Failed to find ColorBuffer:1894
E0414 17:03:48.658512 fd83000 FrameBuffer.cpp:3790] Failed to find ColorBuffer:1892
E0414 17:03:48.658516 fd83000 FrameBuffer.cpp:3790] Failed to find ColorBuffer:1881
E0414 17:03:48.658519 fd83000 FrameBuffer.cpp:3790] Failed to find ColorBuffer:1882
E0414 17:03:48.658523 fd83000 FrameBuffer.cpp:3790] Failed to find ColorBuffer:1883
E0414 17:03:48.658527 fd83000 FrameBuffer.cpp:3790] Failed to find ColorBuffer:1884
E0414 17:03:48.658531 fd83000 FrameBuffer.cpp:3790] Failed to find ColorBuffer:1895
E0414 17:03:48.658534 fd83000 FrameBuffer.cpp:3790] Failed to find ColorBuffer:1896
E0414 17:03:48.658538 fd83000 FrameBuffer.cpp:3790] Failed to find ColorBuffer:1897
E0414 17:03:48.658542 fd83000 FrameBuffer.cpp:3790] Failed to find ColorBuffer:1885
E0414 17:03:48.658546 fd83000 FrameBuffer.cpp:3790] Failed to find ColorBuffer:1886
E0414 17:03:48.658550 fd83000 FrameBuffer.cpp:3790] Failed to find ColorBuffer:1879
E0414 17:03:48.658553 fd83000 FrameBuffer.cpp:3790] Failed to find ColorBuffer:1887
E0414 17:03:48.658557 fd83000 FrameBuffer.cpp:3790] Failed to find ColorBuffer:1888
E0414 17:03:48.658561 fd83000 FrameBuffer.cpp:3790] Failed to find ColorBuffer:1889
E0414 17:03:48.658565 fd83000 FrameBuffer.cpp:3790] Failed to find ColorBuffer:1890
E0414 17:03:48.658569 fd83000 FrameBuffer.cpp:3790] Failed to find ColorBuffer:1880
E0414 17:03:48.658573 fd83000 FrameBuffer.cpp:3790] Failed to find ColorBuffer:1891
E0414 17:03:48.658577 fd83000 FrameBuffer.cpp:3790] Failed to find ColorBuffer:1893
E0414 17:03:48.658581 fd83000 FrameBuffer.cpp:3790] Failed to find ColorBuffer:1894
E0414 17:03:48.658585 fd83000 FrameBuffer.cpp:3790] Failed to find ColorBuffer:1892
E0414 17:03:48.658588 fd83000 FrameBuffer.cpp:3790] Failed to find ColorBuffer:1881
E0414 17:03:48.658593 fd83000 FrameBuffer.cpp:3790] Failed to find ColorBuffer:1882
E0414 17:03:48.658597 fd83000 FrameBuffer.cpp:3790] Failed to find ColorBuffer:1883
E0414 17:03:48.658600 fd83000 FrameBuffer.cpp:3790] Failed to find ColorBuffer:1884
E0414 17:03:48.658605 fd83000 FrameBuffer.cpp:3790] Failed to find ColorBuffer:1895
E0414 17:03:48.658609 fd83000 FrameBuffer.cpp:3790] Failed to find ColorBuffer:1896
E0414 17:03:48.658612 fd83000 FrameBuffer.cpp:3790] Failed to find ColorBuffer:1897
E0414 17:03:48.658616 fd83000 FrameBuffer.cpp:3790] Failed to find ColorBuffer:1885
E0414 17:03:48.658620 fd83000 FrameBuffer.cpp:3790] Failed to find ColorBuffer:1886
E0414 17:03:48.658624 fd83000 FrameBuffer.cpp:3790] Failed to find ColorBuffer:1879
E0414 17:03:48.658627 fd83000 FrameBuffer.cpp:3790] Failed to find ColorBuffer:1887
E0414 17:03:48.658631 fd83000 FrameBuffer.cpp:3790] Failed to find ColorBuffer:1888
E0414 17:03:48.658635 fd83000 FrameBuffer.cpp:3790] Failed to find ColorBuffer:1889
E0414 17:03:48.658639 fd83000 FrameBuffer.cpp:3790] Failed to find ColorBuffer:1890
E0414 17:03:48.658642 fd83000 FrameBuffer.cpp:3790] Failed to find ColorBuffer:1880
E0414 17:03:48.658657 fd83000 FrameBuffer.cpp:3790] Failed to find ColorBuffer:1891
E0414 17:03:48.658662 fd83000 FrameBuffer.cpp:3790] Failed to find ColorBuffer:1893
E0414 17:03:48.658666 fd83000 FrameBuffer.cpp:3790] Failed to find ColorBuffer:1894
E0414 17:03:48.658670 fd83000 FrameBuffer.cpp:3790] Failed to find ColorBuffer:1892
E0414 17:03:48.658674 fd83000 FrameBuffer.cpp:3790] Failed to find ColorBuffer:1881
E0414 17:03:48.658678 fd83000 FrameBuffer.cpp:3790] Failed to find ColorBuffer:1882
E0414 17:03:48.658682 fd83000 FrameBuffer.cpp:3790] Failed to find ColorBuffer:1883
E0414 17:03:48.658685 fd83000 FrameBuffer.cpp:3790] Failed to find ColorBuffer:1884
E0414 17:03:48.658689 fd83000 FrameBuffer.cpp:3790] Failed to find ColorBuffer:1895
E0414 17:03:48.658693 fd83000 FrameBuffer.cpp:3790] Failed to find ColorBuffer:1896
E0414 17:03:48.658697 fd83000 FrameBuffer.cpp:3790] Failed to find ColorBuffer:1897
E0414 17:03:48.658701 fd83000 FrameBuffer.cpp:3790] Failed to find ColorBuffer:1885
E0414 17:03:48.658704 fd83000 FrameBuffer.cpp:3790] Failed to find ColorBuffer:1886
E0414 17:03:48.658708 fd83000 FrameBuffer.cpp:3790] Failed to find ColorBuffer:1879
E0414 17:03:48.658712 fd83000 FrameBuffer.cpp:3790] Failed to find ColorBuffer:1887
E0414 17:03:48.658715 fd83000 FrameBuffer.cpp:3790] Failed to find ColorBuffer:1888
E0414 17:03:48.658719 fd83000 FrameBuffer.cpp:3790] Failed to find ColorBuffer:1889
E0414 17:03:48.658723 fd83000 FrameBuffer.cpp:3790] Failed to find ColorBuffer:1890
E0414 17:03:48.658726 fd83000 FrameBuffer.cpp:3790] Failed to find ColorBuffer:1880
E0414 17:03:48.658730 fd83000 FrameBuffer.cpp:3790] Failed to find ColorBuffer:1891
E0414 17:03:48.658734 fd83000 FrameBuffer.cpp:3790] Failed to find ColorBuffer:1893
E0414 17:03:48.658738 fd83000 FrameBuffer.cpp:3790] Failed to find ColorBuffer:1894
E0414 17:03:48.658741 fd83000 FrameBuffer.cpp:3790] Failed to find ColorBuffer:1892
E0414 17:03:48.658745 fd83000 FrameBuffer.cpp:3790] Failed to find ColorBuffer:1881
E0414 17:03:48.658749 fd83000 FrameBuffer.cpp:3790] Failed to find ColorBuffer:1882
E0414 17:03:48.658752 fd83000 FrameBuffer.cpp:3790] Failed to find ColorBuffer:1883
E0414 17:03:48.658756 fd83000 FrameBuffer.cpp:3790] Failed to find ColorBuffer:1884
E0414 17:03:48.658760 fd83000 FrameBuffer.cpp:3790] Failed to find ColorBuffer:1895
E0414 17:03:48.658765 fd83000 FrameBuffer.cpp:3790] Failed to find ColorBuffer:1896
E0414 17:03:48.658770 fd83000 FrameBuffer.cpp:3790] Failed to find ColorBuffer:1897
E0414 17:03:48.658775 fd83000 FrameBuffer.cpp:3790] Failed to find ColorBuffer:1885
E0414 17:03:48.658780 fd83000 FrameBuffer.cpp:3790] Failed to find ColorBuffer:1886
E0414 17:03:48.658785 fd83000 FrameBuffer.cpp:3790] Failed to find ColorBuffer:1879
E0414 17:03:48.658789 fd83000 FrameBuffer.cpp:3790] Failed to find ColorBuffer:1887
E0414 17:03:48.658794 fd83000 FrameBuffer.cpp:3790] Failed to find ColorBuffer:1888
E0414 17:03:48.658799 fd83000 FrameBuffer.cpp:3790] Failed to find ColorBuffer:1889
E0414 17:03:48.658803 fd83000 FrameBuffer.cpp:3790] Failed to find ColorBuffer:1890
E0414 17:03:48.658808 fd83000 FrameBuffer.cpp:3790] Failed to find ColorBuffer:1880
E0414 17:03:48.658813 fd83000 FrameBuffer.cpp:3790] Failed to find ColorBuffer:1891
E0414 17:03:48.658817 fd83000 FrameBuffer.cpp:3790] Failed to find ColorBuffer:1893
E0414 17:03:48.658822 fd83000 FrameBuffer.cpp:3790] Failed to find ColorBuffer:1894
E0414 17:03:48.658827 fd83000 FrameBuffer.cpp:3790] Failed to find ColorBuffer:1892
E0414 17:03:48.658831 fd83000 FrameBuffer.cpp:3790] Failed to find ColorBuffer:1881
E0414 17:03:48.658836 fd83000 FrameBuffer.cpp:3790] Failed to find ColorBuffer:1882
E0414 17:03:48.658841 fd83000 FrameBuffer.cpp:3790] Failed to find ColorBuffer:1883
E0414 17:03:48.658847 fd83000 FrameBuffer.cpp:3790] Failed to find ColorBuffer:1884
E0414 17:03:48.658852 fd83000 FrameBuffer.cpp:3790] Failed to find ColorBuffer:1895
E0414 17:03:48.658857 fd83000 FrameBuffer.cpp:3790] Failed to find ColorBuffer:1896
E0414 17:03:48.658862 fd83000 FrameBuffer.cpp:3790] Failed to find ColorBuffer:1897
E0414 17:03:48.658877 fd83000 FrameBuffer.cpp:3790] Failed to find ColorBuffer:1885
E0414 17:03:48.658883 fd83000 FrameBuffer.cpp:3790] Failed to find ColorBuffer:1886
E0414 17:03:48.658888 fd83000 FrameBuffer.cpp:3790] Failed to find ColorBuffer:1879
E0414 17:03:48.658893 fd83000 FrameBuffer.cpp:3790] Failed to find ColorBuffer:1887
E0414 17:03:48.658898 fd83000 FrameBuffer.cpp:3790] Failed to find ColorBuffer:1888
E0414 17:03:48.658903 fd83000 FrameBuffer.cpp:3790] Failed to find ColorBuffer:1889
E0414 17:03:48.658908 fd83000 FrameBuffer.cpp:3790] Failed to find ColorBuffer:1890
E0414 17:03:48.658913 fd83000 FrameBuffer.cpp:3790] Failed to find ColorBuffer:1880
E0414 17:03:48.658918 fd83000 FrameBuffer.cpp:3790] Failed to find ColorBuffer:1891
E0414 17:03:48.658923 fd83000 FrameBuffer.cpp:3790] Failed to find ColorBuffer:1893
E0414 17:03:48.658927 fd83000 FrameBuffer.cpp:3790] Failed to find ColorBuffer:1894
E0414 17:03:48.658931 fd83000 FrameBuffer.cpp:3790] Failed to find ColorBuffer:1892
E0414 17:03:48.658935 fd83000 FrameBuffer.cpp:3790] Failed to find ColorBuffer:1881
E0414 17:03:48.658939 fd83000 FrameBuffer.cpp:3790] Failed to find ColorBuffer:1882
E0414 17:03:48.658942 fd83000 FrameBuffer.cpp:3790] Failed to find ColorBuffer:1883
E0414 17:03:48.658946 fd83000 FrameBuffer.cpp:3790] Failed to find ColorBuffer:1884
E0414 17:03:48.658950 fd83000 FrameBuffer.cpp:3790] Failed to find ColorBuffer:1895
E0414 17:03:48.658954 fd83000 FrameBuffer.cpp:3790] Failed to find ColorBuffer:1896
E0414 17:03:48.658958 fd83000 FrameBuffer.cpp:3790] Failed to find ColorBuffer:1897
E0414 17:03:48.658962 fd83000 FrameBuffer.cpp:3790] Failed to find ColorBuffer:1885
E0414 17:03:48.658966 fd83000 FrameBuffer.cpp:3790] Failed to find ColorBuffer:1886
E0414 17:03:48.658970 fd83000 FrameBuffer.cpp:3790] Failed to find ColorBuffer:1879
E0414 17:03:48.658974 fd83000 FrameBuffer.cpp:3790] Failed to find ColorBuffer:1887
E0414 17:03:48.658977 fd83000 FrameBuffer.cpp:3790] Failed to find ColorBuffer:1888
E0414 17:03:48.658981 fd83000 FrameBuffer.cpp:3790] Failed to find ColorBuffer:1889
E0414 17:03:48.658985 fd83000 FrameBuffer.cpp:3790] Failed to find ColorBuffer:1890
E0414 17:03:48.658989 fd83000 FrameBuffer.cpp:3790] Failed to find ColorBuffer:1880
E0414 17:03:48.658992 fd83000 FrameBuffer.cpp:3790] Failed to find ColorBuffer:1891
E0414 17:03:48.658996 fd83000 FrameBuffer.cpp:3790] Failed to find ColorBuffer:1893
E0414 17:03:48.659000 fd83000 FrameBuffer.cpp:3790] Failed to find ColorBuffer:1894
E0414 17:03:48.659004 fd83000 FrameBuffer.cpp:3790] Failed to find ColorBuffer:1892
E0414 17:03:48.659008 fd83000 FrameBuffer.cpp:3790] Failed to find ColorBuffer:1881
E0414 17:03:48.659011 fd83000 FrameBuffer.cpp:3790] Failed to find ColorBuffer:1882
E0414 17:03:48.659015 fd83000 FrameBuffer.cpp:3790] Failed to find ColorBuffer:1883
E0414 17:03:48.659019 fd83000 FrameBuffer.cpp:3790] Failed to find ColorBuffer:1884
E0414 17:03:48.659023 fd83000 FrameBuffer.cpp:3790] Failed to find ColorBuffer:1895
E0414 17:03:48.659026 fd83000 FrameBuffer.cpp:3790] Failed to find ColorBuffer:1896
E0414 17:03:48.659030 fd83000 FrameBuffer.cpp:3790] Failed to find ColorBuffer:1897
E0414 17:03:48.659034 fd83000 FrameBuffer.cpp:3790] Failed to find ColorBuffer:1885
E0414 17:03:48.659038 fd83000 FrameBuffer.cpp:3790] Failed to find ColorBuffer:1886
E0414 17:03:48.659042 fd83000 FrameBuffer.cpp:3790] Failed to find ColorBuffer:1879
E0414 17:03:48.659046 fd83000 FrameBuffer.cpp:3790] Failed to find ColorBuffer:1887
E0414 17:03:48.659050 fd83000 FrameBuffer.cpp:3790] Failed to find ColorBuffer:1888
E0414 17:03:48.659054 fd83000 FrameBuffer.cpp:3790] Failed to find ColorBuffer:1889
E0414 17:03:48.659058 fd83000 FrameBuffer.cpp:3790] Failed to find ColorBuffer:1890
E0414 17:03:48.659061 fd83000 FrameBuffer.cpp:3790] Failed to find ColorBuffer:1880
E0414 17:03:48.659066 fd83000 FrameBuffer.cpp:3790] Failed to find ColorBuffer:1891
E0414 17:03:48.659069 fd83000 FrameBuffer.cpp:3790] Failed to find ColorBuffer:1893
E0414 17:03:48.659073 fd83000 FrameBuffer.cpp:3790] Failed to find ColorBuffer:1894
E0414 17:03:48.659087 fd83000 FrameBuffer.cpp:3790] Failed to find ColorBuffer:1892
E0414 17:03:48.659091 fd83000 FrameBuffer.cpp:3790] Failed to find ColorBuffer:1881
E0414 17:03:48.659095 fd83000 FrameBuffer.cpp:3790] Failed to find ColorBuffer:1882
E0414 17:03:48.659100 fd83000 FrameBuffer.cpp:3790] Failed to find ColorBuffer:1883
E0414 17:03:48.659104 fd83000 FrameBuffer.cpp:3790] Failed to find ColorBuffer:1884
E0414 17:03:48.659108 fd83000 FrameBuffer.cpp:3790] Failed to find ColorBuffer:1895
E0414 17:03:48.659112 fd83000 FrameBuffer.cpp:3790] Failed to find ColorBuffer:1896
E0414 17:03:48.659116 fd83000 FrameBuffer.cpp:3790] Failed to find ColorBuffer:1897
E0414 17:03:48.659120 fd83000 FrameBuffer.cpp:3790] Failed to find ColorBuffer:1885
E0414 17:03:48.659124 fd83000 FrameBuffer.cpp:3790] Failed to find ColorBuffer:1886
E0414 17:03:48.659129 fd83000 FrameBuffer.cpp:3790] Failed to find ColorBuffer:1879
E0414 17:03:48.659133 fd83000 FrameBuffer.cpp:3790] Failed to find ColorBuffer:1887
E0414 17:03:48.659137 fd83000 FrameBuffer.cpp:3790] Failed to find ColorBuffer:1888
E0414 17:03:48.659141 fd83000 FrameBuffer.cpp:3790] Failed to find ColorBuffer:1889
E0414 17:03:48.659145 fd83000 FrameBuffer.cpp:3790] Failed to find ColorBuffer:1890
E0414 17:03:48.659149 fd83000 FrameBuffer.cpp:3790] Failed to find ColorBuffer:1880
E0414 17:03:48.659153 fd83000 FrameBuffer.cpp:3790] Failed to find ColorBuffer:1891
E0414 17:03:48.659157 fd83000 FrameBuffer.cpp:3790] Failed to find ColorBuffer:1893
E0414 17:03:48.659161 fd83000 FrameBuffer.cpp:3790] Failed to find ColorBuffer:1894
E0414 17:03:48.659165 fd83000 FrameBuffer.cpp:3790] Failed to find ColorBuffer:1892
E0414 17:03:48.659169 fd83000 FrameBuffer.cpp:3790] Failed to find ColorBuffer:1881
E0414 17:03:48.659173 fd83000 FrameBuffer.cpp:3790] Failed to find ColorBuffer:1882
E0414 17:03:48.659177 fd83000 FrameBuffer.cpp:3790] Failed to find ColorBuffer:1883
E0414 17:03:48.659181 fd83000 FrameBuffer.cpp:3790] Failed to find ColorBuffer:1884
E0414 17:03:48.659185 fd83000 FrameBuffer.cpp:3790] Failed to find ColorBuffer:1895
E0414 17:03:48.659189 fd83000 FrameBuffer.cpp:3790] Failed to find ColorBuffer:1896
E0414 17:03:48.659193 fd83000 FrameBuffer.cpp:3790] Failed to find ColorBuffer:1897
E0414 17:03:48.659197 fd83000 FrameBuffer.cpp:3790] Failed to find ColorBuffer:1885
E0414 17:03:48.659201 fd83000 FrameBuffer.cpp:3790] Failed to find ColorBuffer:1886
E0414 17:03:48.659206 fd83000 FrameBuffer.cpp:3790] Failed to find ColorBuffer:1879
E0414 17:03:48.659210 fd83000 FrameBuffer.cpp:3790] Failed to find ColorBuffer:1887
E0414 17:03:48.659214 fd83000 FrameBuffer.cpp:3790] Failed to find ColorBuffer:1888
E0414 17:03:48.659218 fd83000 FrameBuffer.cpp:3790] Failed to find ColorBuffer:1889
E0414 17:03:48.659221 fd83000 FrameBuffer.cpp:3790] Failed to find ColorBuffer:1890
E0414 17:03:48.659225 fd83000 FrameBuffer.cpp:3790] Failed to find ColorBuffer:1880
E0414 17:03:48.659229 fd83000 FrameBuffer.cpp:3790] Failed to find ColorBuffer:1891
E0414 17:03:48.659233 fd83000 FrameBuffer.cpp:3790] Failed to find ColorBuffer:1893
E0414 17:03:48.659236 fd83000 FrameBuffer.cpp:3790] Failed to find ColorBuffer:1894
E0414 17:03:48.659240 fd83000 FrameBuffer.cpp:3790] Failed to find ColorBuffer:1892
E0414 17:03:48.659244 fd83000 FrameBuffer.cpp:3790] Failed to find ColorBuffer:1881
E0414 17:03:48.659247 fd83000 FrameBuffer.cpp:3790] Failed to find ColorBuffer:1882
E0414 17:03:48.659251 fd83000 FrameBuffer.cpp:3790] Failed to find ColorBuffer:1883
E0414 17:03:48.659255 fd83000 FrameBuffer.cpp:3790] Failed to find ColorBuffer:1884
E0414 17:03:48.659259 fd83000 FrameBuffer.cpp:3790] Failed to find ColorBuffer:1895
E0414 17:03:48.659262 fd83000 FrameBuffer.cpp:3790] Failed to find ColorBuffer:1896
E0414 17:03:48.659266 fd83000 FrameBuffer.cpp:3790] Failed to find ColorBuffer:1897
E0414 17:03:48.659270 fd83000 FrameBuffer.cpp:3790] Failed to find ColorBuffer:1885
E0414 17:03:48.659273 fd83000 FrameBuffer.cpp:3790] Failed to find ColorBuffer:1886
E0414 17:03:48.659277 fd83000 FrameBuffer.cpp:3790] Failed to find ColorBuffer:1879
E0414 17:03:48.659290 fd83000 FrameBuffer.cpp:3790] Failed to find ColorBuffer:1887
E0414 17:03:48.659294 fd83000 FrameBuffer.cpp:3790] Failed to find ColorBuffer:1888
E0414 17:03:48.659298 fd83000 FrameBuffer.cpp:3790] Failed to find ColorBuffer:1889
E0414 17:03:48.659302 fd83000 FrameBuffer.cpp:3790] Failed to find ColorBuffer:1890
E0414 17:03:48.659306 fd83000 FrameBuffer.cpp:3790] Failed to find ColorBuffer:1880
E0414 17:03:48.659309 fd83000 FrameBuffer.cpp:3790] Failed to find ColorBuffer:1891
E0414 17:03:48.659313 fd83000 FrameBuffer.cpp:3790] Failed to find ColorBuffer:1893
E0414 17:03:48.659317 fd83000 FrameBuffer.cpp:3790] Failed to find ColorBuffer:1894
E0414 17:03:48.659320 fd83000 FrameBuffer.cpp:3790] Failed to find ColorBuffer:1892
E0414 17:03:48.659324 fd83000 FrameBuffer.cpp:3790] Failed to find ColorBuffer:1881
E0414 17:03:48.659328 fd83000 FrameBuffer.cpp:3790] Failed to find ColorBuffer:1882
E0414 17:03:48.659332 fd83000 FrameBuffer.cpp:3790] Failed to find ColorBuffer:1883
E0414 17:03:48.659335 fd83000 FrameBuffer.cpp:3790] Failed to find ColorBuffer:1884
E0414 17:03:48.659339 fd83000 FrameBuffer.cpp:3790] Failed to find ColorBuffer:1895
E0414 17:03:48.659343 fd83000 FrameBuffer.cpp:3790] Failed to find ColorBuffer:1896
E0414 17:03:48.659346 fd83000 FrameBuffer.cpp:3790] Failed to find ColorBuffer:1897
E0414 17:03:48.659350 fd83000 FrameBuffer.cpp:3790] Failed to find ColorBuffer:1885
E0414 17:03:48.659355 fd83000 FrameBuffer.cpp:3790] Failed to find ColorBuffer:1886
E0414 17:03:48.659358 fd83000 FrameBuffer.cpp:3790] Failed to find ColorBuffer:1879
E0414 17:03:48.659362 fd83000 FrameBuffer.cpp:3790] Failed to find ColorBuffer:1887
E0414 17:03:48.659366 fd83000 FrameBuffer.cpp:3790] Failed to find ColorBuffer:1888
E0414 17:03:48.659370 fd83000 FrameBuffer.cpp:3790] Failed to find ColorBuffer:1889
E0414 17:03:48.659373 fd83000 FrameBuffer.cpp:3790] Failed to find ColorBuffer:1890
E0414 17:03:48.659377 fd83000 FrameBuffer.cpp:3790] Failed to find ColorBuffer:1880
E0414 17:03:48.659381 fd83000 FrameBuffer.cpp:3790] Failed to find ColorBuffer:1891
E0414 17:03:48.659385 fd83000 FrameBuffer.cpp:3790] Failed to find ColorBuffer:1893
E0414 17:03:48.659389 fd83000 FrameBuffer.cpp:3790] Failed to find ColorBuffer:1894
E0414 17:03:48.659392 fd83000 FrameBuffer.cpp:3790] Failed to find ColorBuffer:1892
E0414 17:03:48.659396 fd83000 FrameBuffer.cpp:3790] Failed to find ColorBuffer:1881
E0414 17:03:48.659400 fd83000 FrameBuffer.cpp:3790] Failed to find ColorBuffer:1882
E0414 17:03:48.659403 fd83000 FrameBuffer.cpp:3790] Failed to find ColorBuffer:1883
E0414 17:03:48.659407 fd83000 FrameBuffer.cpp:3790] Failed to find ColorBuffer:1884
E0414 17:03:48.659411 fd83000 FrameBuffer.cpp:3790] Failed to find ColorBuffer:1895
E0414 17:03:48.659415 fd83000 FrameBuffer.cpp:3790] Failed to find ColorBuffer:1896
E0414 17:03:48.659419 fd83000 FrameBuffer.cpp:3790] Failed to find ColorBuffer:1897
E0414 17:03:48.659423 fd83000 FrameBuffer.cpp:3790] Failed to find ColorBuffer:1885
E0414 17:03:48.659426 fd83000 FrameBuffer.cpp:3790] Failed to find ColorBuffer:1886
E0414 17:03:48.659430 fd83000 FrameBuffer.cpp:3790] Failed to find ColorBuffer:1879
E0414 17:03:48.659434 fd83000 FrameBuffer.cpp:3790] Failed to find ColorBuffer:1887
E0414 17:03:48.659437 fd83000 FrameBuffer.cpp:3790] Failed to find ColorBuffer:1888
E0414 17:03:48.659441 fd83000 FrameBuffer.cpp:3790] Failed to find ColorBuffer:1889
E0414 17:03:48.659445 fd83000 FrameBuffer.cpp:3790] Failed to find ColorBuffer:1890
E0414 17:03:48.659448 fd83000 FrameBuffer.cpp:3790] Failed to find ColorBuffer:1880
E0414 17:03:48.659452 fd83000 FrameBuffer.cpp:3790] Failed to find ColorBuffer:1891
E0414 17:03:48.659456 fd83000 FrameBuffer.cpp:3790] Failed to find ColorBuffer:1893
E0414 17:03:48.659459 fd83000 FrameBuffer.cpp:3790] Failed to find ColorBuffer:1894
E0414 17:03:48.659463 fd83000 FrameBuffer.cpp:3790] Failed to find ColorBuffer:1892
E0414 17:03:48.659467 fd83000 FrameBuffer.cpp:3790] Failed to find ColorBuffer:1881
E0414 17:03:48.659471 fd83000 FrameBuffer.cpp:3790] Failed to find ColorBuffer:1882
E0414 17:03:48.659485 fd83000 FrameBuffer.cpp:3790] Failed to find ColorBuffer:1883
E0414 17:03:48.659489 fd83000 FrameBuffer.cpp:3790] Failed to find ColorBuffer:1884
E0414 17:03:48.659493 fd83000 FrameBuffer.cpp:3790] Failed to find ColorBuffer:1895
E0414 17:03:48.659497 fd83000 FrameBuffer.cpp:3790] Failed to find ColorBuffer:1896
E0414 17:03:48.659501 fd83000 FrameBuffer.cpp:3790] Failed to find ColorBuffer:1897
E0414 17:03:48.659505 fd83000 FrameBuffer.cpp:3790] Failed to find ColorBuffer:1885
E0414 17:03:48.659508 fd83000 FrameBuffer.cpp:3790] Failed to find ColorBuffer:1886
E0414 17:03:48.659512 fd83000 FrameBuffer.cpp:3790] Failed to find ColorBuffer:1879
E0414 17:03:48.659516 fd83000 FrameBuffer.cpp:3790] Failed to find ColorBuffer:1887
E0414 17:03:48.659521 fd83000 FrameBuffer.cpp:3790] Failed to find ColorBuffer:1888
E0414 17:03:48.659526 fd83000 FrameBuffer.cpp:3790] Failed to find ColorBuffer:1889
E0414 17:03:48.659532 fd83000 FrameBuffer.cpp:3790] Failed to find ColorBuffer:1890
E0414 17:03:48.659536 fd83000 FrameBuffer.cpp:3790] Failed to find ColorBuffer:1880
E0414 17:03:48.659541 fd83000 FrameBuffer.cpp:3790] Failed to find ColorBuffer:1891
E0414 17:03:48.659546 fd83000 FrameBuffer.cpp:3790] Failed to find ColorBuffer:1893
E0414 17:03:48.659551 fd83000 FrameBuffer.cpp:3790] Failed to find ColorBuffer:1894
E0414 17:03:48.659555 fd83000 FrameBuffer.cpp:3790] Failed to find ColorBuffer:1892
E0414 17:03:48.659561 fd83000 FrameBuffer.cpp:3790] Failed to find ColorBuffer:1881
E0414 17:03:48.659566 fd83000 FrameBuffer.cpp:3790] Failed to find ColorBuffer:1882
E0414 17:03:48.659571 fd83000 FrameBuffer.cpp:3790] Failed to find ColorBuffer:1883
E0414 17:03:48.659576 fd83000 FrameBuffer.cpp:3790] Failed to find ColorBuffer:1884
E0414 17:03:48.659581 fd83000 FrameBuffer.cpp:3790] Failed to find ColorBuffer:1895
E0414 17:03:48.659586 fd83000 FrameBuffer.cpp:3790] Failed to find ColorBuffer:1896
E0414 17:03:48.659591 fd83000 FrameBuffer.cpp:3790] Failed to find ColorBuffer:1875
E0414 17:03:48.659595 fd83000 FrameBuffer.cpp:3790] Failed to find ColorBuffer:1897
E0414 17:03:48.659601 fd83000 FrameBuffer.cpp:3790] Failed to find ColorBuffer:1885
E0414 17:03:48.659605 fd83000 FrameBuffer.cpp:3790] Failed to find ColorBuffer:1886
E0414 17:03:48.659610 fd83000 FrameBuffer.cpp:3790] Failed to find ColorBuffer:1879
E0414 17:03:48.659615 fd83000 FrameBuffer.cpp:3790] Failed to find ColorBuffer:1887
E0414 17:03:48.659619 fd83000 FrameBuffer.cpp:3790] Failed to find ColorBuffer:1888
E0414 17:03:48.659623 fd83000 FrameBuffer.cpp:3790] Failed to find ColorBuffer:1873
E0414 17:03:48.659627 fd83000 FrameBuffer.cpp:3790] Failed to find ColorBuffer:1876
E0414 17:03:48.659630 fd83000 FrameBuffer.cpp:3790] Failed to find ColorBuffer:1889
E0414 17:03:48.659635 fd83000 FrameBuffer.cpp:3790] Failed to find ColorBuffer:1875
E0414 17:03:48.659639 fd83000 FrameBuffer.cpp:3790] Failed to find ColorBuffer:1873
E0414 17:03:48.659643 fd83000 FrameBuffer.cpp:3790] Failed to find ColorBuffer:1890
E0414 17:03:48.659648 fd83000 FrameBuffer.cpp:3790] Failed to find ColorBuffer:1876
E0414 17:03:48.659652 fd83000 FrameBuffer.cpp:3790] Failed to find ColorBuffer:1880
E0414 17:03:48.659656 fd83000 FrameBuffer.cpp:3790] Failed to find ColorBuffer:1875
E0414 17:03:48.659660 fd83000 FrameBuffer.cpp:3790] Failed to find ColorBuffer:1891
E0414 17:03:48.659665 fd83000 FrameBuffer.cpp:3790] Failed to find ColorBuffer:1873
E0414 17:03:48.659669 fd83000 FrameBuffer.cpp:3790] Failed to find ColorBuffer:1893
E0414 17:03:48.659673 fd83000 FrameBuffer.cpp:3790] Failed to find ColorBuffer:1876
E0414 17:03:48.659677 fd83000 FrameBuffer.cpp:3790] Failed to find ColorBuffer:1894
E0414 17:03:48.659682 fd83000 FrameBuffer.cpp:3790] Failed to find ColorBuffer:1875
E0414 17:03:48.659686 fd83000 FrameBuffer.cpp:3790] Failed to find ColorBuffer:1892
E0414 17:03:48.659691 fd83000 FrameBuffer.cpp:3790] Failed to find ColorBuffer:1873
E0414 17:03:48.659697 fd83000 FrameBuffer.cpp:3790] Failed to find ColorBuffer:1881
E0414 17:03:48.659711 fd83000 FrameBuffer.cpp:3790] Failed to find ColorBuffer:1876
E0414 17:03:48.659716 fd83000 FrameBuffer.cpp:3790] Failed to find ColorBuffer:1882
E0414 17:03:48.659720 fd83000 FrameBuffer.cpp:3790] Failed to find ColorBuffer:1875
E0414 17:03:48.659725 fd83000 FrameBuffer.cpp:3790] Failed to find ColorBuffer:1883
E0414 17:03:48.659728 fd83000 FrameBuffer.cpp:3790] Failed to find ColorBuffer:1873
E0414 17:03:48.659732 fd83000 FrameBuffer.cpp:3790] Failed to find ColorBuffer:1884
E0414 17:03:48.659736 fd83000 FrameBuffer.cpp:3790] Failed to find ColorBuffer:1895
E0414 17:03:48.659740 fd83000 FrameBuffer.cpp:3790] Failed to find ColorBuffer:1896
E0414 17:03:48.659743 fd83000 FrameBuffer.cpp:3790] Failed to find ColorBuffer:1897
E0414 17:03:48.659747 fd83000 FrameBuffer.cpp:3790] Failed to find ColorBuffer:1885
E0414 17:03:48.659751 fd83000 FrameBuffer.cpp:3790] Failed to find ColorBuffer:1886
E0414 17:03:48.659755 fd83000 FrameBuffer.cpp:3790] Failed to find ColorBuffer:1879
E0414 17:03:48.659759 fd83000 FrameBuffer.cpp:3790] Failed to find ColorBuffer:1887
E0414 17:03:48.659763 fd83000 FrameBuffer.cpp:3790] Failed to find ColorBuffer:1888
E0414 17:03:48.659767 fd83000 FrameBuffer.cpp:3790] Failed to find ColorBuffer:1889
E0414 17:03:48.659771 fd83000 FrameBuffer.cpp:3790] Failed to find ColorBuffer:1890
E0414 17:03:48.659774 fd83000 FrameBuffer.cpp:3790] Failed to find ColorBuffer:1880
E0414 17:03:48.659778 fd83000 FrameBuffer.cpp:3790] Failed to find ColorBuffer:1891
E0414 17:03:48.659782 fd83000 FrameBuffer.cpp:3790] Failed to find ColorBuffer:1893
E0414 17:03:48.659785 fd83000 FrameBuffer.cpp:3790] Failed to find ColorBuffer:1894
E0414 17:03:48.659789 fd83000 FrameBuffer.cpp:3790] Failed to find ColorBuffer:1892
E0414 17:03:48.659793 fd83000 FrameBuffer.cpp:3790] Failed to find ColorBuffer:1881
E0414 17:03:48.659797 fd83000 FrameBuffer.cpp:3790] Failed to find ColorBuffer:1882
E0414 17:03:48.659801 fd83000 FrameBuffer.cpp:3790] Failed to find ColorBuffer:1883
E0414 17:03:48.659805 fd83000 FrameBuffer.cpp:3790] Failed to find ColorBuffer:1884
E0414 17:03:48.659808 fd83000 FrameBuffer.cpp:3790] Failed to find ColorBuffer:1895
E0414 17:03:48.660005 fd83000 FrameBuffer.cpp:3790] Failed to find ColorBuffer:1896
E0414 17:03:48.660083 fd83000 FrameBuffer.cpp:3790] Failed to find ColorBuffer:1897
E0414 17:03:48.660099 fd83000 FrameBuffer.cpp:3790] Failed to find ColorBuffer:1885
E0414 17:03:48.660104 fd83000 FrameBuffer.cpp:3790] Failed to find ColorBuffer:1886
E0414 17:03:48.660110 fd83000 FrameBuffer.cpp:3790] Failed to find ColorBuffer:1879
E0414 17:03:48.660158 fd83000 FrameBuffer.cpp:3790] Failed to find ColorBuffer:1887
E0414 17:03:48.660178 fd83000 FrameBuffer.cpp:3790] Failed to find ColorBuffer:1888
E0414 17:03:48.660195 fd83000 FrameBuffer.cpp:3790] Failed to find ColorBuffer:1889
E0414 17:03:48.660210 fd83000 FrameBuffer.cpp:3790] Failed to find ColorBuffer:1890
E0414 17:03:48.660226 fd83000 FrameBuffer.cpp:3790] Failed to find ColorBuffer:1880
E0414 17:03:48.660240 fd83000 FrameBuffer.cpp:3790] Failed to find ColorBuffer:1891
E0414 17:03:48.660256 fd83000 FrameBuffer.cpp:3790] Failed to find ColorBuffer:1893
E0414 17:03:48.660271 fd83000 FrameBuffer.cpp:3790] Failed to find ColorBuffer:1894
E0414 17:03:48.660285 fd83000 FrameBuffer.cpp:3790] Failed to find ColorBuffer:1892
E0414 17:03:48.660298 fd83000 FrameBuffer.cpp:3790] Failed to find ColorBuffer:1881
E0414 17:03:48.660313 fd83000 FrameBuffer.cpp:3790] Failed to find ColorBuffer:1882
E0414 17:03:48.660327 fd83000 FrameBuffer.cpp:3790] Failed to find ColorBuffer:1883
E0414 17:03:48.660340 fd83000 FrameBuffer.cpp:3790] Failed to find ColorBuffer:1884
E0414 17:03:48.660354 fd83000 FrameBuffer.cpp:3790] Failed to find ColorBuffer:1895
E0414 17:03:48.660368 fd83000 FrameBuffer.cpp:3790] Failed to find ColorBuffer:1897
E0414 17:03:48.660383 fd83000 FrameBuffer.cpp:3790] Failed to find ColorBuffer:1885
E0414 17:03:48.660398 fd83000 FrameBuffer.cpp:3790] Failed to find ColorBuffer:1879
E0414 17:03:48.660413 fd83000 FrameBuffer.cpp:3790] Failed to find ColorBuffer:1887
E0414 17:03:48.660477 fd83000 FrameBuffer.cpp:3790] Failed to find ColorBuffer:1888
E0414 17:03:48.660493 fd83000 FrameBuffer.cpp:3790] Failed to find ColorBuffer:1889
E0414 17:03:48.660511 fd83000 FrameBuffer.cpp:3790] Failed to find ColorBuffer:1890
E0414 17:03:48.660526 fd83000 FrameBuffer.cpp:3790] Failed to find ColorBuffer:1880
E0414 17:03:48.660540 fd83000 FrameBuffer.cpp:3790] Failed to find ColorBuffer:1891
E0414 17:03:48.660554 fd83000 FrameBuffer.cpp:3790] Failed to find ColorBuffer:1893
E0414 17:03:48.660570 fd83000 FrameBuffer.cpp:3790] Failed to find ColorBuffer:1894
E0414 17:03:48.660584 fd83000 FrameBuffer.cpp:3790] Failed to find ColorBuffer:1892
E0414 17:03:48.660598 fd83000 FrameBuffer.cpp:3790] Failed to find ColorBuffer:1881
E0414 17:03:48.660614 fd83000 FrameBuffer.cpp:3790] Failed to find ColorBuffer:1882
E0414 17:03:48.660630 fd83000 FrameBuffer.cpp:3790] Failed to find ColorBuffer:1883
E0414 17:03:48.660644 fd83000 FrameBuffer.cpp:3790] Failed to find ColorBuffer:1884
E0414 17:03:48.660659 fd83000 FrameBuffer.cpp:3790] Failed to find ColorBuffer:1896
E0414 17:03:48.660673 fd83000 FrameBuffer.cpp:3790] Failed to find ColorBuffer:1895
E0414 17:03:48.660686 fd83000 FrameBuffer.cpp:3790] Failed to find ColorBuffer:1897
E0414 17:03:48.660700 fd83000 FrameBuffer.cpp:3790] Failed to find ColorBuffer:1886
E0414 17:03:48.660716 fd83000 FrameBuffer.cpp:3790] Failed to find ColorBuffer:1885
E0414 17:03:48.660729 fd83000 FrameBuffer.cpp:3790] Failed to find ColorBuffer:1879
E0414 17:03:48.660743 fd83000 FrameBuffer.cpp:3790] Failed to find ColorBuffer:1887
E0414 17:03:48.660758 fd83000 FrameBuffer.cpp:3790] Failed to find ColorBuffer:1888
E0414 17:03:48.660772 fd83000 FrameBuffer.cpp:3790] Failed to find ColorBuffer:1889
E0414 17:03:48.660787 fd83000 FrameBuffer.cpp:3790] Failed to find ColorBuffer:1890
E0414 17:03:48.660801 fd83000 FrameBuffer.cpp:3790] Failed to find ColorBuffer:1880
E0414 17:03:48.660815 fd83000 FrameBuffer.cpp:3790] Failed to find ColorBuffer:1891
E0414 17:03:48.660831 fd83000 FrameBuffer.cpp:3790] Failed to find ColorBuffer:1893
E0414 17:03:48.660847 fd83000 FrameBuffer.cpp:3790] Failed to find ColorBuffer:1894
E0414 17:03:48.660862 fd83000 FrameBuffer.cpp:3790] Failed to find ColorBuffer:1892
E0414 17:03:48.661077 fd83000 FrameBuffer.cpp:3790] Failed to find ColorBuffer:1881
E0414 17:03:48.661085 fd83000 FrameBuffer.cpp:3790] Failed to find ColorBuffer:1882
E0414 17:03:48.661089 fd83000 FrameBuffer.cpp:3790] Failed to find ColorBuffer:1883
E0414 17:03:48.661093 fd83000 FrameBuffer.cpp:3790] Failed to find ColorBuffer:1884
E0414 17:03:48.661096 fd83000 FrameBuffer.cpp:3790] Failed to find ColorBuffer:1896
E0414 17:03:48.661100 fd83000 FrameBuffer.cpp:3790] Failed to find ColorBuffer:1895
E0414 17:03:48.661104 fd83000 FrameBuffer.cpp:3790] Failed to find ColorBuffer:1897
E0414 17:03:48.661108 fd83000 FrameBuffer.cpp:3790] Failed to find ColorBuffer:1886
E0414 17:03:48.661112 fd83000 FrameBuffer.cpp:3790] Failed to find ColorBuffer:1885
E0414 17:03:48.661116 fd83000 FrameBuffer.cpp:3790] Failed to find ColorBuffer:1879
E0414 17:03:48.661120 fd83000 FrameBuffer.cpp:3790] Failed to find ColorBuffer:1887
E0414 17:03:48.661123 fd83000 FrameBuffer.cpp:3790] Failed to find ColorBuffer:1888
E0414 17:03:48.661127 fd83000 FrameBuffer.cpp:3790] Failed to find ColorBuffer:1889
E0414 17:03:48.661131 fd83000 FrameBuffer.cpp:3790] Failed to find ColorBuffer:1890
E0414 17:03:48.661135 fd83000 FrameBuffer.cpp:3790] Failed to find ColorBuffer:1891
E0414 17:03:48.661139 fd83000 FrameBuffer.cpp:3790] Failed to find ColorBuffer:1893
E0414 17:03:48.661142 fd83000 FrameBuffer.cpp:3790] Failed to find ColorBuffer:1894
E0414 17:03:48.661146 fd83000 FrameBuffer.cpp:3790] Failed to find ColorBuffer:1892
E0414 17:03:48.661150 fd83000 FrameBuffer.cpp:3790] Failed to find ColorBuffer:1881
E0414 17:03:48.661154 fd83000 FrameBuffer.cpp:3790] Failed to find ColorBuffer:1882
E0414 17:03:48.661157 fd83000 FrameBuffer.cpp:3790] Failed to find ColorBuffer:1883
E0414 17:03:48.661161 fd83000 FrameBuffer.cpp:3790] Failed to find ColorBuffer:1884
E0414 17:03:48.661181 fd83000 FrameBuffer.cpp:3790] Failed to find ColorBuffer:1896
E0414 17:03:48.661185 fd83000 FrameBuffer.cpp:3790] Failed to find ColorBuffer:1895
E0414 17:03:48.661189 fd83000 FrameBuffer.cpp:3790] Failed to find ColorBuffer:1897
E0414 17:03:48.661193 fd83000 FrameBuffer.cpp:3790] Failed to find ColorBuffer:1886
E0414 17:03:48.661197 fd83000 FrameBuffer.cpp:3790] Failed to find ColorBuffer:1885
E0414 17:03:48.661201 fd83000 FrameBuffer.cpp:3790] Failed to find ColorBuffer:1879
E0414 17:03:48.661205 fd83000 FrameBuffer.cpp:3790] Failed to find ColorBuffer:1887
E0414 17:03:48.661209 fd83000 FrameBuffer.cpp:3790] Failed to find ColorBuffer:1888
E0414 17:03:48.661213 fd83000 FrameBuffer.cpp:3790] Failed to find ColorBuffer:1889
E0414 17:03:48.661216 fd83000 FrameBuffer.cpp:3790] Failed to find ColorBuffer:1880
E0414 17:03:48.661220 fd83000 FrameBuffer.cpp:3790] Failed to find ColorBuffer:1890
E0414 17:03:48.661224 fd83000 FrameBuffer.cpp:3790] Failed to find ColorBuffer:1891
E0414 17:03:48.661228 fd83000 FrameBuffer.cpp:3790] Failed to find ColorBuffer:1893
E0414 17:03:48.661232 fd83000 FrameBuffer.cpp:3790] Failed to find ColorBuffer:1894
E0414 17:03:48.661236 fd83000 FrameBuffer.cpp:3790] Failed to find ColorBuffer:1892
E0414 17:03:48.661240 fd83000 FrameBuffer.cpp:3790] Failed to find ColorBuffer:1881
E0414 17:03:48.661244 fd83000 FrameBuffer.cpp:3790] Failed to find ColorBuffer:1882
E0414 17:03:48.661247 fd83000 FrameBuffer.cpp:3790] Failed to find ColorBuffer:1883
E0414 17:03:48.661251 fd83000 FrameBuffer.cpp:3790] Failed to find ColorBuffer:1884
E0414 17:03:48.661255 fd83000 FrameBuffer.cpp:3790] Failed to find ColorBuffer:1896
E0414 17:03:48.661259 fd83000 FrameBuffer.cpp:3790] Failed to find ColorBuffer:1895
E0414 17:03:48.661264 fd83000 FrameBuffer.cpp:3790] Failed to find ColorBuffer:1897
E0414 17:03:48.661267 fd83000 FrameBuffer.cpp:3790] Failed to find ColorBuffer:1886
E0414 17:03:48.661272 fd83000 FrameBuffer.cpp:3790] Failed to find ColorBuffer:1885
E0414 17:03:48.661275 fd83000 FrameBuffer.cpp:3790] Failed to find ColorBuffer:1879
E0414 17:03:48.661279 fd83000 FrameBuffer.cpp:3790] Failed to find ColorBuffer:1887
E0414 17:03:48.661283 fd83000 FrameBuffer.cpp:3790] Failed to find ColorBuffer:1888
E0414 17:03:48.661287 fd83000 FrameBuffer.cpp:3790] Failed to find ColorBuffer:1889
E0414 17:03:48.661291 fd83000 FrameBuffer.cpp:3790] Failed to find ColorBuffer:1880
E0414 17:03:48.661294 fd83000 FrameBuffer.cpp:3790] Failed to find ColorBuffer:1890
E0414 17:03:48.661298 fd83000 FrameBuffer.cpp:3790] Failed to find ColorBuffer:1891
E0414 17:03:48.661302 fd83000 FrameBuffer.cpp:3790] Failed to find ColorBuffer:1893
E0414 17:03:48.661307 fd83000 FrameBuffer.cpp:3790] Failed to find ColorBuffer:1894
E0414 17:03:48.661310 fd83000 FrameBuffer.cpp:3790] Failed to find ColorBuffer:1892
E0414 17:03:48.661314 fd83000 FrameBuffer.cpp:3790] Failed to find ColorBuffer:1881
E0414 17:03:48.661319 fd83000 FrameBuffer.cpp:3790] Failed to find ColorBuffer:1882
E0414 17:03:48.661323 fd83000 FrameBuffer.cpp:3790] Failed to find ColorBuffer:1883
E0414 17:03:48.661327 fd83000 FrameBuffer.cpp:3790] Failed to find ColorBuffer:1884
E0414 17:03:48.661331 fd83000 FrameBuffer.cpp:3790] Failed to find ColorBuffer:1896
E0414 17:03:48.661335 fd83000 FrameBuffer.cpp:3790] Failed to find ColorBuffer:1895
E0414 17:03:48.661339 fd83000 FrameBuffer.cpp:3790] Failed to find ColorBuffer:1897
E0414 17:03:48.661344 fd83000 FrameBuffer.cpp:3790] Failed to find ColorBuffer:1886
E0414 17:03:48.661349 fd83000 FrameBuffer.cpp:3790] Failed to find ColorBuffer:1885
E0414 17:03:48.661353 fd83000 FrameBuffer.cpp:3790] Failed to find ColorBuffer:1879
E0414 17:03:48.661357 fd83000 FrameBuffer.cpp:3790] Failed to find ColorBuffer:1887
E0414 17:03:48.661361 fd83000 FrameBuffer.cpp:3790] Failed to find ColorBuffer:1888
E0414 17:03:48.661365 fd83000 FrameBuffer.cpp:3790] Failed to find ColorBuffer:1889
E0414 17:03:48.661369 fd83000 FrameBuffer.cpp:3790] Failed to find ColorBuffer:1880
E0414 17:03:48.661373 fd83000 FrameBuffer.cpp:3790] Failed to find ColorBuffer:1890
E0414 17:03:48.661391 fd83000 FrameBuffer.cpp:3790] Failed to find ColorBuffer:1891
E0414 17:03:48.661395 fd83000 FrameBuffer.cpp:3790] Failed to find ColorBuffer:1893
E0414 17:03:48.661399 fd83000 FrameBuffer.cpp:3790] Failed to find ColorBuffer:1894
E0414 17:03:48.661403 fd83000 FrameBuffer.cpp:3790] Failed to find ColorBuffer:1892
E0414 17:03:48.661411 fd83000 FrameBuffer.cpp:3790] Failed to find ColorBuffer:1881
E0414 17:03:48.661418 fd83000 FrameBuffer.cpp:3790] Failed to find ColorBuffer:1882
E0414 17:03:48.661424 fd83000 FrameBuffer.cpp:3790] Failed to find ColorBuffer:1883
E0414 17:03:48.661428 fd83000 FrameBuffer.cpp:3790] Failed to find ColorBuffer:1884
E0414 17:03:48.661433 fd83000 FrameBuffer.cpp:3790] Failed to find ColorBuffer:1896
E0414 17:03:48.661438 fd83000 FrameBuffer.cpp:3790] Failed to find ColorBuffer:1895
E0414 17:03:48.661443 fd83000 FrameBuffer.cpp:3790] Failed to find ColorBuffer:1897
E0414 17:03:48.661449 fd83000 FrameBuffer.cpp:3790] Failed to find ColorBuffer:1886
E0414 17:03:48.661453 fd83000 FrameBuffer.cpp:3790] Failed to find ColorBuffer:1885
E0414 17:03:48.661458 fd83000 FrameBuffer.cpp:3790] Failed to find ColorBuffer:1879
E0414 17:03:48.661463 fd83000 FrameBuffer.cpp:3790] Failed to find ColorBuffer:1887
E0414 17:03:48.661468 fd83000 FrameBuffer.cpp:3790] Failed to find ColorBuffer:1888
E0414 17:03:48.661473 fd83000 FrameBuffer.cpp:3790] Failed to find ColorBuffer:1889
E0414 17:03:48.661478 fd83000 FrameBuffer.cpp:3790] Failed to find ColorBuffer:1880
E0414 17:03:48.661483 fd83000 FrameBuffer.cpp:3790] Failed to find ColorBuffer:1890
E0414 17:03:48.661487 fd83000 FrameBuffer.cpp:3790] Failed to find ColorBuffer:1891
E0414 17:03:48.661492 fd83000 FrameBuffer.cpp:3790] Failed to find ColorBuffer:1893
E0414 17:03:48.661497 fd83000 FrameBuffer.cpp:3790] Failed to find ColorBuffer:1894
E0414 17:03:48.661502 fd83000 FrameBuffer.cpp:3790] Failed to find ColorBuffer:1892
E0414 17:03:48.661507 fd83000 FrameBuffer.cpp:3790] Failed to find ColorBuffer:1881
E0414 17:03:48.661512 fd83000 FrameBuffer.cpp:3790] Failed to find ColorBuffer:1882
E0414 17:03:48.661517 fd83000 FrameBuffer.cpp:3790] Failed to find ColorBuffer:1883
E0414 17:03:48.661522 fd83000 FrameBuffer.cpp:3790] Failed to find ColorBuffer:1884
E0414 17:03:48.661527 fd83000 FrameBuffer.cpp:3790] Failed to find ColorBuffer:1896
E0414 17:03:48.661532 fd83000 FrameBuffer.cpp:3790] Failed to find ColorBuffer:1895
E0414 17:03:48.661537 fd83000 FrameBuffer.cpp:3790] Failed to find ColorBuffer:1897
E0414 17:03:48.661543 fd83000 FrameBuffer.cpp:3790] Failed to find ColorBuffer:1886
E0414 17:03:48.661547 fd83000 FrameBuffer.cpp:3790] Failed to find ColorBuffer:1885
E0414 17:03:48.661553 fd83000 FrameBuffer.cpp:3790] Failed to find ColorBuffer:1879
E0414 17:03:48.661557 fd83000 FrameBuffer.cpp:3790] Failed to find ColorBuffer:1887
E0414 17:03:48.661561 fd83000 FrameBuffer.cpp:3790] Failed to find ColorBuffer:1888
E0414 17:03:48.661565 fd83000 FrameBuffer.cpp:3790] Failed to find ColorBuffer:1889
E0414 17:03:48.661569 fd83000 FrameBuffer.cpp:3790] Failed to find ColorBuffer:1880
E0414 17:03:48.661572 fd83000 FrameBuffer.cpp:3790] Failed to find ColorBuffer:1890
E0414 17:03:48.661576 fd83000 FrameBuffer.cpp:3790] Failed to find ColorBuffer:1891
E0414 17:03:48.661580 fd83000 FrameBuffer.cpp:3790] Failed to find ColorBuffer:1893
E0414 17:03:48.661584 fd83000 FrameBuffer.cpp:3790] Failed to find ColorBuffer:1894
E0414 17:03:48.661589 fd83000 FrameBuffer.cpp:3790] Failed to find ColorBuffer:1892
E0414 17:03:48.661593 fd83000 FrameBuffer.cpp:3790] Failed to find ColorBuffer:1881
E0414 17:03:48.661598 fd83000 FrameBuffer.cpp:3790] Failed to find ColorBuffer:1882
E0414 17:03:48.661602 fd83000 FrameBuffer.cpp:3790] Failed to find ColorBuffer:1883
E0414 17:03:48.661605 fd83000 FrameBuffer.cpp:3790] Failed to find ColorBuffer:1884
E0414 17:03:48.661609 fd83000 FrameBuffer.cpp:3790] Failed to find ColorBuffer:1896
E0414 17:03:48.661613 fd83000 FrameBuffer.cpp:3790] Failed to find ColorBuffer:1895
E0414 17:03:48.661629 fd83000 FrameBuffer.cpp:3790] Failed to find ColorBuffer:1897
E0414 17:03:48.661633 fd83000 FrameBuffer.cpp:3790] Failed to find ColorBuffer:1886
E0414 17:03:48.661637 fd83000 FrameBuffer.cpp:3790] Failed to find ColorBuffer:1885
E0414 17:03:48.661641 fd83000 FrameBuffer.cpp:3790] Failed to find ColorBuffer:1879
E0414 17:03:48.661645 fd83000 FrameBuffer.cpp:3790] Failed to find ColorBuffer:1887
E0414 17:03:48.661650 fd83000 FrameBuffer.cpp:3790] Failed to find ColorBuffer:1888
E0414 17:03:48.661653 fd83000 FrameBuffer.cpp:3790] Failed to find ColorBuffer:1889
E0414 17:03:48.661658 fd83000 FrameBuffer.cpp:3790] Failed to find ColorBuffer:1880
E0414 17:03:48.661662 fd83000 FrameBuffer.cpp:3790] Failed to find ColorBuffer:1890
E0414 17:03:48.661666 fd83000 FrameBuffer.cpp:3790] Failed to find ColorBuffer:1891
E0414 17:03:48.661670 fd83000 FrameBuffer.cpp:3790] Failed to find ColorBuffer:1893
E0414 17:03:48.661674 fd83000 FrameBuffer.cpp:3790] Failed to find ColorBuffer:1894
E0414 17:03:48.661678 fd83000 FrameBuffer.cpp:3790] Failed to find ColorBuffer:1892
E0414 17:03:48.661683 fd83000 FrameBuffer.cpp:3790] Failed to find ColorBuffer:1881
E0414 17:03:48.661687 fd83000 FrameBuffer.cpp:3790] Failed to find ColorBuffer:1882
E0414 17:03:48.661691 fd83000 FrameBuffer.cpp:3790] Failed to find ColorBuffer:1883
E0414 17:03:48.661695 fd83000 FrameBuffer.cpp:3790] Failed to find ColorBuffer:1884
E0414 17:03:48.661699 fd83000 FrameBuffer.cpp:3790] Failed to find ColorBuffer:1896
E0414 17:03:48.661703 fd83000 FrameBuffer.cpp:3790] Failed to find ColorBuffer:1895
E0414 17:03:48.661707 fd83000 FrameBuffer.cpp:3790] Failed to find ColorBuffer:1897
E0414 17:03:48.661711 fd83000 FrameBuffer.cpp:3790] Failed to find ColorBuffer:1886
E0414 17:03:48.661715 fd83000 FrameBuffer.cpp:3790] Failed to find ColorBuffer:1885
E0414 17:03:48.661719 fd83000 FrameBuffer.cpp:3790] Failed to find ColorBuffer:1879
E0414 17:03:48.661723 fd83000 FrameBuffer.cpp:3790] Failed to find ColorBuffer:1887
E0414 17:03:48.661728 fd83000 FrameBuffer.cpp:3790] Failed to find ColorBuffer:1888
E0414 17:03:48.661732 fd83000 FrameBuffer.cpp:3790] Failed to find ColorBuffer:1889
E0414 17:03:48.661739 fd83000 FrameBuffer.cpp:3790] Failed to find ColorBuffer:1880
E0414 17:03:48.661744 fd83000 FrameBuffer.cpp:3790] Failed to find ColorBuffer:1890
E0414 17:03:48.661750 fd83000 FrameBuffer.cpp:3790] Failed to find ColorBuffer:1891
E0414 17:03:48.661755 fd83000 FrameBuffer.cpp:3790] Failed to find ColorBuffer:1893
E0414 17:03:48.661759 fd83000 FrameBuffer.cpp:3790] Failed to find ColorBuffer:1894
E0414 17:03:48.661763 fd83000 FrameBuffer.cpp:3790] Failed to find ColorBuffer:1892
E0414 17:03:48.661766 fd83000 FrameBuffer.cpp:3790] Failed to find ColorBuffer:1881
E0414 17:03:48.661770 fd83000 FrameBuffer.cpp:3790] Failed to find ColorBuffer:1882
E0414 17:03:48.661774 fd83000 FrameBuffer.cpp:3790] Failed to find ColorBuffer:1883
E0414 17:03:48.661778 fd83000 FrameBuffer.cpp:3790] Failed to find ColorBuffer:1884
E0414 17:03:48.661782 fd83000 FrameBuffer.cpp:3790] Failed to find ColorBuffer:1896
E0414 17:03:48.661785 fd83000 FrameBuffer.cpp:3790] Failed to find ColorBuffer:1895
E0414 17:03:48.661789 fd83000 FrameBuffer.cpp:3790] Failed to find ColorBuffer:1897
E0414 17:03:48.661793 fd83000 FrameBuffer.cpp:3790] Failed to find ColorBuffer:1886
E0414 17:03:48.661811 fd83000 FrameBuffer.cpp:3790] Failed to find ColorBuffer:1885
E0414 17:03:48.661837 fd83000 FrameBuffer.cpp:3790] Failed to find ColorBuffer:1879
E0414 17:03:48.661849 fd83000 FrameBuffer.cpp:3790] Failed to find ColorBuffer:1887
E0414 17:03:48.661861 fd83000 FrameBuffer.cpp:3790] Failed to find ColorBuffer:1888
E0414 17:03:48.661882 fd83000 FrameBuffer.cpp:3790] Failed to find ColorBuffer:1889
E0414 17:03:48.661887 fd83000 FrameBuffer.cpp:3790] Failed to find ColorBuffer:1880
E0414 17:03:48.661891 fd83000 FrameBuffer.cpp:3790] Failed to find ColorBuffer:1890
E0414 17:03:48.661895 fd83000 FrameBuffer.cpp:3790] Failed to find ColorBuffer:1891
E0414 17:03:48.661900 fd83000 FrameBuffer.cpp:3790] Failed to find ColorBuffer:1893
E0414 17:03:48.661920 fd83000 FrameBuffer.cpp:3790] Failed to find ColorBuffer:1894
E0414 17:03:48.661925 fd83000 FrameBuffer.cpp:3790] Failed to find ColorBuffer:1892
E0414 17:03:48.661947 fd83000 FrameBuffer.cpp:3790] Failed to find ColorBuffer:1881
E0414 17:03:48.662056 fd83000 FrameBuffer.cpp:3790] Failed to find ColorBuffer:1882
E0414 17:03:48.662066 fd83000 FrameBuffer.cpp:3790] Failed to find ColorBuffer:1883
E0414 17:03:48.662070 fd83000 FrameBuffer.cpp:3790] Failed to find ColorBuffer:1884
E0414 17:03:48.662075 fd83000 FrameBuffer.cpp:3790] Failed to find ColorBuffer:1896
E0414 17:03:48.662079 fd83000 FrameBuffer.cpp:3790] Failed to find ColorBuffer:1895
E0414 17:03:48.662083 fd83000 FrameBuffer.cpp:3790] Failed to find ColorBuffer:1897
E0414 17:03:48.662087 fd83000 FrameBuffer.cpp:3790] Failed to find ColorBuffer:1886
E0414 17:03:48.662090 fd83000 FrameBuffer.cpp:3790] Failed to find ColorBuffer:1885
E0414 17:03:48.662094 fd83000 FrameBuffer.cpp:3790] Failed to find ColorBuffer:1879
E0414 17:03:48.662098 fd83000 FrameBuffer.cpp:3790] Failed to find ColorBuffer:1887
E0414 17:03:48.662101 fd83000 FrameBuffer.cpp:3790] Failed to find ColorBuffer:1888
E0414 17:03:48.662105 fd83000 FrameBuffer.cpp:3790] Failed to find ColorBuffer:1889
E0414 17:03:48.662109 fd83000 FrameBuffer.cpp:3790] Failed to find ColorBuffer:1880
E0414 17:03:48.662112 fd83000 FrameBuffer.cpp:3790] Failed to find ColorBuffer:1890
E0414 17:03:48.662116 fd83000 FrameBuffer.cpp:3790] Failed to find ColorBuffer:1891
E0414 17:03:48.662120 fd83000 FrameBuffer.cpp:3790] Failed to find ColorBuffer:1893
E0414 17:03:48.662124 fd83000 FrameBuffer.cpp:3790] Failed to find ColorBuffer:1894
E0414 17:03:48.662128 fd83000 FrameBuffer.cpp:3790] Failed to find ColorBuffer:1892
E0414 17:03:48.662131 fd83000 FrameBuffer.cpp:3790] Failed to find ColorBuffer:1881
E0414 17:03:48.662135 fd83000 FrameBuffer.cpp:3790] Failed to find ColorBuffer:1882
E0414 17:03:48.662139 fd83000 FrameBuffer.cpp:3790] Failed to find ColorBuffer:1883
E0414 17:03:48.662142 fd83000 FrameBuffer.cpp:3790] Failed to find ColorBuffer:1884
E0414 17:03:48.662146 fd83000 FrameBuffer.cpp:3790] Failed to find ColorBuffer:1896
E0414 17:03:48.663611 fd83000 FrameBuffer.cpp:3790] Failed to find ColorBuffer:1895
E0414 17:03:48.663645 fd83000 FrameBuffer.cpp:3790] Failed to find ColorBuffer:1897
E0414 17:03:48.663651 fd83000 FrameBuffer.cpp:3790] Failed to find ColorBuffer:1886
E0414 17:03:48.663656 fd83000 FrameBuffer.cpp:3790] Failed to find ColorBuffer:1885
E0414 17:03:48.663660 fd83000 FrameBuffer.cpp:3790] Failed to find ColorBuffer:1879
E0414 17:03:48.663944 fd83000 FrameBuffer.cpp:3790] Failed to find ColorBuffer:1887
E0414 17:03:48.663956 fd83000 FrameBuffer.cpp:3790] Failed to find ColorBuffer:1888
E0414 17:03:48.663961 fd83000 FrameBuffer.cpp:3790] Failed to find ColorBuffer:1889
E0414 17:03:48.663965 fd83000 FrameBuffer.cpp:3790] Failed to find ColorBuffer:1880
E0414 17:03:48.664033 fd83000 FrameBuffer.cpp:3790] Failed to find ColorBuffer:1890
E0414 17:03:48.664044 fd83000 FrameBuffer.cpp:3790] Failed to find ColorBuffer:1891
E0414 17:03:48.664049 fd83000 FrameBuffer.cpp:3790] Failed to find ColorBuffer:1893
E0414 17:03:48.664054 fd83000 FrameBuffer.cpp:3790] Failed to find ColorBuffer:1894
E0414 17:03:48.664058 fd83000 FrameBuffer.cpp:3790] Failed to find ColorBuffer:1892
E0414 17:03:48.664062 fd83000 FrameBuffer.cpp:3790] Failed to find ColorBuffer:1881
E0414 17:03:48.664067 fd83000 FrameBuffer.cpp:3790] Failed to find ColorBuffer:1882
E0414 17:03:48.664071 fd83000 FrameBuffer.cpp:3790] Failed to find ColorBuffer:1883
E0414 17:03:48.664075 fd83000 FrameBuffer.cpp:3790] Failed to find ColorBuffer:1884
E0414 17:03:48.664079 fd83000 FrameBuffer.cpp:3790] Failed to find ColorBuffer:1896
E0414 17:03:48.664134 fd83000 FrameBuffer.cpp:3790] Failed to find ColorBuffer:1895
E0414 17:03:48.664238 fd83000 FrameBuffer.cpp:3790] Failed to find ColorBuffer:1897
E0414 17:03:48.664290 fd83000 FrameBuffer.cpp:3790] Failed to find ColorBuffer:1886
E0414 17:03:48.664306 fd83000 FrameBuffer.cpp:3790] Failed to find ColorBuffer:1885
E0414 17:03:48.664380 fd83000 FrameBuffer.cpp:3790] Failed to find ColorBuffer:1879
E0414 17:03:48.664395 fd83000 FrameBuffer.cpp:3790] Failed to find ColorBuffer:1887
E0414 17:03:48.664409 fd83000 FrameBuffer.cpp:3790] Failed to find ColorBuffer:1888
E0414 17:03:48.664423 fd83000 FrameBuffer.cpp:3790] Failed to find ColorBuffer:1889
E0414 17:03:48.664437 fd83000 FrameBuffer.cpp:3790] Failed to find ColorBuffer:1880
E0414 17:03:48.664454 fd83000 FrameBuffer.cpp:3790] Failed to find ColorBuffer:1890
E0414 17:03:48.664468 fd83000 FrameBuffer.cpp:3790] Failed to find ColorBuffer:1891
E0414 17:03:48.664481 fd83000 FrameBuffer.cpp:3790] Failed to find ColorBuffer:1893
E0414 17:03:48.664494 fd83000 FrameBuffer.cpp:3790] Failed to find ColorBuffer:1894
E0414 17:03:48.664508 fd83000 FrameBuffer.cpp:3790] Failed to find ColorBuffer:1892
E0414 17:03:48.664521 fd83000 FrameBuffer.cpp:3790] Failed to find ColorBuffer:1881
E0414 17:03:48.664534 fd83000 FrameBuffer.cpp:3790] Failed to find ColorBuffer:1882
E0414 17:03:48.664548 fd83000 FrameBuffer.cpp:3790] Failed to find ColorBuffer:1883
E0414 17:03:48.664561 fd83000 FrameBuffer.cpp:3790] Failed to find ColorBuffer:1884
E0414 17:03:48.664574 fd83000 FrameBuffer.cpp:3790] Failed to find ColorBuffer:1896
E0414 17:03:48.664594 fd83000 FrameBuffer.cpp:3790] Failed to find ColorBuffer:1895
E0414 17:03:48.664613 fd83000 FrameBuffer.cpp:3790] Failed to find ColorBuffer:1897
E0414 17:03:48.664628 fd83000 FrameBuffer.cpp:3790] Failed to find ColorBuffer:1886
E0414 17:03:48.664641 fd83000 FrameBuffer.cpp:3790] Failed to find ColorBuffer:1885
E0414 17:03:48.664655 fd83000 FrameBuffer.cpp:3790] Failed to find ColorBuffer:1879
E0414 17:03:48.664668 fd83000 FrameBuffer.cpp:3790] Failed to find ColorBuffer:1887
E0414 17:03:48.664681 fd83000 FrameBuffer.cpp:3790] Failed to find ColorBuffer:1888
E0414 17:03:48.664695 fd83000 FrameBuffer.cpp:3790] Failed to find ColorBuffer:1889
E0414 17:03:48.664708 fd83000 FrameBuffer.cpp:3790] Failed to find ColorBuffer:1880
E0414 17:03:48.664723 fd83000 FrameBuffer.cpp:3790] Failed to find ColorBuffer:1890
E0414 17:03:48.664736 fd83000 FrameBuffer.cpp:3790] Failed to find ColorBuffer:1891
E0414 17:03:48.664749 fd83000 FrameBuffer.cpp:3790] Failed to find ColorBuffer:1893
E0414 17:03:48.664763 fd83000 FrameBuffer.cpp:3790] Failed to find ColorBuffer:1894
E0414 17:03:48.664776 fd83000 FrameBuffer.cpp:3790] Failed to find ColorBuffer:1892
E0414 17:03:48.664789 fd83000 FrameBuffer.cpp:3790] Failed to find ColorBuffer:1881
E0414 17:03:48.664803 fd83000 FrameBuffer.cpp:3790] Failed to find ColorBuffer:1882
E0414 17:03:48.664817 fd83000 FrameBuffer.cpp:3790] Failed to find ColorBuffer:1883
E0414 17:03:48.664831 fd83000 FrameBuffer.cpp:3790] Failed to find ColorBuffer:1884
E0414 17:03:48.664844 fd83000 FrameBuffer.cpp:3790] Failed to find ColorBuffer:1896
E0414 17:03:48.664868 fd83000 FrameBuffer.cpp:3790] Failed to find ColorBuffer:1895
E0414 17:03:48.664894 fd83000 FrameBuffer.cpp:3790] Failed to find ColorBuffer:1897
E0414 17:03:48.664912 fd83000 FrameBuffer.cpp:3790] Failed to find ColorBuffer:1886
E0414 17:03:48.664936 fd83000 FrameBuffer.cpp:3790] Failed to find ColorBuffer:1885
E0414 17:03:48.664953 fd83000 FrameBuffer.cpp:3790] Failed to find ColorBuffer:1879
E0414 17:03:48.664970 fd83000 FrameBuffer.cpp:3790] Failed to find ColorBuffer:1887
E0414 17:03:48.664987 fd83000 FrameBuffer.cpp:3790] Failed to find ColorBuffer:1888
E0414 17:03:48.665005 fd83000 FrameBuffer.cpp:3790] Failed to find ColorBuffer:1889
E0414 17:03:48.665021 fd83000 FrameBuffer.cpp:3790] Failed to find ColorBuffer:1880
E0414 17:03:48.665039 fd83000 FrameBuffer.cpp:3790] Failed to find ColorBuffer:1890
E0414 17:03:48.665056 fd83000 FrameBuffer.cpp:3790] Failed to find ColorBuffer:1891
E0414 17:03:48.665074 fd83000 FrameBuffer.cpp:3790] Failed to find ColorBuffer:1893
E0414 17:03:48.665091 fd83000 FrameBuffer.cpp:3790] Failed to find ColorBuffer:1894
E0414 17:03:48.665113 fd83000 FrameBuffer.cpp:3790] Failed to find ColorBuffer:1892
E0414 17:03:48.665131 fd83000 FrameBuffer.cpp:3790] Failed to find ColorBuffer:1881
E0414 17:03:48.665204 fd83000 FrameBuffer.cpp:3790] Failed to find ColorBuffer:1882
E0414 17:03:48.665223 fd83000 FrameBuffer.cpp:3790] Failed to find ColorBuffer:1883
E0414 17:03:48.665240 fd83000 FrameBuffer.cpp:3790] Failed to find ColorBuffer:1884
E0414 17:03:48.665257 fd83000 FrameBuffer.cpp:3790] Failed to find ColorBuffer:1896
E0414 17:03:48.665273 fd83000 FrameBuffer.cpp:3790] Failed to find ColorBuffer:1895
E0414 17:03:48.665289 fd83000 FrameBuffer.cpp:3790] Failed to find ColorBuffer:1897
E0414 17:03:48.665306 fd83000 FrameBuffer.cpp:3790] Failed to find ColorBuffer:1886
E0414 17:03:48.665323 fd83000 FrameBuffer.cpp:3790] Failed to find ColorBuffer:1885
E0414 17:03:48.665339 fd83000 FrameBuffer.cpp:3790] Failed to find ColorBuffer:1879
E0414 17:03:48.665356 fd83000 FrameBuffer.cpp:3790] Failed to find ColorBuffer:1887
E0414 17:03:48.665372 fd83000 FrameBuffer.cpp:3790] Failed to find ColorBuffer:1888
E0414 17:03:48.665389 fd83000 FrameBuffer.cpp:3790] Failed to find ColorBuffer:1889
E0414 17:03:48.665405 fd83000 FrameBuffer.cpp:3790] Failed to find ColorBuffer:1880
E0414 17:03:48.665421 fd83000 FrameBuffer.cpp:3790] Failed to find ColorBuffer:1890
E0414 17:03:48.665436 fd83000 FrameBuffer.cpp:3790] Failed to find ColorBuffer:1891
E0414 17:03:48.665450 fd83000 FrameBuffer.cpp:3790] Failed to find ColorBuffer:1893
E0414 17:03:48.665463 fd83000 FrameBuffer.cpp:3790] Failed to find ColorBuffer:1894
E0414 17:03:48.665476 fd83000 FrameBuffer.cpp:3790] Failed to find ColorBuffer:1892
E0414 17:03:48.665489 fd83000 FrameBuffer.cpp:3790] Failed to find ColorBuffer:1881
E0414 17:03:48.665502 fd83000 FrameBuffer.cpp:3790] Failed to find ColorBuffer:1882
E0414 17:03:48.665515 fd83000 FrameBuffer.cpp:3790] Failed to find ColorBuffer:1883
E0414 17:03:48.665528 fd83000 FrameBuffer.cpp:3790] Failed to find ColorBuffer:1884
E0414 17:03:48.665541 fd83000 FrameBuffer.cpp:3790] Failed to find ColorBuffer:1896
E0414 17:03:48.665554 fd83000 FrameBuffer.cpp:3790] Failed to find ColorBuffer:1895
E0414 17:03:48.665568 fd83000 FrameBuffer.cpp:3790] Failed to find ColorBuffer:1897
E0414 17:03:48.665581 fd83000 FrameBuffer.cpp:3790] Failed to find ColorBuffer:1886
E0414 17:03:48.665595 fd83000 FrameBuffer.cpp:3790] Failed to find ColorBuffer:1885
E0414 17:03:48.665608 fd83000 FrameBuffer.cpp:3790] Failed to find ColorBuffer:1879
E0414 17:03:48.665623 fd83000 FrameBuffer.cpp:3790] Failed to find ColorBuffer:1887
E0414 17:03:48.665637 fd83000 FrameBuffer.cpp:3790] Failed to find ColorBuffer:1888
E0414 17:03:48.665650 fd83000 FrameBuffer.cpp:3790] Failed to find ColorBuffer:1889
E0414 17:03:48.665663 fd83000 FrameBuffer.cpp:3790] Failed to find ColorBuffer:1880
E0414 17:03:48.665677 fd83000 FrameBuffer.cpp:3790] Failed to find ColorBuffer:1890
E0414 17:03:48.665691 fd83000 FrameBuffer.cpp:3790] Failed to find ColorBuffer:1891
E0414 17:03:48.665704 fd83000 FrameBuffer.cpp:3790] Failed to find ColorBuffer:1893
E0414 17:03:48.665731 fd83000 FrameBuffer.cpp:3790] Failed to find ColorBuffer:1894
E0414 17:03:48.665747 fd83000 FrameBuffer.cpp:3790] Failed to find ColorBuffer:1892
E0414 17:03:48.665762 fd83000 FrameBuffer.cpp:3790] Failed to find ColorBuffer:1881
E0414 17:03:48.665776 fd83000 FrameBuffer.cpp:3790] Failed to find ColorBuffer:1882
E0414 17:03:48.665789 fd83000 FrameBuffer.cpp:3790] Failed to find ColorBuffer:1883
E0414 17:03:48.665803 fd83000 FrameBuffer.cpp:3790] Failed to find ColorBuffer:1884
E0414 17:03:48.665816 fd83000 FrameBuffer.cpp:3790] Failed to find ColorBuffer:1896
E0414 17:03:48.665829 fd83000 FrameBuffer.cpp:3790] Failed to find ColorBuffer:1895
E0414 17:03:48.665842 fd83000 FrameBuffer.cpp:3790] Failed to find ColorBuffer:1897
E0414 17:03:48.665897 fd83000 FrameBuffer.cpp:3790] Failed to find ColorBuffer:1886
E0414 17:03:48.665939 fd83000 FrameBuffer.cpp:3790] Failed to find ColorBuffer:1885
E0414 17:03:48.665975 fd83000 FrameBuffer.cpp:3790] Failed to find ColorBuffer:1879
E0414 17:03:48.666006 fd83000 FrameBuffer.cpp:3790] Failed to find ColorBuffer:1887
E0414 17:03:48.666079 fd83000 FrameBuffer.cpp:3790] Failed to find ColorBuffer:1888
E0414 17:03:48.666096 fd83000 FrameBuffer.cpp:3790] Failed to find ColorBuffer:1889
E0414 17:03:48.666118 fd83000 FrameBuffer.cpp:3790] Failed to find ColorBuffer:1880
E0414 17:03:48.666139 fd83000 FrameBuffer.cpp:3790] Failed to find ColorBuffer:1890
E0414 17:03:48.666173 fd83000 FrameBuffer.cpp:3790] Failed to find ColorBuffer:1891
E0414 17:03:48.666188 fd83000 FrameBuffer.cpp:3790] Failed to find ColorBuffer:1893
E0414 17:03:48.666203 fd83000 FrameBuffer.cpp:3790] Failed to find ColorBuffer:1894
E0414 17:03:48.666218 fd83000 FrameBuffer.cpp:3790] Failed to find ColorBuffer:1892
E0414 17:03:48.666233 fd83000 FrameBuffer.cpp:3790] Failed to find ColorBuffer:1881
E0414 17:03:48.666247 fd83000 FrameBuffer.cpp:3790] Failed to find ColorBuffer:1882
E0414 17:03:48.666262 fd83000 FrameBuffer.cpp:3790] Failed to find ColorBuffer:1883
E0414 17:03:48.666292 fd83000 FrameBuffer.cpp:3790] Failed to find ColorBuffer:1884
E0414 17:03:48.666298 fd83000 FrameBuffer.cpp:3790] Failed to find ColorBuffer:1896
E0414 17:03:48.666302 fd83000 FrameBuffer.cpp:3790] Failed to find ColorBuffer:1895
E0414 17:03:48.666306 fd83000 FrameBuffer.cpp:3790] Failed to find ColorBuffer:1897
E0414 17:03:48.666310 fd83000 FrameBuffer.cpp:3790] Failed to find ColorBuffer:1886
E0414 17:03:48.666314 fd83000 FrameBuffer.cpp:3790] Failed to find ColorBuffer:1885
E0414 17:03:48.666318 fd83000 FrameBuffer.cpp:3790] Failed to find ColorBuffer:1879
E0414 17:03:48.666322 fd83000 FrameBuffer.cpp:3790] Failed to find ColorBuffer:1887
E0414 17:03:48.666326 fd83000 FrameBuffer.cpp:3790] Failed to find ColorBuffer:1888
E0414 17:03:48.666329 fd83000 FrameBuffer.cpp:3790] Failed to find ColorBuffer:1889
E0414 17:03:48.666333 fd83000 FrameBuffer.cpp:3790] Failed to find ColorBuffer:1880
E0414 17:03:48.666338 fd83000 FrameBuffer.cpp:3790] Failed to find ColorBuffer:1890
E0414 17:03:48.666342 fd83000 FrameBuffer.cpp:3790] Failed to find ColorBuffer:1891
E0414 17:03:48.666346 fd83000 FrameBuffer.cpp:3790] Failed to find ColorBuffer:1893
E0414 17:03:48.666350 fd83000 FrameBuffer.cpp:3790] Failed to find ColorBuffer:1894
E0414 17:03:48.666354 fd83000 FrameBuffer.cpp:3790] Failed to find ColorBuffer:1892
E0414 17:03:48.666358 fd83000 FrameBuffer.cpp:3790] Failed to find ColorBuffer:1881
E0414 17:03:48.666363 fd83000 FrameBuffer.cpp:3790] Failed to find ColorBuffer:1882
E0414 17:03:48.666367 fd83000 FrameBuffer.cpp:3790] Failed to find ColorBuffer:1883
E0414 17:03:48.666370 fd83000 FrameBuffer.cpp:3790] Failed to find ColorBuffer:1884
E0414 17:03:48.666375 fd83000 FrameBuffer.cpp:3790] Failed to find ColorBuffer:1896
E0414 17:03:48.666379 fd83000 FrameBuffer.cpp:3790] Failed to find ColorBuffer:1895
E0414 17:03:48.666383 fd83000 FrameBuffer.cpp:3790] Failed to find ColorBuffer:1897
E0414 17:03:48.666387 fd83000 FrameBuffer.cpp:3790] Failed to find ColorBuffer:1886
E0414 17:03:48.666390 fd83000 FrameBuffer.cpp:3790] Failed to find ColorBuffer:1885
E0414 17:03:48.666395 fd83000 FrameBuffer.cpp:3790] Failed to find ColorBuffer:1879
E0414 17:03:48.666399 fd83000 FrameBuffer.cpp:3790] Failed to find ColorBuffer:1887
E0414 17:03:48.666403 fd83000 FrameBuffer.cpp:3790] Failed to find ColorBuffer:1888
E0414 17:03:48.666407 fd83000 FrameBuffer.cpp:3790] Failed to find ColorBuffer:1889
E0414 17:03:48.666410 fd83000 FrameBuffer.cpp:3790] Failed to find ColorBuffer:1880
E0414 17:03:48.666414 fd83000 FrameBuffer.cpp:3790] Failed to find ColorBuffer:1890
E0414 17:03:48.666418 fd83000 FrameBuffer.cpp:3790] Failed to find ColorBuffer:1891
E0414 17:03:48.666422 fd83000 FrameBuffer.cpp:3790] Failed to find ColorBuffer:1893
E0414 17:03:48.666425 fd83000 FrameBuffer.cpp:3790] Failed to find ColorBuffer:1894
E0414 17:03:48.666429 fd83000 FrameBuffer.cpp:3790] Failed to find ColorBuffer:1892
E0414 17:03:48.666433 fd83000 FrameBuffer.cpp:3790] Failed to find ColorBuffer:1881
E0414 17:03:48.666437 fd83000 FrameBuffer.cpp:3790] Failed to find ColorBuffer:1882
E0414 17:03:48.666441 fd83000 FrameBuffer.cpp:3790] Failed to find ColorBuffer:1883
E0414 17:03:48.666462 fd83000 FrameBuffer.cpp:3790] Failed to find ColorBuffer:1884
E0414 17:03:48.666467 fd83000 FrameBuffer.cpp:3790] Failed to find ColorBuffer:1896
E0414 17:03:48.668749 fd83000 FrameBuffer.cpp:3790] Failed to find ColorBuffer:1895
E0414 17:03:48.668825 fd83000 FrameBuffer.cpp:3790] Failed to find ColorBuffer:1897
E0414 17:03:48.668841 fd83000 FrameBuffer.cpp:3790] Failed to find ColorBuffer:1886
E0414 17:03:48.668856 fd83000 FrameBuffer.cpp:3790] Failed to find ColorBuffer:1885
E0414 17:03:48.668870 fd83000 FrameBuffer.cpp:3790] Failed to find ColorBuffer:1879
E0414 17:03:48.668884 fd83000 FrameBuffer.cpp:3790] Failed to find ColorBuffer:1887
E0414 17:03:48.668898 fd83000 FrameBuffer.cpp:3790] Failed to find ColorBuffer:1888
E0414 17:03:48.668912 fd83000 FrameBuffer.cpp:3790] Failed to find ColorBuffer:1889
E0414 17:03:48.668926 fd83000 FrameBuffer.cpp:3790] Failed to find ColorBuffer:1880
E0414 17:03:48.668940 fd83000 FrameBuffer.cpp:3790] Failed to find ColorBuffer:1890
E0414 17:03:48.668954 fd83000 FrameBuffer.cpp:3790] Failed to find ColorBuffer:1891
E0414 17:03:48.668968 fd83000 FrameBuffer.cpp:3790] Failed to find ColorBuffer:1893
E0414 17:03:48.668982 fd83000 FrameBuffer.cpp:3790] Failed to find ColorBuffer:1894
E0414 17:03:48.668996 fd83000 FrameBuffer.cpp:3790] Failed to find ColorBuffer:1892
E0414 17:03:48.669009 fd83000 FrameBuffer.cpp:3790] Failed to find ColorBuffer:1881
E0414 17:03:48.669024 fd83000 FrameBuffer.cpp:3790] Failed to find ColorBuffer:1882
E0414 17:03:48.669038 fd83000 FrameBuffer.cpp:3790] Failed to find ColorBuffer:1883
E0414 17:03:48.669052 fd83000 FrameBuffer.cpp:3790] Failed to find ColorBuffer:1884
E0414 17:03:48.669065 fd83000 FrameBuffer.cpp:3790] Failed to find ColorBuffer:1896
E0414 17:03:48.669079 fd83000 FrameBuffer.cpp:3790] Failed to find ColorBuffer:1895
E0414 17:03:48.669093 fd83000 FrameBuffer.cpp:3790] Failed to find ColorBuffer:1897
E0414 17:03:48.669106 fd83000 FrameBuffer.cpp:3790] Failed to find ColorBuffer:1886
E0414 17:03:48.669121 fd83000 FrameBuffer.cpp:3790] Failed to find ColorBuffer:1885
E0414 17:03:48.669135 fd83000 FrameBuffer.cpp:3790] Failed to find ColorBuffer:1879
E0414 17:03:48.669148 fd83000 FrameBuffer.cpp:3790] Failed to find ColorBuffer:1887
E0414 17:03:48.669163 fd83000 FrameBuffer.cpp:3790] Failed to find ColorBuffer:1888
E0414 17:03:48.669177 fd83000 FrameBuffer.cpp:3790] Failed to find ColorBuffer:1889
E0414 17:03:48.669191 fd83000 FrameBuffer.cpp:3790] Failed to find ColorBuffer:1880
E0414 17:03:48.669221 fd83000 FrameBuffer.cpp:3790] Failed to find ColorBuffer:1890
E0414 17:03:48.669255 fd83000 FrameBuffer.cpp:3790] Failed to find ColorBuffer:1891
E0414 17:03:48.669283 fd83000 FrameBuffer.cpp:3790] Failed to find ColorBuffer:1893
E0414 17:03:48.669650 fd83000 FrameBuffer.cpp:3790] Failed to find ColorBuffer:1894
E0414 17:03:48.669678 fd83000 FrameBuffer.cpp:3790] Failed to find ColorBuffer:1892
E0414 17:03:48.669684 fd83000 FrameBuffer.cpp:3790] Failed to find ColorBuffer:1881
E0414 17:03:48.669689 fd83000 FrameBuffer.cpp:3790] Failed to find ColorBuffer:1882
E0414 17:03:48.669694 fd83000 FrameBuffer.cpp:3790] Failed to find ColorBuffer:1883
E0414 17:03:48.669699 fd83000 FrameBuffer.cpp:3790] Failed to find ColorBuffer:1884
E0414 17:03:48.669703 fd83000 FrameBuffer.cpp:3790] Failed to find ColorBuffer:1896
E0414 17:03:48.669708 fd83000 FrameBuffer.cpp:3790] Failed to find ColorBuffer:1895
E0414 17:03:48.669713 fd83000 FrameBuffer.cpp:3790] Failed to find ColorBuffer:1897
E0414 17:03:48.669717 fd83000 FrameBuffer.cpp:3790] Failed to find ColorBuffer:1886
E0414 17:03:48.669721 fd83000 FrameBuffer.cpp:3790] Failed to find ColorBuffer:1885
E0414 17:03:48.669725 fd83000 FrameBuffer.cpp:3790] Failed to find ColorBuffer:1879
E0414 17:03:48.669729 fd83000 FrameBuffer.cpp:3790] Failed to find ColorBuffer:1887
E0414 17:03:48.669733 fd83000 FrameBuffer.cpp:3790] Failed to find ColorBuffer:1888
E0414 17:03:48.669737 fd83000 FrameBuffer.cpp:3790] Failed to find ColorBuffer:1889
E0414 17:03:48.669741 fd83000 FrameBuffer.cpp:3790] Failed to find ColorBuffer:1880
E0414 17:03:48.669776 fd83000 FrameBuffer.cpp:3790] Failed to find ColorBuffer:1890
E0414 17:03:48.669780 fd83000 FrameBuffer.cpp:3790] Failed to find ColorBuffer:1891
E0414 17:03:48.669805 fd83000 FrameBuffer.cpp:3790] Failed to find ColorBuffer:1893
E0414 17:03:48.669816 fd83000 FrameBuffer.cpp:3790] Failed to find ColorBuffer:1894
E0414 17:03:48.669821 fd83000 FrameBuffer.cpp:3790] Failed to find ColorBuffer:1892
E0414 17:03:48.669825 fd83000 FrameBuffer.cpp:3790] Failed to find ColorBuffer:1881
E0414 17:03:48.669830 fd83000 FrameBuffer.cpp:3790] Failed to find ColorBuffer:1882
E0414 17:03:48.669834 fd83000 FrameBuffer.cpp:3790] Failed to find ColorBuffer:1883
E0414 17:03:48.669838 fd83000 FrameBuffer.cpp:3790] Failed to find ColorBuffer:1884
E0414 17:03:48.669843 fd83000 FrameBuffer.cpp:3790] Failed to find ColorBuffer:1896
E0414 17:03:48.669846 fd83000 FrameBuffer.cpp:3790] Failed to find ColorBuffer:1895
E0414 17:03:48.669851 fd83000 FrameBuffer.cpp:3790] Failed to find ColorBuffer:1897
E0414 17:03:48.669855 fd83000 FrameBuffer.cpp:3790] Failed to find ColorBuffer:1886
E0414 17:03:48.669859 fd83000 FrameBuffer.cpp:3790] Failed to find ColorBuffer:1885
E0414 17:03:48.669863 fd83000 FrameBuffer.cpp:3790] Failed to find ColorBuffer:1879
E0414 17:03:48.669866 fd83000 FrameBuffer.cpp:3790] Failed to find ColorBuffer:1887
E0414 17:03:48.669877 fd83000 FrameBuffer.cpp:3790] Failed to find ColorBuffer:1888
E0414 17:03:48.669886 fd83000 FrameBuffer.cpp:3790] Failed to find ColorBuffer:1889
E0414 17:03:48.669891 fd83000 FrameBuffer.cpp:3790] Failed to find ColorBuffer:1880
E0414 17:03:48.669897 fd83000 FrameBuffer.cpp:3790] Failed to find ColorBuffer:1890
E0414 17:03:48.669902 fd83000 FrameBuffer.cpp:3790] Failed to find ColorBuffer:1891
E0414 17:03:48.669907 fd83000 FrameBuffer.cpp:3790] Failed to find ColorBuffer:1893
E0414 17:03:48.669912 fd83000 FrameBuffer.cpp:3790] Failed to find ColorBuffer:1894
E0414 17:03:48.669917 fd83000 FrameBuffer.cpp:3790] Failed to find ColorBuffer:1892
E0414 17:03:48.669921 fd83000 FrameBuffer.cpp:3790] Failed to find ColorBuffer:1881
E0414 17:03:48.669926 fd83000 FrameBuffer.cpp:3790] Failed to find ColorBuffer:1882
E0414 17:03:48.669931 fd83000 FrameBuffer.cpp:3790] Failed to find ColorBuffer:1883
E0414 17:03:48.669935 fd83000 FrameBuffer.cpp:3790] Failed to find ColorBuffer:1884
E0414 17:03:48.669940 fd83000 FrameBuffer.cpp:3790] Failed to find ColorBuffer:1896
E0414 17:03:48.669945 fd83000 FrameBuffer.cpp:3790] Failed to find ColorBuffer:1895
E0414 17:03:48.669950 fd83000 FrameBuffer.cpp:3790] Failed to find ColorBuffer:1897
E0414 17:03:48.669955 fd83000 FrameBuffer.cpp:3790] Failed to find ColorBuffer:1886
E0414 17:03:48.669959 fd83000 FrameBuffer.cpp:3790] Failed to find ColorBuffer:1885
E0414 17:03:48.669965 fd83000 FrameBuffer.cpp:3790] Failed to find ColorBuffer:1879
E0414 17:03:48.669970 fd83000 FrameBuffer.cpp:3790] Failed to find ColorBuffer:1887
E0414 17:03:48.669975 fd83000 FrameBuffer.cpp:3790] Failed to find ColorBuffer:1888
E0414 17:03:48.669980 fd83000 FrameBuffer.cpp:3790] Failed to find ColorBuffer:1889
E0414 17:03:48.669985 fd83000 FrameBuffer.cpp:3790] Failed to find ColorBuffer:1880
E0414 17:03:48.669989 fd83000 FrameBuffer.cpp:3790] Failed to find ColorBuffer:1890
E0414 17:03:48.669994 fd83000 FrameBuffer.cpp:3790] Failed to find ColorBuffer:1891
E0414 17:03:48.669999 fd83000 FrameBuffer.cpp:3790] Failed to find ColorBuffer:1893
E0414 17:03:48.670004 fd83000 FrameBuffer.cpp:3790] Failed to find ColorBuffer:1894
E0414 17:03:48.670009 fd83000 FrameBuffer.cpp:3790] Failed to find ColorBuffer:1892
E0414 17:03:48.670014 fd83000 FrameBuffer.cpp:3790] Failed to find ColorBuffer:1881
E0414 17:03:48.670019 fd83000 FrameBuffer.cpp:3790] Failed to find ColorBuffer:1882
E0414 17:03:48.670024 fd83000 FrameBuffer.cpp:3790] Failed to find ColorBuffer:1883
E0414 17:03:48.670029 fd83000 FrameBuffer.cpp:3790] Failed to find ColorBuffer:1884
E0414 17:03:48.670033 fd83000 FrameBuffer.cpp:3790] Failed to find ColorBuffer:1896
E0414 17:03:48.670037 fd83000 FrameBuffer.cpp:3790] Failed to find ColorBuffer:1895
E0414 17:03:48.670057 fd83000 FrameBuffer.cpp:3790] Failed to find ColorBuffer:1897
E0414 17:03:48.670061 fd83000 FrameBuffer.cpp:3790] Failed to find ColorBuffer:1886
E0414 17:03:48.670065 fd83000 FrameBuffer.cpp:3790] Failed to find ColorBuffer:1885
E0414 17:03:48.670069 fd83000 FrameBuffer.cpp:3790] Failed to find ColorBuffer:1879
E0414 17:03:48.670072 fd83000 FrameBuffer.cpp:3790] Failed to find ColorBuffer:1887
E0414 17:03:48.670076 fd83000 FrameBuffer.cpp:3790] Failed to find ColorBuffer:1888
E0414 17:03:48.670080 fd83000 FrameBuffer.cpp:3790] Failed to find ColorBuffer:1889
E0414 17:03:48.670084 fd83000 FrameBuffer.cpp:3790] Failed to find ColorBuffer:1880
E0414 17:03:48.670088 fd83000 FrameBuffer.cpp:3790] Failed to find ColorBuffer:1890
E0414 17:03:48.670091 fd83000 FrameBuffer.cpp:3790] Failed to find ColorBuffer:1891
E0414 17:03:48.670095 fd83000 FrameBuffer.cpp:3790] Failed to find ColorBuffer:1893
E0414 17:03:48.670099 fd83000 FrameBuffer.cpp:3790] Failed to find ColorBuffer:1894
E0414 17:03:48.670103 fd83000 FrameBuffer.cpp:3790] Failed to find ColorBuffer:1892
E0414 17:03:48.670106 fd83000 FrameBuffer.cpp:3790] Failed to find ColorBuffer:1881
E0414 17:03:48.670110 fd83000 FrameBuffer.cpp:3790] Failed to find ColorBuffer:1882
E0414 17:03:48.670114 fd83000 FrameBuffer.cpp:3790] Failed to find ColorBuffer:1883
E0414 17:03:48.670118 fd83000 FrameBuffer.cpp:3790] Failed to find ColorBuffer:1884
E0414 17:03:48.670122 fd83000 FrameBuffer.cpp:3790] Failed to find ColorBuffer:1896
E0414 17:03:48.670126 fd83000 FrameBuffer.cpp:3790] Failed to find ColorBuffer:1895
E0414 17:03:48.670129 fd83000 FrameBuffer.cpp:3790] Failed to find ColorBuffer:1897
E0414 17:03:48.670133 fd83000 FrameBuffer.cpp:3790] Failed to find ColorBuffer:1886
E0414 17:03:48.670137 fd83000 FrameBuffer.cpp:3790] Failed to find ColorBuffer:1885
E0414 17:03:48.670141 fd83000 FrameBuffer.cpp:3790] Failed to find ColorBuffer:1879
E0414 17:03:48.670144 fd83000 FrameBuffer.cpp:3790] Failed to find ColorBuffer:1887
E0414 17:03:48.670148 fd83000 FrameBuffer.cpp:3790] Failed to find ColorBuffer:1888
E0414 17:03:48.670152 fd83000 FrameBuffer.cpp:3790] Failed to find ColorBuffer:1889
E0414 17:03:48.670156 fd83000 FrameBuffer.cpp:3790] Failed to find ColorBuffer:1880
E0414 17:03:48.670159 fd83000 FrameBuffer.cpp:3790] Failed to find ColorBuffer:1890
E0414 17:03:48.670163 fd83000 FrameBuffer.cpp:3790] Failed to find ColorBuffer:1891
E0414 17:03:48.670167 fd83000 FrameBuffer.cpp:3790] Failed to find ColorBuffer:1893
E0414 17:03:48.670170 fd83000 FrameBuffer.cpp:3790] Failed to find ColorBuffer:1894
E0414 17:03:48.670174 fd83000 FrameBuffer.cpp:3790] Failed to find ColorBuffer:1892
E0414 17:03:48.670178 fd83000 FrameBuffer.cpp:3790] Failed to find ColorBuffer:1881
E0414 17:03:48.670194 fd83000 FrameBuffer.cpp:3790] Failed to find ColorBuffer:1882
E0414 17:03:48.670199 fd83000 FrameBuffer.cpp:3790] Failed to find ColorBuffer:1883
E0414 17:03:48.670203 fd83000 FrameBuffer.cpp:3790] Failed to find ColorBuffer:1884
E0414 17:03:48.670207 fd83000 FrameBuffer.cpp:3790] Failed to find ColorBuffer:1896
E0414 17:03:48.670211 fd83000 FrameBuffer.cpp:3790] Failed to find ColorBuffer:1895
E0414 17:03:48.670215 fd83000 FrameBuffer.cpp:3790] Failed to find ColorBuffer:1897
E0414 17:03:48.670219 fd83000 FrameBuffer.cpp:3790] Failed to find ColorBuffer:1886
E0414 17:03:48.670223 fd83000 FrameBuffer.cpp:3790] Failed to find ColorBuffer:1885
E0414 17:03:48.670227 fd83000 FrameBuffer.cpp:3790] Failed to find ColorBuffer:1879
E0414 17:03:48.670231 fd83000 FrameBuffer.cpp:3790] Failed to find ColorBuffer:1887
E0414 17:03:48.670235 fd83000 FrameBuffer.cpp:3790] Failed to find ColorBuffer:1888
E0414 17:03:48.670239 fd83000 FrameBuffer.cpp:3790] Failed to find ColorBuffer:1889
E0414 17:03:48.670243 fd83000 FrameBuffer.cpp:3790] Failed to find ColorBuffer:1880
E0414 17:03:48.670247 fd83000 FrameBuffer.cpp:3790] Failed to find ColorBuffer:1890
E0414 17:03:48.670251 fd83000 FrameBuffer.cpp:3790] Failed to find ColorBuffer:1891
E0414 17:03:48.670292 fd83000 FrameBuffer.cpp:3790] Failed to find ColorBuffer:1893
E0414 17:03:48.670297 fd83000 FrameBuffer.cpp:3790] Failed to find ColorBuffer:1894
E0414 17:03:48.671528 fd83000 FrameBuffer.cpp:3790] Failed to find ColorBuffer:1892
E0414 17:03:48.671586 fd83000 FrameBuffer.cpp:3790] Failed to find ColorBuffer:1881
E0414 17:03:48.671603 fd83000 FrameBuffer.cpp:3790] Failed to find ColorBuffer:1882
E0414 17:03:48.671619 fd83000 FrameBuffer.cpp:3790] Failed to find ColorBuffer:1883
E0414 17:03:48.671634 fd83000 FrameBuffer.cpp:3790] Failed to find ColorBuffer:1884
E0414 17:03:48.671649 fd83000 FrameBuffer.cpp:3790] Failed to find ColorBuffer:1896
E0414 17:03:48.671678 fd83000 FrameBuffer.cpp:3790] Failed to find ColorBuffer:1895
E0414 17:03:48.671689 fd83000 FrameBuffer.cpp:3790] Failed to find ColorBuffer:1897
E0414 17:03:48.671694 fd83000 FrameBuffer.cpp:3790] Failed to find ColorBuffer:1886
E0414 17:03:48.671699 fd83000 FrameBuffer.cpp:3790] Failed to find ColorBuffer:1885
E0414 17:03:48.671704 fd83000 FrameBuffer.cpp:3790] Failed to find ColorBuffer:1879
E0414 17:03:48.671708 fd83000 FrameBuffer.cpp:3790] Failed to find ColorBuffer:1887
E0414 17:03:48.671712 fd83000 FrameBuffer.cpp:3790] Failed to find ColorBuffer:1888
E0414 17:03:48.671715 fd83000 FrameBuffer.cpp:3790] Failed to find ColorBuffer:1889
E0414 17:03:48.671719 fd83000 FrameBuffer.cpp:3790] Failed to find ColorBuffer:1880
E0414 17:03:48.671723 fd83000 FrameBuffer.cpp:3790] Failed to find ColorBuffer:1890
E0414 17:03:48.671728 fd83000 FrameBuffer.cpp:3790] Failed to find ColorBuffer:1891
E0414 17:03:48.671733 fd83000 FrameBuffer.cpp:3790] Failed to find ColorBuffer:1893
E0414 17:03:48.671737 fd83000 FrameBuffer.cpp:3790] Failed to find ColorBuffer:1894
E0414 17:03:48.671740 fd83000 FrameBuffer.cpp:3790] Failed to find ColorBuffer:1892
E0414 17:03:48.671744 fd83000 FrameBuffer.cpp:3790] Failed to find ColorBuffer:1881
E0414 17:03:48.671748 fd83000 FrameBuffer.cpp:3790] Failed to find ColorBuffer:1882
E0414 17:03:48.671753 fd83000 FrameBuffer.cpp:3790] Failed to find ColorBuffer:1883
E0414 17:03:48.671757 fd83000 FrameBuffer.cpp:3790] Failed to find ColorBuffer:1884
E0414 17:03:48.671761 fd83000 FrameBuffer.cpp:3790] Failed to find ColorBuffer:1896
E0414 17:03:48.671765 fd83000 FrameBuffer.cpp:3790] Failed to find ColorBuffer:1895
E0414 17:03:48.671768 fd83000 FrameBuffer.cpp:3790] Failed to find ColorBuffer:1897
E0414 17:03:48.671772 fd83000 FrameBuffer.cpp:3790] Failed to find ColorBuffer:1886
E0414 17:03:48.671777 fd83000 FrameBuffer.cpp:3790] Failed to find ColorBuffer:1885
E0414 17:03:48.671780 fd83000 FrameBuffer.cpp:3790] Failed to find ColorBuffer:1879
E0414 17:03:48.671784 fd83000 FrameBuffer.cpp:3790] Failed to find ColorBuffer:1887
E0414 17:03:48.671788 fd83000 FrameBuffer.cpp:3790] Failed to find ColorBuffer:1888
E0414 17:03:48.671792 fd83000 FrameBuffer.cpp:3790] Failed to find ColorBuffer:1889
E0414 17:03:48.671796 fd83000 FrameBuffer.cpp:3790] Failed to find ColorBuffer:1880
E0414 17:03:48.671800 fd83000 FrameBuffer.cpp:3790] Failed to find ColorBuffer:1890
E0414 17:03:48.671804 fd83000 FrameBuffer.cpp:3790] Failed to find ColorBuffer:1891
E0414 17:03:48.671808 fd83000 FrameBuffer.cpp:3790] Failed to find ColorBuffer:1893
E0414 17:03:48.671811 fd83000 FrameBuffer.cpp:3790] Failed to find ColorBuffer:1894
E0414 17:03:48.671815 fd83000 FrameBuffer.cpp:3790] Failed to find ColorBuffer:1892
E0414 17:03:48.671819 fd83000 FrameBuffer.cpp:3790] Failed to find ColorBuffer:1881
E0414 17:03:48.671824 fd83000 FrameBuffer.cpp:3790] Failed to find ColorBuffer:1882
E0414 17:03:48.671828 fd83000 FrameBuffer.cpp:3790] Failed to find ColorBuffer:1883
E0414 17:03:48.671832 fd83000 FrameBuffer.cpp:3790] Failed to find ColorBuffer:1884
E0414 17:03:48.671836 fd83000 FrameBuffer.cpp:3790] Failed to find ColorBuffer:1896
E0414 17:03:48.671840 fd83000 FrameBuffer.cpp:3790] Failed to find ColorBuffer:1895
E0414 17:03:48.671844 fd83000 FrameBuffer.cpp:3790] Failed to find ColorBuffer:1897
E0414 17:03:48.671848 fd83000 FrameBuffer.cpp:3790] Failed to find ColorBuffer:1886
E0414 17:03:48.671871 fd83000 FrameBuffer.cpp:3790] Failed to find ColorBuffer:1885
E0414 17:03:48.671876 fd83000 FrameBuffer.cpp:3790] Failed to find ColorBuffer:1879
E0414 17:03:48.671880 fd83000 FrameBuffer.cpp:3790] Failed to find ColorBuffer:1887
E0414 17:03:48.671884 fd83000 FrameBuffer.cpp:3790] Failed to find ColorBuffer:1888
E0414 17:03:48.671888 fd83000 FrameBuffer.cpp:3790] Failed to find ColorBuffer:1889
E0414 17:03:48.671892 fd83000 FrameBuffer.cpp:3790] Failed to find ColorBuffer:1880
E0414 17:03:48.671896 fd83000 FrameBuffer.cpp:3790] Failed to find ColorBuffer:1890
E0414 17:03:48.671900 fd83000 FrameBuffer.cpp:3790] Failed to find ColorBuffer:1891
E0414 17:03:48.671904 fd83000 FrameBuffer.cpp:3790] Failed to find ColorBuffer:1893
E0414 17:03:48.671908 fd83000 FrameBuffer.cpp:3790] Failed to find ColorBuffer:1894
E0414 17:03:48.671912 fd83000 FrameBuffer.cpp:3790] Failed to find ColorBuffer:1892
E0414 17:03:48.671916 fd83000 FrameBuffer.cpp:3790] Failed to find ColorBuffer:1881
E0414 17:03:48.671920 fd83000 FrameBuffer.cpp:3790] Failed to find ColorBuffer:1882
E0414 17:03:48.671924 fd83000 FrameBuffer.cpp:3790] Failed to find ColorBuffer:1883
E0414 17:03:48.671928 fd83000 FrameBuffer.cpp:3790] Failed to find ColorBuffer:1884
E0414 17:03:48.671932 fd83000 FrameBuffer.cpp:3790] Failed to find ColorBuffer:1896
E0414 17:03:48.671936 fd83000 FrameBuffer.cpp:3790] Failed to find ColorBuffer:1895
E0414 17:03:48.671939 fd83000 FrameBuffer.cpp:3790] Failed to find ColorBuffer:1897
E0414 17:03:48.671944 fd83000 FrameBuffer.cpp:3790] Failed to find ColorBuffer:1886
E0414 17:03:48.671948 fd83000 FrameBuffer.cpp:3790] Failed to find ColorBuffer:1885
E0414 17:03:48.671952 fd83000 FrameBuffer.cpp:3790] Failed to find ColorBuffer:1879
E0414 17:03:48.671955 fd83000 FrameBuffer.cpp:3790] Failed to find ColorBuffer:1887
E0414 17:03:48.671959 fd83000 FrameBuffer.cpp:3790] Failed to find ColorBuffer:1888
E0414 17:03:48.671995 fd83000 FrameBuffer.cpp:3790] Failed to find ColorBuffer:1889
E0414 17:03:48.672193 fd83000 FrameBuffer.cpp:3790] Failed to find ColorBuffer:1880
E0414 17:03:48.672207 fd83000 FrameBuffer.cpp:3790] Failed to find ColorBuffer:1890
E0414 17:03:48.672212 fd83000 FrameBuffer.cpp:3790] Failed to find ColorBuffer:1891
E0414 17:03:48.672218 fd83000 FrameBuffer.cpp:3790] Failed to find ColorBuffer:1893
E0414 17:03:48.672222 fd83000 FrameBuffer.cpp:3790] Failed to find ColorBuffer:1894
E0414 17:03:48.672352 fd83000 FrameBuffer.cpp:3790] Failed to find ColorBuffer:1892
E0414 17:03:48.672369 fd83000 FrameBuffer.cpp:3790] Failed to find ColorBuffer:1881
E0414 17:03:48.672384 fd83000 FrameBuffer.cpp:3790] Failed to find ColorBuffer:1882
E0414 17:03:48.672398 fd83000 FrameBuffer.cpp:3790] Failed to find ColorBuffer:1883
E0414 17:03:48.672413 fd83000 FrameBuffer.cpp:3790] Failed to find ColorBuffer:1884
E0414 17:03:48.672427 fd83000 FrameBuffer.cpp:3790] Failed to find ColorBuffer:1896
E0414 17:03:48.672441 fd83000 FrameBuffer.cpp:3790] Failed to find ColorBuffer:1895
E0414 17:03:48.672455 fd83000 FrameBuffer.cpp:3790] Failed to find ColorBuffer:1897
E0414 17:03:48.672468 fd83000 FrameBuffer.cpp:3790] Failed to find ColorBuffer:1886
E0414 17:03:48.672482 fd83000 FrameBuffer.cpp:3790] Failed to find ColorBuffer:1885
E0414 17:03:48.672496 fd83000 FrameBuffer.cpp:3790] Failed to find ColorBuffer:1879
E0414 17:03:48.672511 fd83000 FrameBuffer.cpp:3790] Failed to find ColorBuffer:1887
E0414 17:03:48.672525 fd83000 FrameBuffer.cpp:3790] Failed to find ColorBuffer:1888
E0414 17:03:48.672539 fd83000 FrameBuffer.cpp:3790] Failed to find ColorBuffer:1889
E0414 17:03:48.672552 fd83000 FrameBuffer.cpp:3790] Failed to find ColorBuffer:1880
E0414 17:03:48.672567 fd83000 FrameBuffer.cpp:3790] Failed to find ColorBuffer:1890
E0414 17:03:48.672581 fd83000 FrameBuffer.cpp:3790] Failed to find ColorBuffer:1891
E0414 17:03:48.672595 fd83000 FrameBuffer.cpp:3790] Failed to find ColorBuffer:1893
E0414 17:03:48.672609 fd83000 FrameBuffer.cpp:3790] Failed to find ColorBuffer:1894
E0414 17:03:48.672623 fd83000 FrameBuffer.cpp:3790] Failed to find ColorBuffer:1892
E0414 17:03:48.672678 fd83000 FrameBuffer.cpp:3790] Failed to find ColorBuffer:1881
E0414 17:03:48.672693 fd83000 FrameBuffer.cpp:3790] Failed to find ColorBuffer:1882
E0414 17:03:48.672715 fd83000 FrameBuffer.cpp:3790] Failed to find ColorBuffer:1883
E0414 17:03:48.672735 fd83000 FrameBuffer.cpp:3790] Failed to find ColorBuffer:1884
E0414 17:03:48.672768 fd83000 FrameBuffer.cpp:3790] Failed to find ColorBuffer:1896
E0414 17:03:48.672794 fd83000 FrameBuffer.cpp:3790] Failed to find ColorBuffer:1895
E0414 17:03:48.672814 fd83000 FrameBuffer.cpp:3790] Failed to find ColorBuffer:1897
E0414 17:03:48.672841 fd83000 FrameBuffer.cpp:3790] Failed to find ColorBuffer:1886
E0414 17:03:48.672868 fd83000 FrameBuffer.cpp:3790] Failed to find ColorBuffer:1885
E0414 17:03:48.672887 fd83000 FrameBuffer.cpp:3790] Failed to find ColorBuffer:1879
E0414 17:03:48.672905 fd83000 FrameBuffer.cpp:3790] Failed to find ColorBuffer:1887
E0414 17:03:48.672922 fd83000 FrameBuffer.cpp:3790] Failed to find ColorBuffer:1888
E0414 17:03:48.673077 fd83000 FrameBuffer.cpp:3790] Failed to find ColorBuffer:1889
E0414 17:03:48.673095 fd83000 FrameBuffer.cpp:3790] Failed to find ColorBuffer:1880
E0414 17:03:48.673102 fd83000 FrameBuffer.cpp:3790] Failed to find ColorBuffer:1890
E0414 17:03:48.673108 fd83000 FrameBuffer.cpp:3790] Failed to find ColorBuffer:1891
E0414 17:03:48.673114 fd83000 FrameBuffer.cpp:3790] Failed to find ColorBuffer:1893
E0414 17:03:48.673120 fd83000 FrameBuffer.cpp:3790] Failed to find ColorBuffer:1894
E0414 17:03:48.673124 fd83000 FrameBuffer.cpp:3790] Failed to find ColorBuffer:1892
E0414 17:03:48.673129 fd83000 FrameBuffer.cpp:3790] Failed to find ColorBuffer:1881
E0414 17:03:48.673460 fd83000 FrameBuffer.cpp:3790] Failed to find ColorBuffer:1882
E0414 17:03:48.673469 fd83000 FrameBuffer.cpp:3790] Failed to find ColorBuffer:1883
E0414 17:03:48.673548 fd83000 FrameBuffer.cpp:3790] Failed to find ColorBuffer:1884
E0414 17:03:48.673628 fd83000 FrameBuffer.cpp:3790] Failed to find ColorBuffer:1896
E0414 17:03:48.673680 fd83000 FrameBuffer.cpp:3790] Failed to find ColorBuffer:1895
E0414 17:03:48.673701 fd83000 FrameBuffer.cpp:3790] Failed to find ColorBuffer:1897
E0414 17:03:48.673719 fd83000 FrameBuffer.cpp:3790] Failed to find ColorBuffer:1886
E0414 17:03:48.673737 fd83000 FrameBuffer.cpp:3790] Failed to find ColorBuffer:1885
E0414 17:03:48.673755 fd83000 FrameBuffer.cpp:3790] Failed to find ColorBuffer:1879
E0414 17:03:48.673773 fd83000 FrameBuffer.cpp:3790] Failed to find ColorBuffer:1887
E0414 17:03:48.673787 fd83000 FrameBuffer.cpp:3790] Failed to find ColorBuffer:1888
E0414 17:03:48.673801 fd83000 FrameBuffer.cpp:3790] Failed to find ColorBuffer:1889
E0414 17:03:48.673815 fd83000 FrameBuffer.cpp:3790] Failed to find ColorBuffer:1880
E0414 17:03:48.673829 fd83000 FrameBuffer.cpp:3790] Failed to find ColorBuffer:1890
E0414 17:03:48.673843 fd83000 FrameBuffer.cpp:3790] Failed to find ColorBuffer:1891
E0414 17:03:48.673857 fd83000 FrameBuffer.cpp:3790] Failed to find ColorBuffer:1893
E0414 17:03:48.673870 fd83000 FrameBuffer.cpp:3790] Failed to find ColorBuffer:1894
E0414 17:03:48.673884 fd83000 FrameBuffer.cpp:3790] Failed to find ColorBuffer:1892
E0414 17:03:48.673944 fd83000 FrameBuffer.cpp:3790] Failed to find ColorBuffer:1881
E0414 17:03:48.673966 fd83000 FrameBuffer.cpp:3790] Failed to find ColorBuffer:1882
E0414 17:03:48.673975 fd83000 FrameBuffer.cpp:3790] Failed to find ColorBuffer:1883
E0414 17:03:48.673980 fd83000 FrameBuffer.cpp:3790] Failed to find ColorBuffer:1884
E0414 17:03:48.673984 fd83000 FrameBuffer.cpp:3790] Failed to find ColorBuffer:1896
E0414 17:03:48.673988 fd83000 FrameBuffer.cpp:3790] Failed to find ColorBuffer:1895
E0414 17:03:48.673992 fd83000 FrameBuffer.cpp:3790] Failed to find ColorBuffer:1897
E0414 17:03:48.673996 fd83000 FrameBuffer.cpp:3790] Failed to find ColorBuffer:1886
E0414 17:03:48.674000 fd83000 FrameBuffer.cpp:3790] Failed to find ColorBuffer:1885
E0414 17:03:48.674004 fd83000 FrameBuffer.cpp:3790] Failed to find ColorBuffer:1879
E0414 17:03:48.674008 fd83000 FrameBuffer.cpp:3790] Failed to find ColorBuffer:1887
E0414 17:03:48.674033 fd83000 FrameBuffer.cpp:3790] Failed to find ColorBuffer:1888
E0414 17:03:48.674038 fd83000 FrameBuffer.cpp:3790] Failed to find ColorBuffer:1889
E0414 17:03:48.674042 fd83000 FrameBuffer.cpp:3790] Failed to find ColorBuffer:1880
E0414 17:03:48.674046 fd83000 FrameBuffer.cpp:3790] Failed to find ColorBuffer:1890
E0414 17:03:48.674050 fd83000 FrameBuffer.cpp:3790] Failed to find ColorBuffer:1891
E0414 17:03:48.674054 fd83000 FrameBuffer.cpp:3790] Failed to find ColorBuffer:1893
E0414 17:03:48.674058 fd83000 FrameBuffer.cpp:3790] Failed to find ColorBuffer:1894
E0414 17:03:48.674061 fd83000 FrameBuffer.cpp:3790] Failed to find ColorBuffer:1892
E0414 17:03:48.674065 fd83000 FrameBuffer.cpp:3790] Failed to find ColorBuffer:1881
E0414 17:03:48.674069 fd83000 FrameBuffer.cpp:3790] Failed to find ColorBuffer:1882
E0414 17:03:48.674073 fd83000 FrameBuffer.cpp:3790] Failed to find ColorBuffer:1883
E0414 17:03:48.674077 fd83000 FrameBuffer.cpp:3790] Failed to find ColorBuffer:1884
E0414 17:03:48.674080 fd83000 FrameBuffer.cpp:3790] Failed to find ColorBuffer:1896
E0414 17:03:48.674085 fd83000 FrameBuffer.cpp:3790] Failed to find ColorBuffer:1895
E0414 17:03:48.674089 fd83000 FrameBuffer.cpp:3790] Failed to find ColorBuffer:1897
E0414 17:03:48.674093 fd83000 FrameBuffer.cpp:3790] Failed to find ColorBuffer:1886
E0414 17:03:48.674097 fd83000 FrameBuffer.cpp:3790] Failed to find ColorBuffer:1885
E0414 17:03:48.674101 fd83000 FrameBuffer.cpp:3790] Failed to find ColorBuffer:1879
E0414 17:03:48.674105 fd83000 FrameBuffer.cpp:3790] Failed to find ColorBuffer:1887
E0414 17:03:48.674108 fd83000 FrameBuffer.cpp:3790] Failed to find ColorBuffer:1888
E0414 17:03:48.674112 fd83000 FrameBuffer.cpp:3790] Failed to find ColorBuffer:1889
E0414 17:03:48.674116 fd83000 FrameBuffer.cpp:3790] Failed to find ColorBuffer:1880
E0414 17:03:48.674120 fd83000 FrameBuffer.cpp:3790] Failed to find ColorBuffer:1890
E0414 17:03:48.674124 fd83000 FrameBuffer.cpp:3790] Failed to find ColorBuffer:1891
E0414 17:03:48.674128 fd83000 FrameBuffer.cpp:3790] Failed to find ColorBuffer:1893
E0414 17:03:48.674132 fd83000 FrameBuffer.cpp:3790] Failed to find ColorBuffer:1894
E0414 17:03:48.674136 fd83000 FrameBuffer.cpp:3790] Failed to find ColorBuffer:1892
E0414 17:03:48.674140 fd83000 FrameBuffer.cpp:3790] Failed to find ColorBuffer:1881
E0414 17:03:48.674143 fd83000 FrameBuffer.cpp:3790] Failed to find ColorBuffer:1882
E0414 17:03:48.674147 fd83000 FrameBuffer.cpp:3790] Failed to find ColorBuffer:1883
E0414 17:03:48.674151 fd83000 FrameBuffer.cpp:3790] Failed to find ColorBuffer:1884
E0414 17:03:48.674156 fd83000 FrameBuffer.cpp:3790] Failed to find ColorBuffer:1896
E0414 17:03:48.674160 fd83000 FrameBuffer.cpp:3790] Failed to find ColorBuffer:1895
E0414 17:03:48.674164 fd83000 FrameBuffer.cpp:3790] Failed to find ColorBuffer:1897
E0414 17:03:48.674167 fd83000 FrameBuffer.cpp:3790] Failed to find ColorBuffer:1886
E0414 17:03:48.674171 fd83000 FrameBuffer.cpp:3790] Failed to find ColorBuffer:1885
E0414 17:03:48.674175 fd83000 FrameBuffer.cpp:3790] Failed to find ColorBuffer:1879
E0414 17:03:48.674179 fd83000 FrameBuffer.cpp:3790] Failed to find ColorBuffer:1887
E0414 17:03:48.674183 fd83000 FrameBuffer.cpp:3790] Failed to find ColorBuffer:1888
E0414 17:03:48.674187 fd83000 FrameBuffer.cpp:3790] Failed to find ColorBuffer:1889
E0414 17:03:48.674191 fd83000 FrameBuffer.cpp:3790] Failed to find ColorBuffer:1880
E0414 17:03:48.674195 fd83000 FrameBuffer.cpp:3790] Failed to find ColorBuffer:1890
E0414 17:03:48.674199 fd83000 FrameBuffer.cpp:3790] Failed to find ColorBuffer:1891
E0414 17:03:48.674203 fd83000 FrameBuffer.cpp:3790] Failed to find ColorBuffer:1893
E0414 17:03:48.674206 fd83000 FrameBuffer.cpp:3790] Failed to find ColorBuffer:1894
E0414 17:03:48.674210 fd83000 FrameBuffer.cpp:3790] Failed to find ColorBuffer:1892
E0414 17:03:48.674214 fd83000 FrameBuffer.cpp:3790] Failed to find ColorBuffer:1881
E0414 17:03:48.674218 fd83000 FrameBuffer.cpp:3790] Failed to find ColorBuffer:1882
E0414 17:03:48.674258 fd83000 FrameBuffer.cpp:3790] Failed to find ColorBuffer:1883
E0414 17:03:48.674269 fd83000 FrameBuffer.cpp:3790] Failed to find ColorBuffer:1884
E0414 17:03:48.674273 fd83000 FrameBuffer.cpp:3790] Failed to find ColorBuffer:1896
E0414 17:03:48.674278 fd83000 FrameBuffer.cpp:3790] Failed to find ColorBuffer:1895
E0414 17:03:48.674283 fd83000 FrameBuffer.cpp:3790] Failed to find ColorBuffer:1897
E0414 17:03:48.674287 fd83000 FrameBuffer.cpp:3790] Failed to find ColorBuffer:1886
E0414 17:03:48.674291 fd83000 FrameBuffer.cpp:3790] Failed to find ColorBuffer:1885
E0414 17:03:48.674295 fd83000 FrameBuffer.cpp:3790] Failed to find ColorBuffer:1879
E0414 17:03:48.674299 fd83000 FrameBuffer.cpp:3790] Failed to find ColorBuffer:1887
E0414 17:03:48.674303 fd83000 FrameBuffer.cpp:3790] Failed to find ColorBuffer:1888
E0414 17:03:48.674307 fd83000 FrameBuffer.cpp:3790] Failed to find ColorBuffer:1889
E0414 17:03:48.674311 fd83000 FrameBuffer.cpp:3790] Failed to find ColorBuffer:1880
E0414 17:03:48.674315 fd83000 FrameBuffer.cpp:3790] Failed to find ColorBuffer:1890
E0414 17:03:48.674319 fd83000 FrameBuffer.cpp:3790] Failed to find ColorBuffer:1891
E0414 17:03:48.674323 fd83000 FrameBuffer.cpp:3790] Failed to find ColorBuffer:1893
E0414 17:03:48.674327 fd83000 FrameBuffer.cpp:3790] Failed to find ColorBuffer:1894
E0414 17:03:48.674330 fd83000 FrameBuffer.cpp:3790] Failed to find ColorBuffer:1892
E0414 17:03:48.674334 fd83000 FrameBuffer.cpp:3790] Failed to find ColorBuffer:1881
E0414 17:03:48.674338 fd83000 FrameBuffer.cpp:3790] Failed to find ColorBuffer:1882
E0414 17:03:48.674342 fd83000 FrameBuffer.cpp:3790] Failed to find ColorBuffer:1883
E0414 17:03:48.674346 fd83000 FrameBuffer.cpp:3790] Failed to find ColorBuffer:1884
E0414 17:03:48.674350 fd83000 FrameBuffer.cpp:3790] Failed to find ColorBuffer:1896
E0414 17:03:48.674354 fd83000 FrameBuffer.cpp:3790] Failed to find ColorBuffer:1895
E0414 17:03:48.674358 fd83000 FrameBuffer.cpp:3790] Failed to find ColorBuffer:1897
E0414 17:03:48.674362 fd83000 FrameBuffer.cpp:3790] Failed to find ColorBuffer:1886
E0414 17:03:48.674366 fd83000 FrameBuffer.cpp:3790] Failed to find ColorBuffer:1885
E0414 17:03:48.674370 fd83000 FrameBuffer.cpp:3790] Failed to find ColorBuffer:1879
E0414 17:03:48.674373 fd83000 FrameBuffer.cpp:3790] Failed to find ColorBuffer:1887
E0414 17:03:48.674377 fd83000 FrameBuffer.cpp:3790] Failed to find ColorBuffer:1888
E0414 17:03:48.674381 fd83000 FrameBuffer.cpp:3790] Failed to find ColorBuffer:1889
E0414 17:03:48.674385 fd83000 FrameBuffer.cpp:3790] Failed to find ColorBuffer:1880
E0414 17:03:48.674389 fd83000 FrameBuffer.cpp:3790] Failed to find ColorBuffer:1890
E0414 17:03:48.674393 fd83000 FrameBuffer.cpp:3790] Failed to find ColorBuffer:1891
E0414 17:03:48.674397 fd83000 FrameBuffer.cpp:3790] Failed to find ColorBuffer:1893
E0414 17:03:48.674401 fd83000 FrameBuffer.cpp:3790] Failed to find ColorBuffer:1894
E0414 17:03:48.674404 fd83000 FrameBuffer.cpp:3790] Failed to find ColorBuffer:1892
E0414 17:03:48.674408 fd83000 FrameBuffer.cpp:3790] Failed to find ColorBuffer:1881
E0414 17:03:48.674412 fd83000 FrameBuffer.cpp:3790] Failed to find ColorBuffer:1882
E0414 17:03:48.674416 fd83000 FrameBuffer.cpp:3790] Failed to find ColorBuffer:1883
E0414 17:03:48.674420 fd83000 FrameBuffer.cpp:3790] Failed to find ColorBuffer:1884
E0414 17:03:48.674424 fd83000 FrameBuffer.cpp:3790] Failed to find ColorBuffer:1896
E0414 17:03:48.674428 fd83000 FrameBuffer.cpp:3790] Failed to find ColorBuffer:1895
E0414 17:03:48.674431 fd83000 FrameBuffer.cpp:3790] Failed to find ColorBuffer:1897
E0414 17:03:48.674435 fd83000 FrameBuffer.cpp:3790] Failed to find ColorBuffer:1886
E0414 17:03:48.674439 fd83000 FrameBuffer.cpp:3790] Failed to find ColorBuffer:1885
E0414 17:03:48.674443 fd83000 FrameBuffer.cpp:3790] Failed to find ColorBuffer:1879
E0414 17:03:48.674447 fd83000 FrameBuffer.cpp:3790] Failed to find ColorBuffer:1887
E0414 17:03:48.674451 fd83000 FrameBuffer.cpp:3790] Failed to find ColorBuffer:1888
E0414 17:03:48.674455 fd83000 FrameBuffer.cpp:3790] Failed to find ColorBuffer:1889
E0414 17:03:48.674473 fd83000 FrameBuffer.cpp:3790] Failed to find ColorBuffer:1880
E0414 17:03:48.674477 fd83000 FrameBuffer.cpp:3790] Failed to find ColorBuffer:1890
E0414 17:03:48.674481 fd83000 FrameBuffer.cpp:3790] Failed to find ColorBuffer:1891
E0414 17:03:48.674485 fd83000 FrameBuffer.cpp:3790] Failed to find ColorBuffer:1893
E0414 17:03:48.674489 fd83000 FrameBuffer.cpp:3790] Failed to find ColorBuffer:1894
E0414 17:03:48.674493 fd83000 FrameBuffer.cpp:3790] Failed to find ColorBuffer:1892
E0414 17:03:48.674497 fd83000 FrameBuffer.cpp:3790] Failed to find ColorBuffer:1881
E0414 17:03:48.674501 fd83000 FrameBuffer.cpp:3790] Failed to find ColorBuffer:1882
E0414 17:03:48.674505 fd83000 FrameBuffer.cpp:3790] Failed to find ColorBuffer:1883
E0414 17:03:48.674509 fd83000 FrameBuffer.cpp:3790] Failed to find ColorBuffer:1895
E0414 17:03:48.674512 fd83000 FrameBuffer.cpp:3790] Failed to find ColorBuffer:1897
E0414 17:03:48.674516 fd83000 FrameBuffer.cpp:3790] Failed to find ColorBuffer:1886
E0414 17:03:48.674520 fd83000 FrameBuffer.cpp:3790] Failed to find ColorBuffer:1885
E0414 17:03:48.674524 fd83000 FrameBuffer.cpp:3790] Failed to find ColorBuffer:1879
E0414 17:03:48.674528 fd83000 FrameBuffer.cpp:3790] Failed to find ColorBuffer:1887
E0414 17:03:48.674532 fd83000 FrameBuffer.cpp:3790] Failed to find ColorBuffer:1888
E0414 17:03:48.674869 fd83000 FrameBuffer.cpp:3790] Failed to find ColorBuffer:1889
E0414 17:03:48.674875 fd83000 FrameBuffer.cpp:3790] Failed to find ColorBuffer:1876
E0414 17:03:48.674879 fd83000 FrameBuffer.cpp:3790] Failed to find ColorBuffer:1880
E0414 17:03:48.674883 fd83000 FrameBuffer.cpp:3790] Failed to find ColorBuffer:1890
E0414 17:03:48.674887 fd83000 FrameBuffer.cpp:3790] Failed to find ColorBuffer:1891
E0414 17:03:48.674891 fd83000 FrameBuffer.cpp:3790] Failed to find ColorBuffer:1893
E0414 17:03:48.674895 fd83000 FrameBuffer.cpp:3790] Failed to find ColorBuffer:1894
E0414 17:03:48.674899 fd83000 FrameBuffer.cpp:3790] Failed to find ColorBuffer:1892
E0414 17:03:48.674903 fd83000 FrameBuffer.cpp:3790] Failed to find ColorBuffer:1881
E0414 17:03:48.674907 fd83000 FrameBuffer.cpp:3790] Failed to find ColorBuffer:1882
E0414 17:03:48.674952 fd83000 FrameBuffer.cpp:3790] Failed to find ColorBuffer:1884
E0414 17:03:48.674959 fd83000 FrameBuffer.cpp:3790] Failed to find ColorBuffer:1896
E0414 17:03:48.674965 fd83000 FrameBuffer.cpp:3790] Failed to find ColorBuffer:1883
E0414 17:03:48.674972 fd83000 FrameBuffer.cpp:3790] Failed to find ColorBuffer:1895
E0414 17:03:48.674977 fd83000 FrameBuffer.cpp:3790] Failed to find ColorBuffer:1897
E0414 17:03:48.674982 fd83000 FrameBuffer.cpp:3790] Failed to find ColorBuffer:1886
E0414 17:03:48.674987 fd83000 FrameBuffer.cpp:3790] Failed to find ColorBuffer:1885
E0414 17:03:48.674993 fd83000 FrameBuffer.cpp:3790] Failed to find ColorBuffer:1879
E0414 17:03:48.674997 fd83000 FrameBuffer.cpp:3790] Failed to find ColorBuffer:1887
E0414 17:03:48.675003 fd83000 FrameBuffer.cpp:3790] Failed to find ColorBuffer:1888
E0414 17:03:48.675008 fd83000 FrameBuffer.cpp:3790] Failed to find ColorBuffer:1889
E0414 17:03:48.675013 fd83000 FrameBuffer.cpp:3790] Failed to find ColorBuffer:1880
E0414 17:03:48.675018 fd83000 FrameBuffer.cpp:3790] Failed to find ColorBuffer:1890
E0414 17:03:48.675072 fd83000 FrameBuffer.cpp:3790] Failed to find ColorBuffer:1891
E0414 17:03:48.675077 fd83000 FrameBuffer.cpp:3790] Failed to find ColorBuffer:1893
E0414 17:03:48.675082 fd83000 FrameBuffer.cpp:3790] Failed to find ColorBuffer:1894
E0414 17:03:48.675087 fd83000 FrameBuffer.cpp:3790] Failed to find ColorBuffer:1892
E0414 17:03:48.675092 fd83000 FrameBuffer.cpp:3790] Failed to find ColorBuffer:1881
E0414 17:03:48.675097 fd83000 FrameBuffer.cpp:3790] Failed to find ColorBuffer:1882
E0414 17:03:48.675103 fd83000 FrameBuffer.cpp:3790] Failed to find ColorBuffer:1884
E0414 17:03:48.675108 fd83000 FrameBuffer.cpp:3790] Failed to find ColorBuffer:1896
E0414 17:03:48.675113 fd83000 FrameBuffer.cpp:3790] Failed to find ColorBuffer:1883
E0414 17:03:48.675118 fd83000 FrameBuffer.cpp:3790] Failed to find ColorBuffer:1895
E0414 17:03:48.675137 fd83000 FrameBuffer.cpp:3790] Failed to find ColorBuffer:1897
E0414 17:03:48.675142 fd83000 FrameBuffer.cpp:3790] Failed to find ColorBuffer:1886
E0414 17:03:48.675147 fd83000 FrameBuffer.cpp:3790] Failed to find ColorBuffer:1885
E0414 17:03:48.675152 fd83000 FrameBuffer.cpp:3790] Failed to find ColorBuffer:1879
E0414 17:03:48.675157 fd83000 FrameBuffer.cpp:3790] Failed to find ColorBuffer:1887
E0414 17:03:48.675162 fd83000 FrameBuffer.cpp:3790] Failed to find ColorBuffer:1888
E0414 17:03:48.675168 fd83000 FrameBuffer.cpp:3790] Failed to find ColorBuffer:1889
E0414 17:03:48.675172 fd83000 FrameBuffer.cpp:3790] Failed to find ColorBuffer:1880
E0414 17:03:48.675178 fd83000 FrameBuffer.cpp:3790] Failed to find ColorBuffer:1890
E0414 17:03:48.675182 fd83000 FrameBuffer.cpp:3790] Failed to find ColorBuffer:1891
E0414 17:03:48.675186 fd83000 FrameBuffer.cpp:3790] Failed to find ColorBuffer:1893
E0414 17:03:48.675190 fd83000 FrameBuffer.cpp:3790] Failed to find ColorBuffer:1894
E0414 17:03:48.675194 fd83000 FrameBuffer.cpp:3790] Failed to find ColorBuffer:1892
E0414 17:03:48.675198 fd83000 FrameBuffer.cpp:3790] Failed to find ColorBuffer:1881
E0414 17:03:48.675202 fd83000 FrameBuffer.cpp:3790] Failed to find ColorBuffer:1882
E0414 17:03:48.675206 fd83000 FrameBuffer.cpp:3790] Failed to find ColorBuffer:1884
E0414 17:03:48.675210 fd83000 FrameBuffer.cpp:3790] Failed to find ColorBuffer:1896
E0414 17:03:48.675214 fd83000 FrameBuffer.cpp:3790] Failed to find ColorBuffer:1883
E0414 17:03:48.675217 fd83000 FrameBuffer.cpp:3790] Failed to find ColorBuffer:1895
E0414 17:03:48.675221 fd83000 FrameBuffer.cpp:3790] Failed to find ColorBuffer:1897
E0414 17:03:48.675225 fd83000 FrameBuffer.cpp:3790] Failed to find ColorBuffer:1886
E0414 17:03:48.675229 fd83000 FrameBuffer.cpp:3790] Failed to find ColorBuffer:1885
E0414 17:03:48.675233 fd83000 FrameBuffer.cpp:3790] Failed to find ColorBuffer:1879
E0414 17:03:48.675237 fd83000 FrameBuffer.cpp:3790] Failed to find ColorBuffer:1887
E0414 17:03:48.675241 fd83000 FrameBuffer.cpp:3790] Failed to find ColorBuffer:1888
E0414 17:03:48.675245 fd83000 FrameBuffer.cpp:3790] Failed to find ColorBuffer:1889
E0414 17:03:48.675249 fd83000 FrameBuffer.cpp:3790] Failed to find ColorBuffer:1880
E0414 17:03:48.675253 fd83000 FrameBuffer.cpp:3790] Failed to find ColorBuffer:1890
E0414 17:03:48.675257 fd83000 FrameBuffer.cpp:3790] Failed to find ColorBuffer:1891
E0414 17:03:48.675261 fd83000 FrameBuffer.cpp:3790] Failed to find ColorBuffer:1893
E0414 17:03:48.675265 fd83000 FrameBuffer.cpp:3790] Failed to find ColorBuffer:1894
E0414 17:03:48.675268 fd83000 FrameBuffer.cpp:3790] Failed to find ColorBuffer:1892
E0414 17:03:48.675272 fd83000 FrameBuffer.cpp:3790] Failed to find ColorBuffer:1881
E0414 17:03:48.675305 fd83000 FrameBuffer.cpp:3790] Failed to find ColorBuffer:1882
E0414 17:03:48.675310 fd83000 FrameBuffer.cpp:3790] Failed to find ColorBuffer:1884
E0414 17:03:48.675314 fd83000 FrameBuffer.cpp:3790] Failed to find ColorBuffer:1896
E0414 17:03:48.675318 fd83000 FrameBuffer.cpp:3790] Failed to find ColorBuffer:1883
E0414 17:03:48.675322 fd83000 FrameBuffer.cpp:3790] Failed to find ColorBuffer:1895
E0414 17:03:48.675326 fd83000 FrameBuffer.cpp:3790] Failed to find ColorBuffer:1897
E0414 17:03:48.675330 fd83000 FrameBuffer.cpp:3790] Failed to find ColorBuffer:1886
E0414 17:03:48.675334 fd83000 FrameBuffer.cpp:3790] Failed to find ColorBuffer:1885
E0414 17:03:48.675338 fd83000 FrameBuffer.cpp:3790] Failed to find ColorBuffer:1879
E0414 17:03:48.675342 fd83000 FrameBuffer.cpp:3790] Failed to find ColorBuffer:1887
E0414 17:03:48.675346 fd83000 FrameBuffer.cpp:3790] Failed to find ColorBuffer:1888
E0414 17:03:48.675350 fd83000 FrameBuffer.cpp:3790] Failed to find ColorBuffer:1889
E0414 17:03:48.675354 fd83000 FrameBuffer.cpp:3790] Failed to find ColorBuffer:1880
E0414 17:03:48.675358 fd83000 FrameBuffer.cpp:3790] Failed to find ColorBuffer:1890
E0414 17:03:48.675362 fd83000 FrameBuffer.cpp:3790] Failed to find ColorBuffer:1891
E0414 17:03:48.675366 fd83000 FrameBuffer.cpp:3790] Failed to find ColorBuffer:1893
E0414 17:03:48.675560 fd83000 FrameBuffer.cpp:3790] Failed to find ColorBuffer:1894
E0414 17:03:48.675565 fd83000 FrameBuffer.cpp:3790] Failed to find ColorBuffer:1892
E0414 17:03:48.675615 fd83000 FrameBuffer.cpp:3790] Failed to find ColorBuffer:1881
E0414 17:03:48.675622 fd83000 FrameBuffer.cpp:3790] Failed to find ColorBuffer:1882
E0414 17:03:48.675626 fd83000 FrameBuffer.cpp:3790] Failed to find ColorBuffer:1884
E0414 17:03:48.675630 fd83000 FrameBuffer.cpp:3790] Failed to find ColorBuffer:1896
E0414 17:03:48.675634 fd83000 FrameBuffer.cpp:3790] Failed to find ColorBuffer:1883
E0414 17:03:48.675638 fd83000 FrameBuffer.cpp:3790] Failed to find ColorBuffer:1895
E0414 17:03:48.675642 fd83000 FrameBuffer.cpp:3790] Failed to find ColorBuffer:1897
E0414 17:03:48.675646 fd83000 FrameBuffer.cpp:3790] Failed to find ColorBuffer:1886
E0414 17:03:48.675650 fd83000 FrameBuffer.cpp:3790] Failed to find ColorBuffer:1885
E0414 17:03:48.675654 fd83000 FrameBuffer.cpp:3790] Failed to find ColorBuffer:1879
E0414 17:03:48.675658 fd83000 FrameBuffer.cpp:3790] Failed to find ColorBuffer:1887
E0414 17:03:48.675662 fd83000 FrameBuffer.cpp:3790] Failed to find ColorBuffer:1888
E0414 17:03:48.675665 fd83000 FrameBuffer.cpp:3790] Failed to find ColorBuffer:1889
E0414 17:03:48.675669 fd83000 FrameBuffer.cpp:3790] Failed to find ColorBuffer:1880
E0414 17:03:48.675673 fd83000 FrameBuffer.cpp:3790] Failed to find ColorBuffer:1890
E0414 17:03:48.675677 fd83000 FrameBuffer.cpp:3790] Failed to find ColorBuffer:1891
E0414 17:03:48.675681 fd83000 FrameBuffer.cpp:3790] Failed to find ColorBuffer:1893
E0414 17:03:48.675686 fd83000 FrameBuffer.cpp:3790] Failed to find ColorBuffer:1894
E0414 17:03:48.675689 fd83000 FrameBuffer.cpp:3790] Failed to find ColorBuffer:1892
E0414 17:03:48.675693 fd83000 FrameBuffer.cpp:3790] Failed to find ColorBuffer:1881
E0414 17:03:48.675698 fd83000 FrameBuffer.cpp:3790] Failed to find ColorBuffer:1882
E0414 17:03:48.675701 fd83000 FrameBuffer.cpp:3790] Failed to find ColorBuffer:1884
E0414 17:03:48.675705 fd83000 FrameBuffer.cpp:3790] Failed to find ColorBuffer:1896
E0414 17:03:48.675709 fd83000 FrameBuffer.cpp:3790] Failed to find ColorBuffer:1883
E0414 17:03:48.675714 fd83000 FrameBuffer.cpp:3790] Failed to find ColorBuffer:1895
E0414 17:03:48.675717 fd83000 FrameBuffer.cpp:3790] Failed to find ColorBuffer:1897
E0414 17:03:48.675722 fd83000 FrameBuffer.cpp:3790] Failed to find ColorBuffer:1886
E0414 17:03:48.675726 fd83000 FrameBuffer.cpp:3790] Failed to find ColorBuffer:1885
E0414 17:03:48.675730 fd83000 FrameBuffer.cpp:3790] Failed to find ColorBuffer:1879
E0414 17:03:48.675734 fd83000 FrameBuffer.cpp:3790] Failed to find ColorBuffer:1887
E0414 17:03:48.675738 fd83000 FrameBuffer.cpp:3790] Failed to find ColorBuffer:1888
E0414 17:03:48.675741 fd83000 FrameBuffer.cpp:3790] Failed to find ColorBuffer:1889
E0414 17:03:48.675746 fd83000 FrameBuffer.cpp:3790] Failed to find ColorBuffer:1880
E0414 17:03:48.675750 fd83000 FrameBuffer.cpp:3790] Failed to find ColorBuffer:1890
E0414 17:03:48.675754 fd83000 FrameBuffer.cpp:3790] Failed to find ColorBuffer:1891
E0414 17:03:48.675758 fd83000 FrameBuffer.cpp:3790] Failed to find ColorBuffer:1893
E0414 17:03:48.675761 fd83000 FrameBuffer.cpp:3790] Failed to find ColorBuffer:1894
E0414 17:03:48.675765 fd83000 FrameBuffer.cpp:3790] Failed to find ColorBuffer:1892
E0414 17:03:48.675770 fd83000 FrameBuffer.cpp:3790] Failed to find ColorBuffer:1881
E0414 17:03:48.675773 fd83000 FrameBuffer.cpp:3790] Failed to find ColorBuffer:1882
E0414 17:03:48.675777 fd83000 FrameBuffer.cpp:3790] Failed to find ColorBuffer:1884
E0414 17:03:48.675781 fd83000 FrameBuffer.cpp:3790] Failed to find ColorBuffer:1896
E0414 17:03:48.675785 fd83000 FrameBuffer.cpp:3790] Failed to find ColorBuffer:1883
E0414 17:03:48.675789 fd83000 FrameBuffer.cpp:3790] Failed to find ColorBuffer:1895
E0414 17:03:48.675793 fd83000 FrameBuffer.cpp:3790] Failed to find ColorBuffer:1897
E0414 17:03:48.675797 fd83000 FrameBuffer.cpp:3790] Failed to find ColorBuffer:1886
E0414 17:03:48.675801 fd83000 FrameBuffer.cpp:3790] Failed to find ColorBuffer:1885
E0414 17:03:48.675831 fd83000 FrameBuffer.cpp:3790] Failed to find ColorBuffer:1879
E0414 17:03:48.675835 fd83000 FrameBuffer.cpp:3790] Failed to find ColorBuffer:1887
E0414 17:03:48.675839 fd83000 FrameBuffer.cpp:3790] Failed to find ColorBuffer:1888
E0414 17:03:48.675843 fd83000 FrameBuffer.cpp:3790] Failed to find ColorBuffer:1889
E0414 17:03:48.675847 fd83000 FrameBuffer.cpp:3790] Failed to find ColorBuffer:1880
E0414 17:03:48.675851 fd83000 FrameBuffer.cpp:3790] Failed to find ColorBuffer:1890
E0414 17:03:48.675854 fd83000 FrameBuffer.cpp:3790] Failed to find ColorBuffer:1891
E0414 17:03:48.675858 fd83000 FrameBuffer.cpp:3790] Failed to find ColorBuffer:1893
E0414 17:03:48.675862 fd83000 FrameBuffer.cpp:3790] Failed to find ColorBuffer:1894
E0414 17:03:48.675866 fd83000 FrameBuffer.cpp:3790] Failed to find ColorBuffer:1892
E0414 17:03:48.675869 fd83000 FrameBuffer.cpp:3790] Failed to find ColorBuffer:1881
E0414 17:03:48.675873 fd83000 FrameBuffer.cpp:3790] Failed to find ColorBuffer:1882
E0414 17:03:48.675877 fd83000 FrameBuffer.cpp:3790] Failed to find ColorBuffer:1884
E0414 17:03:48.675881 fd83000 FrameBuffer.cpp:3790] Failed to find ColorBuffer:1896
E0414 17:03:48.675884 fd83000 FrameBuffer.cpp:3790] Failed to find ColorBuffer:1883
E0414 17:03:48.675888 fd83000 FrameBuffer.cpp:3790] Failed to find ColorBuffer:1895
E0414 17:03:48.675892 fd83000 FrameBuffer.cpp:3790] Failed to find ColorBuffer:1897
E0414 17:03:48.675895 fd83000 FrameBuffer.cpp:3790] Failed to find ColorBuffer:1886
E0414 17:03:48.675899 fd83000 FrameBuffer.cpp:3790] Failed to find ColorBuffer:1885
E0414 17:03:48.675903 fd83000 FrameBuffer.cpp:3790] Failed to find ColorBuffer:1879
E0414 17:03:48.675907 fd83000 FrameBuffer.cpp:3790] Failed to find ColorBuffer:1887
E0414 17:03:48.675910 fd83000 FrameBuffer.cpp:3790] Failed to find ColorBuffer:1888
E0414 17:03:48.675914 fd83000 FrameBuffer.cpp:3790] Failed to find ColorBuffer:1889
E0414 17:03:48.675918 fd83000 FrameBuffer.cpp:3790] Failed to find ColorBuffer:1880
E0414 17:03:48.675922 fd83000 FrameBuffer.cpp:3790] Failed to find ColorBuffer:1890
E0414 17:03:48.675926 fd83000 FrameBuffer.cpp:3790] Failed to find ColorBuffer:1891
E0414 17:03:48.675929 fd83000 FrameBuffer.cpp:3790] Failed to find ColorBuffer:1893
E0414 17:03:48.675933 fd83000 FrameBuffer.cpp:3790] Failed to find ColorBuffer:1894
E0414 17:03:48.675937 fd83000 FrameBuffer.cpp:3790] Failed to find ColorBuffer:1892
E0414 17:03:48.675941 fd83000 FrameBuffer.cpp:3790] Failed to find ColorBuffer:1881
E0414 17:03:48.675944 fd83000 FrameBuffer.cpp:3790] Failed to find ColorBuffer:1882
E0414 17:03:48.675948 fd83000 FrameBuffer.cpp:3790] Failed to find ColorBuffer:1884
E0414 17:03:48.675952 fd83000 FrameBuffer.cpp:3790] Failed to find ColorBuffer:1896
E0414 17:03:48.675956 fd83000 FrameBuffer.cpp:3790] Failed to find ColorBuffer:1883
E0414 17:03:48.675960 fd83000 FrameBuffer.cpp:3790] Failed to find ColorBuffer:1895
E0414 17:03:48.675964 fd83000 FrameBuffer.cpp:3790] Failed to find ColorBuffer:1897
E0414 17:03:48.675967 fd83000 FrameBuffer.cpp:3790] Failed to find ColorBuffer:1886
E0414 17:03:48.675971 fd83000 FrameBuffer.cpp:3790] Failed to find ColorBuffer:1885
E0414 17:03:48.675975 fd83000 FrameBuffer.cpp:3790] Failed to find ColorBuffer:1879
E0414 17:03:48.675979 fd83000 FrameBuffer.cpp:3790] Failed to find ColorBuffer:1887
E0414 17:03:48.675983 fd83000 FrameBuffer.cpp:3790] Failed to find ColorBuffer:1888
E0414 17:03:48.675987 fd83000 FrameBuffer.cpp:3790] Failed to find ColorBuffer:1889
E0414 17:03:48.675991 fd83000 FrameBuffer.cpp:3790] Failed to find ColorBuffer:1880
E0414 17:03:48.675995 fd83000 FrameBuffer.cpp:3790] Failed to find ColorBuffer:1890
E0414 17:03:48.675999 fd83000 FrameBuffer.cpp:3790] Failed to find ColorBuffer:1891
E0414 17:03:48.676003 fd83000 FrameBuffer.cpp:3790] Failed to find ColorBuffer:1893
E0414 17:03:48.676007 fd83000 FrameBuffer.cpp:3790] Failed to find ColorBuffer:1894
E0414 17:03:48.676011 fd83000 FrameBuffer.cpp:3790] Failed to find ColorBuffer:1892
E0414 17:03:48.676025 fd83000 FrameBuffer.cpp:3790] Failed to find ColorBuffer:1881
E0414 17:03:48.676030 fd83000 FrameBuffer.cpp:3790] Failed to find ColorBuffer:1882
E0414 17:03:48.676033 fd83000 FrameBuffer.cpp:3790] Failed to find ColorBuffer:1884
E0414 17:03:48.676038 fd83000 FrameBuffer.cpp:3790] Failed to find ColorBuffer:1896
E0414 17:03:48.676042 fd83000 FrameBuffer.cpp:3790] Failed to find ColorBuffer:1883
E0414 17:03:48.676045 fd83000 FrameBuffer.cpp:3790] Failed to find ColorBuffer:1895
E0414 17:03:48.676049 fd83000 FrameBuffer.cpp:3790] Failed to find ColorBuffer:1897
E0414 17:03:48.676054 fd83000 FrameBuffer.cpp:3790] Failed to find ColorBuffer:1886
E0414 17:03:48.676059 fd83000 FrameBuffer.cpp:3790] Failed to find ColorBuffer:1885
E0414 17:03:48.676065 fd83000 FrameBuffer.cpp:3790] Failed to find ColorBuffer:1879
E0414 17:03:48.676070 fd83000 FrameBuffer.cpp:3790] Failed to find ColorBuffer:1887
E0414 17:03:48.676076 fd83000 FrameBuffer.cpp:3790] Failed to find ColorBuffer:1888
E0414 17:03:48.676081 fd83000 FrameBuffer.cpp:3790] Failed to find ColorBuffer:1889
E0414 17:03:48.676085 fd83000 FrameBuffer.cpp:3790] Failed to find ColorBuffer:1890
E0414 17:03:48.676090 fd83000 FrameBuffer.cpp:3790] Failed to find ColorBuffer:1891
E0414 17:03:48.676094 fd83000 FrameBuffer.cpp:3790] Failed to find ColorBuffer:1893
E0414 17:03:48.676099 fd83000 FrameBuffer.cpp:3790] Failed to find ColorBuffer:1894
E0414 17:03:48.676104 fd83000 FrameBuffer.cpp:3790] Failed to find ColorBuffer:1892
E0414 17:03:48.676109 fd83000 FrameBuffer.cpp:3790] Failed to find ColorBuffer:1881
E0414 17:03:48.676113 fd83000 FrameBuffer.cpp:3790] Failed to find ColorBuffer:1882
E0414 17:03:48.676118 fd83000 FrameBuffer.cpp:3790] Failed to find ColorBuffer:1884
E0414 17:03:48.676123 fd83000 FrameBuffer.cpp:3790] Failed to find ColorBuffer:1896
E0414 17:03:48.676128 fd83000 FrameBuffer.cpp:3790] Failed to find ColorBuffer:1883
E0414 17:03:48.676132 fd83000 FrameBuffer.cpp:3790] Failed to find ColorBuffer:1895
E0414 17:03:48.676139 fd83000 FrameBuffer.cpp:3790] Failed to find ColorBuffer:1897
E0414 17:03:48.676145 fd83000 FrameBuffer.cpp:3790] Failed to find ColorBuffer:1875
E0414 17:03:48.676149 fd83000 FrameBuffer.cpp:3790] Failed to find ColorBuffer:1886
E0414 17:03:48.676153 fd83000 FrameBuffer.cpp:3790] Failed to find ColorBuffer:1885
E0414 17:03:48.676158 fd83000 FrameBuffer.cpp:3790] Failed to find ColorBuffer:1879
INFO    | Warning: delivering touch release to same window QWindow(0x0) not QWidgetWindow(0x12b889de0, name="EmulatorContainerClassWindow") ((null):0, (null))
INFO    | Warning: skipping QEventPoint(id=0 ts=0 pos=0,0 scn=1107.98,543.526 gbl=1107.98,543.526 Released ellipse=(1x1 ∡ 0) vel=0,0 press=-1107.98,-543.526 last=-1107.98,-543.526 Δ 1107.98,543.526) : no target window ((null):0, (null))
E0414 17:05:28.509759 fd83000 FrameBuffer.cpp:3790] Failed to find ColorBuffer:1903
E0414 17:05:28.509984 fd83000 FrameBuffer.cpp:3790] Failed to find ColorBuffer:1907
INFO    | Warning: delivering touch release to same window QWindow(0x0) not QWidgetWindow(0x12b889de0, name="EmulatorContainerClassWindow") ((null):0, (null))
INFO    | Warning: skipping QEventPoint(id=0 ts=0 pos=0,0 scn=1022.24,189.171 gbl=1022.24,189.171 Released ellipse=(1x1 ∡ 0) vel=0,0 press=-1022.24,-189.171 last=-1022.24,-189.171 Δ 1022.24,189.171) : no target window ((null):0, (null))
E0414 17:06:37.126282 fd83000 FrameBuffer.cpp:3790] Failed to find ColorBuffer:1942
E0414 17:06:37.127057 fd83000 FrameBuffer.cpp:3790] Failed to find ColorBuffer:1944
E0414 17:06:37.127207 fd83000 FrameBuffer.cpp:3790] Failed to find ColorBuffer:1945
E0414 17:06:37.127433 fd83000 FrameBuffer.cpp:3790] Failed to find ColorBuffer:1946
E0414 17:06:37.127459 fd83000 FrameBuffer.cpp:3790] Failed to find ColorBuffer:1947
E0414 17:06:37.127470 fd83000 FrameBuffer.cpp:3790] Failed to find ColorBuffer:1948
E0414 17:06:37.127477 fd83000 FrameBuffer.cpp:3790] Failed to find ColorBuffer:1949
E0414 17:06:37.127483 fd83000 FrameBuffer.cpp:3790] Failed to find ColorBuffer:1950
E0414 17:06:37.127489 fd83000 FrameBuffer.cpp:3790] Failed to find ColorBuffer:1944
E0414 17:06:37.127663 fd83000 FrameBuffer.cpp:3790] Failed to find ColorBuffer:1951
E0414 17:06:37.127675 fd83000 FrameBuffer.cpp:3790] Failed to find ColorBuffer:1952
E0414 17:06:37.127681 fd83000 FrameBuffer.cpp:3790] Failed to find ColorBuffer:1953
E0414 17:06:37.127687 fd83000 FrameBuffer.cpp:3790] Failed to find ColorBuffer:1954
E0414 17:06:37.127693 fd83000 FrameBuffer.cpp:3790] Failed to find ColorBuffer:1945
E0414 17:06:37.127698 fd83000 FrameBuffer.cpp:3790] Failed to find ColorBuffer:1955
E0414 17:06:37.127703 fd83000 FrameBuffer.cpp:3790] Failed to find ColorBuffer:1956
E0414 17:06:37.127714 fd83000 FrameBuffer.cpp:3790] Failed to find ColorBuffer:1957
E0414 17:06:37.127720 fd83000 FrameBuffer.cpp:3790] Failed to find ColorBuffer:1946
E0414 17:06:37.127726 fd83000 FrameBuffer.cpp:3790] Failed to find ColorBuffer:1958
E0414 17:06:37.127731 fd83000 FrameBuffer.cpp:3790] Failed to find ColorBuffer:1959
E0414 17:06:37.127735 fd83000 FrameBuffer.cpp:3790] Failed to find ColorBuffer:1960
E0414 17:06:37.127739 fd83000 FrameBuffer.cpp:3790] Failed to find ColorBuffer:1947
E0414 17:06:37.127743 fd83000 FrameBuffer.cpp:3790] Failed to find ColorBuffer:1961
E0414 17:06:37.127747 fd83000 FrameBuffer.cpp:3790] Failed to find ColorBuffer:1948
E0414 17:06:37.127751 fd83000 FrameBuffer.cpp:3790] Failed to find ColorBuffer:1949
E0414 17:06:37.127755 fd83000 FrameBuffer.cpp:3790] Failed to find ColorBuffer:1950
E0414 17:06:37.127760 fd83000 FrameBuffer.cpp:3790] Failed to find ColorBuffer:1944
E0414 17:06:37.127764 fd83000 FrameBuffer.cpp:3790] Failed to find ColorBuffer:1951
E0414 17:06:37.127768 fd83000 FrameBuffer.cpp:3790] Failed to find ColorBuffer:1962
E0414 17:06:37.127772 fd83000 FrameBuffer.cpp:3790] Failed to find ColorBuffer:1952
E0414 17:06:37.127776 fd83000 FrameBuffer.cpp:3790] Failed to find ColorBuffer:1953
E0414 17:06:37.127780 fd83000 FrameBuffer.cpp:3790] Failed to find ColorBuffer:1954
E0414 17:06:37.127786 fd83000 FrameBuffer.cpp:3790] Failed to find ColorBuffer:1945
E0414 17:06:37.127791 fd83000 FrameBuffer.cpp:3790] Failed to find ColorBuffer:1955
E0414 17:06:37.127795 fd83000 FrameBuffer.cpp:3790] Failed to find ColorBuffer:1956
E0414 17:06:37.127800 fd83000 FrameBuffer.cpp:3790] Failed to find ColorBuffer:1957
E0414 17:06:37.127805 fd83000 FrameBuffer.cpp:3790] Failed to find ColorBuffer:1946
E0414 17:06:37.127811 fd83000 FrameBuffer.cpp:3790] Failed to find ColorBuffer:1958
E0414 17:06:37.127816 fd83000 FrameBuffer.cpp:3790] Failed to find ColorBuffer:1959
E0414 17:06:37.127822 fd83000 FrameBuffer.cpp:3790] Failed to find ColorBuffer:1960
E0414 17:06:37.127827 fd83000 FrameBuffer.cpp:3790] Failed to find ColorBuffer:1947
E0414 17:06:37.127831 fd83000 FrameBuffer.cpp:3790] Failed to find ColorBuffer:1961
E0414 17:06:37.127836 fd83000 FrameBuffer.cpp:3790] Failed to find ColorBuffer:1948
E0414 17:06:37.127841 fd83000 FrameBuffer.cpp:3790] Failed to find ColorBuffer:1949
E0414 17:06:37.127846 fd83000 FrameBuffer.cpp:3790] Failed to find ColorBuffer:1950
E0414 17:06:37.127851 fd83000 FrameBuffer.cpp:3790] Failed to find ColorBuffer:1944
E0414 17:06:37.127856 fd83000 FrameBuffer.cpp:3790] Failed to find ColorBuffer:1951
E0414 17:06:37.127860 fd83000 FrameBuffer.cpp:3790] Failed to find ColorBuffer:1962
E0414 17:06:37.127864 fd83000 FrameBuffer.cpp:3790] Failed to find ColorBuffer:1952
E0414 17:06:37.127868 fd83000 FrameBuffer.cpp:3790] Failed to find ColorBuffer:1953
E0414 17:06:37.127872 fd83000 FrameBuffer.cpp:3790] Failed to find ColorBuffer:1954
E0414 17:06:37.127876 fd83000 FrameBuffer.cpp:3790] Failed to find ColorBuffer:1945
E0414 17:06:37.127880 fd83000 FrameBuffer.cpp:3790] Failed to find ColorBuffer:1955
E0414 17:06:37.127884 fd83000 FrameBuffer.cpp:3790] Failed to find ColorBuffer:1956
E0414 17:06:37.127887 fd83000 FrameBuffer.cpp:3790] Failed to find ColorBuffer:1957
E0414 17:06:37.127891 fd83000 FrameBuffer.cpp:3790] Failed to find ColorBuffer:1946
E0414 17:06:37.127895 fd83000 FrameBuffer.cpp:3790] Failed to find ColorBuffer:1958
E0414 17:06:37.127912 fd83000 FrameBuffer.cpp:3790] Failed to find ColorBuffer:1959
E0414 17:06:37.127917 fd83000 FrameBuffer.cpp:3790] Failed to find ColorBuffer:1960
E0414 17:06:37.127920 fd83000 FrameBuffer.cpp:3790] Failed to find ColorBuffer:1947
E0414 17:06:37.127924 fd83000 FrameBuffer.cpp:3790] Failed to find ColorBuffer:1961
E0414 17:06:37.127928 fd83000 FrameBuffer.cpp:3790] Failed to find ColorBuffer:1948
E0414 17:06:37.127932 fd83000 FrameBuffer.cpp:3790] Failed to find ColorBuffer:1949
E0414 17:06:37.127936 fd83000 FrameBuffer.cpp:3790] Failed to find ColorBuffer:1950
E0414 17:06:37.127940 fd83000 FrameBuffer.cpp:3790] Failed to find ColorBuffer:1944
E0414 17:06:37.127944 fd83000 FrameBuffer.cpp:3790] Failed to find ColorBuffer:1951
E0414 17:06:37.127948 fd83000 FrameBuffer.cpp:3790] Failed to find ColorBuffer:1962
E0414 17:06:37.127952 fd83000 FrameBuffer.cpp:3790] Failed to find ColorBuffer:1952
E0414 17:06:37.127955 fd83000 FrameBuffer.cpp:3790] Failed to find ColorBuffer:1953
E0414 17:06:37.127959 fd83000 FrameBuffer.cpp:3790] Failed to find ColorBuffer:1954
E0414 17:06:37.127963 fd83000 FrameBuffer.cpp:3790] Failed to find ColorBuffer:1945
E0414 17:06:37.127967 fd83000 FrameBuffer.cpp:3790] Failed to find ColorBuffer:1955
E0414 17:06:37.127971 fd83000 FrameBuffer.cpp:3790] Failed to find ColorBuffer:1956
E0414 17:06:37.127975 fd83000 FrameBuffer.cpp:3790] Failed to find ColorBuffer:1957
E0414 17:06:37.127979 fd83000 FrameBuffer.cpp:3790] Failed to find ColorBuffer:1946
E0414 17:06:37.127982 fd83000 FrameBuffer.cpp:3790] Failed to find ColorBuffer:1958
E0414 17:06:37.127986 fd83000 FrameBuffer.cpp:3790] Failed to find ColorBuffer:1959
E0414 17:06:37.127990 fd83000 FrameBuffer.cpp:3790] Failed to find ColorBuffer:1960
E0414 17:06:37.127994 fd83000 FrameBuffer.cpp:3790] Failed to find ColorBuffer:1947
E0414 17:06:37.127998 fd83000 FrameBuffer.cpp:3790] Failed to find ColorBuffer:1961
E0414 17:06:37.128002 fd83000 FrameBuffer.cpp:3790] Failed to find ColorBuffer:1948
E0414 17:06:37.128006 fd83000 FrameBuffer.cpp:3790] Failed to find ColorBuffer:1949
E0414 17:06:37.128010 fd83000 FrameBuffer.cpp:3790] Failed to find ColorBuffer:1950
E0414 17:06:37.128013 fd83000 FrameBuffer.cpp:3790] Failed to find ColorBuffer:1944
E0414 17:06:37.128017 fd83000 FrameBuffer.cpp:3790] Failed to find ColorBuffer:1951
E0414 17:06:37.128021 fd83000 FrameBuffer.cpp:3790] Failed to find ColorBuffer:1962
E0414 17:06:37.128025 fd83000 FrameBuffer.cpp:3790] Failed to find ColorBuffer:1952
E0414 17:06:37.128029 fd83000 FrameBuffer.cpp:3790] Failed to find ColorBuffer:1953
E0414 17:06:37.128033 fd83000 FrameBuffer.cpp:3790] Failed to find ColorBuffer:1954
E0414 17:06:37.128037 fd83000 FrameBuffer.cpp:3790] Failed to find ColorBuffer:1945
E0414 17:06:37.128041 fd83000 FrameBuffer.cpp:3790] Failed to find ColorBuffer:1955
E0414 17:06:37.128045 fd83000 FrameBuffer.cpp:3790] Failed to find ColorBuffer:1956
E0414 17:06:37.128049 fd83000 FrameBuffer.cpp:3790] Failed to find ColorBuffer:1957
E0414 17:06:37.128052 fd83000 FrameBuffer.cpp:3790] Failed to find ColorBuffer:1946
E0414 17:06:37.128056 fd83000 FrameBuffer.cpp:3790] Failed to find ColorBuffer:1958
E0414 17:06:37.128060 fd83000 FrameBuffer.cpp:3790] Failed to find ColorBuffer:1959
E0414 17:06:37.128064 fd83000 FrameBuffer.cpp:3790] Failed to find ColorBuffer:1960
E0414 17:06:37.128068 fd83000 FrameBuffer.cpp:3790] Failed to find ColorBuffer:1947
E0414 17:06:37.128071 fd83000 FrameBuffer.cpp:3790] Failed to find ColorBuffer:1961
E0414 17:06:37.128076 fd83000 FrameBuffer.cpp:3790] Failed to find ColorBuffer:1948
E0414 17:06:37.128080 fd83000 FrameBuffer.cpp:3790] Failed to find ColorBuffer:1949
E0414 17:06:37.128083 fd83000 FrameBuffer.cpp:3790] Failed to find ColorBuffer:1950
E0414 17:06:37.128087 fd83000 FrameBuffer.cpp:3790] Failed to find ColorBuffer:1944
E0414 17:06:37.128091 fd83000 FrameBuffer.cpp:3790] Failed to find ColorBuffer:1951
E0414 17:06:37.128095 fd83000 FrameBuffer.cpp:3790] Failed to find ColorBuffer:1962
E0414 17:06:37.128099 fd83000 FrameBuffer.cpp:3790] Failed to find ColorBuffer:1952
E0414 17:06:37.128115 fd83000 FrameBuffer.cpp:3790] Failed to find ColorBuffer:1953
E0414 17:06:37.128119 fd83000 FrameBuffer.cpp:3790] Failed to find ColorBuffer:1954
E0414 17:06:37.128123 fd83000 FrameBuffer.cpp:3790] Failed to find ColorBuffer:1945
E0414 17:06:37.128127 fd83000 FrameBuffer.cpp:3790] Failed to find ColorBuffer:1955
E0414 17:06:37.128131 fd83000 FrameBuffer.cpp:3790] Failed to find ColorBuffer:1956
E0414 17:06:37.128135 fd83000 FrameBuffer.cpp:3790] Failed to find ColorBuffer:1957
E0414 17:06:37.128139 fd83000 FrameBuffer.cpp:3790] Failed to find ColorBuffer:1946
E0414 17:06:37.128143 fd83000 FrameBuffer.cpp:3790] Failed to find ColorBuffer:1958
E0414 17:06:37.128146 fd83000 FrameBuffer.cpp:3790] Failed to find ColorBuffer:1959
E0414 17:06:37.128151 fd83000 FrameBuffer.cpp:3790] Failed to find ColorBuffer:1960
E0414 17:06:37.128155 fd83000 FrameBuffer.cpp:3790] Failed to find ColorBuffer:1947
E0414 17:06:37.128159 fd83000 FrameBuffer.cpp:3790] Failed to find ColorBuffer:1961
E0414 17:06:37.128162 fd83000 FrameBuffer.cpp:3790] Failed to find ColorBuffer:1948
E0414 17:06:37.128166 fd83000 FrameBuffer.cpp:3790] Failed to find ColorBuffer:1949
E0414 17:06:37.128170 fd83000 FrameBuffer.cpp:3790] Failed to find ColorBuffer:1950
E0414 17:06:37.128174 fd83000 FrameBuffer.cpp:3790] Failed to find ColorBuffer:1944
E0414 17:06:37.128178 fd83000 FrameBuffer.cpp:3790] Failed to find ColorBuffer:1951
E0414 17:06:37.128182 fd83000 FrameBuffer.cpp:3790] Failed to find ColorBuffer:1962
E0414 17:06:37.128186 fd83000 FrameBuffer.cpp:3790] Failed to find ColorBuffer:1952
E0414 17:06:37.128189 fd83000 FrameBuffer.cpp:3790] Failed to find ColorBuffer:1953
E0414 17:06:37.128193 fd83000 FrameBuffer.cpp:3790] Failed to find ColorBuffer:1954
E0414 17:06:37.128198 fd83000 FrameBuffer.cpp:3790] Failed to find ColorBuffer:1945
E0414 17:06:37.128201 fd83000 FrameBuffer.cpp:3790] Failed to find ColorBuffer:1955
E0414 17:06:37.128205 fd83000 FrameBuffer.cpp:3790] Failed to find ColorBuffer:1956
E0414 17:06:37.128209 fd83000 FrameBuffer.cpp:3790] Failed to find ColorBuffer:1957
E0414 17:06:37.128213 fd83000 FrameBuffer.cpp:3790] Failed to find ColorBuffer:1946
E0414 17:06:37.128217 fd83000 FrameBuffer.cpp:3790] Failed to find ColorBuffer:1958
E0414 17:06:37.128221 fd83000 FrameBuffer.cpp:3790] Failed to find ColorBuffer:1959
E0414 17:06:37.128225 fd83000 FrameBuffer.cpp:3790] Failed to find ColorBuffer:1960
E0414 17:06:37.128229 fd83000 FrameBuffer.cpp:3790] Failed to find ColorBuffer:1947
E0414 17:06:37.128233 fd83000 FrameBuffer.cpp:3790] Failed to find ColorBuffer:1961
E0414 17:06:37.128237 fd83000 FrameBuffer.cpp:3790] Failed to find ColorBuffer:1948
E0414 17:06:37.128241 fd83000 FrameBuffer.cpp:3790] Failed to find ColorBuffer:1949
E0414 17:06:37.128244 fd83000 FrameBuffer.cpp:3790] Failed to find ColorBuffer:1950
E0414 17:06:37.128249 fd83000 FrameBuffer.cpp:3790] Failed to find ColorBuffer:1944
E0414 17:06:37.128254 fd83000 FrameBuffer.cpp:3790] Failed to find ColorBuffer:1951
E0414 17:06:37.128259 fd83000 FrameBuffer.cpp:3790] Failed to find ColorBuffer:1962
E0414 17:06:37.128264 fd83000 FrameBuffer.cpp:3790] Failed to find ColorBuffer:1952
E0414 17:06:37.128269 fd83000 FrameBuffer.cpp:3790] Failed to find ColorBuffer:1953
E0414 17:06:37.128274 fd83000 FrameBuffer.cpp:3790] Failed to find ColorBuffer:1954
E0414 17:06:37.128279 fd83000 FrameBuffer.cpp:3790] Failed to find ColorBuffer:1945
E0414 17:06:37.128284 fd83000 FrameBuffer.cpp:3790] Failed to find ColorBuffer:1955
E0414 17:06:37.128288 fd83000 FrameBuffer.cpp:3790] Failed to find ColorBuffer:1956
E0414 17:06:37.128293 fd83000 FrameBuffer.cpp:3790] Failed to find ColorBuffer:1957
E0414 17:06:37.128297 fd83000 FrameBuffer.cpp:3790] Failed to find ColorBuffer:1946
E0414 17:06:37.128301 fd83000 FrameBuffer.cpp:3790] Failed to find ColorBuffer:1958
E0414 17:06:37.128304 fd83000 FrameBuffer.cpp:3790] Failed to find ColorBuffer:1959
E0414 17:06:37.128308 fd83000 FrameBuffer.cpp:3790] Failed to find ColorBuffer:1960
E0414 17:06:37.128312 fd83000 FrameBuffer.cpp:3790] Failed to find ColorBuffer:1947
E0414 17:06:37.128339 fd83000 FrameBuffer.cpp:3790] Failed to find ColorBuffer:1961
E0414 17:06:37.128343 fd83000 FrameBuffer.cpp:3790] Failed to find ColorBuffer:1948
E0414 17:06:37.128347 fd83000 FrameBuffer.cpp:3790] Failed to find ColorBuffer:1949
E0414 17:06:37.128352 fd83000 FrameBuffer.cpp:3790] Failed to find ColorBuffer:1950
E0414 17:06:37.128356 fd83000 FrameBuffer.cpp:3790] Failed to find ColorBuffer:1944
E0414 17:06:37.128359 fd83000 FrameBuffer.cpp:3790] Failed to find ColorBuffer:1951
E0414 17:06:37.128363 fd83000 FrameBuffer.cpp:3790] Failed to find ColorBuffer:1962
E0414 17:06:37.128368 fd83000 FrameBuffer.cpp:3790] Failed to find ColorBuffer:1952
E0414 17:06:37.128373 fd83000 FrameBuffer.cpp:3790] Failed to find ColorBuffer:1953
E0414 17:06:37.128378 fd83000 FrameBuffer.cpp:3790] Failed to find ColorBuffer:1954
E0414 17:06:37.128382 fd83000 FrameBuffer.cpp:3790] Failed to find ColorBuffer:1945
E0414 17:06:37.128387 fd83000 FrameBuffer.cpp:3790] Failed to find ColorBuffer:1955
E0414 17:06:37.128392 fd83000 FrameBuffer.cpp:3790] Failed to find ColorBuffer:1956
E0414 17:06:37.128397 fd83000 FrameBuffer.cpp:3790] Failed to find ColorBuffer:1957
E0414 17:06:37.128402 fd83000 FrameBuffer.cpp:3790] Failed to find ColorBuffer:1946
E0414 17:06:37.128407 fd83000 FrameBuffer.cpp:3790] Failed to find ColorBuffer:1958
E0414 17:06:37.128412 fd83000 FrameBuffer.cpp:3790] Failed to find ColorBuffer:1959
E0414 17:06:37.128417 fd83000 FrameBuffer.cpp:3790] Failed to find ColorBuffer:1960
E0414 17:06:37.128422 fd83000 FrameBuffer.cpp:3790] Failed to find ColorBuffer:1947
E0414 17:06:37.128428 fd83000 FrameBuffer.cpp:3790] Failed to find ColorBuffer:1961
E0414 17:06:37.128433 fd83000 FrameBuffer.cpp:3790] Failed to find ColorBuffer:1948
E0414 17:06:37.128438 fd83000 FrameBuffer.cpp:3790] Failed to find ColorBuffer:1949
E0414 17:06:37.128443 fd83000 FrameBuffer.cpp:3790] Failed to find ColorBuffer:1950
E0414 17:06:37.128449 fd83000 FrameBuffer.cpp:3790] Failed to find ColorBuffer:1944
E0414 17:06:37.128454 fd83000 FrameBuffer.cpp:3790] Failed to find ColorBuffer:1951
E0414 17:06:37.128459 fd83000 FrameBuffer.cpp:3790] Failed to find ColorBuffer:1962
E0414 17:06:37.128464 fd83000 FrameBuffer.cpp:3790] Failed to find ColorBuffer:1952
E0414 17:06:37.128470 fd83000 FrameBuffer.cpp:3790] Failed to find ColorBuffer:1953
E0414 17:06:37.128474 fd83000 FrameBuffer.cpp:3790] Failed to find ColorBuffer:1954
E0414 17:06:37.128479 fd83000 FrameBuffer.cpp:3790] Failed to find ColorBuffer:1945
E0414 17:06:37.128484 fd83000 FrameBuffer.cpp:3790] Failed to find ColorBuffer:1955
E0414 17:06:37.128489 fd83000 FrameBuffer.cpp:3790] Failed to find ColorBuffer:1956
E0414 17:06:37.128494 fd83000 FrameBuffer.cpp:3790] Failed to find ColorBuffer:1957
E0414 17:06:37.128498 fd83000 FrameBuffer.cpp:3790] Failed to find ColorBuffer:1946
E0414 17:06:37.128503 fd83000 FrameBuffer.cpp:3790] Failed to find ColorBuffer:1958
E0414 17:06:37.128508 fd83000 FrameBuffer.cpp:3790] Failed to find ColorBuffer:1959
E0414 17:06:37.128513 fd83000 FrameBuffer.cpp:3790] Failed to find ColorBuffer:1960
E0414 17:06:37.128517 fd83000 FrameBuffer.cpp:3790] Failed to find ColorBuffer:1947
E0414 17:06:37.128521 fd83000 FrameBuffer.cpp:3790] Failed to find ColorBuffer:1961
E0414 17:06:37.128525 fd83000 FrameBuffer.cpp:3790] Failed to find ColorBuffer:1948
E0414 17:06:37.128529 fd83000 FrameBuffer.cpp:3790] Failed to find ColorBuffer:1949
E0414 17:06:37.128533 fd83000 FrameBuffer.cpp:3790] Failed to find ColorBuffer:1950
E0414 17:06:37.128536 fd83000 FrameBuffer.cpp:3790] Failed to find ColorBuffer:1944
E0414 17:06:37.128540 fd83000 FrameBuffer.cpp:3790] Failed to find ColorBuffer:1951
E0414 17:06:37.128544 fd83000 FrameBuffer.cpp:3790] Failed to find ColorBuffer:1962
E0414 17:06:37.128548 fd83000 FrameBuffer.cpp:3790] Failed to find ColorBuffer:1952
E0414 17:06:37.128551 fd83000 FrameBuffer.cpp:3790] Failed to find ColorBuffer:1953
E0414 17:06:37.128555 fd83000 FrameBuffer.cpp:3790] Failed to find ColorBuffer:1954
E0414 17:06:37.128559 fd83000 FrameBuffer.cpp:3790] Failed to find ColorBuffer:1945
E0414 17:06:37.128578 fd83000 FrameBuffer.cpp:3790] Failed to find ColorBuffer:1955
E0414 17:06:37.128583 fd83000 FrameBuffer.cpp:3790] Failed to find ColorBuffer:1956
E0414 17:06:37.128586 fd83000 FrameBuffer.cpp:3790] Failed to find ColorBuffer:1957
E0414 17:06:37.128590 fd83000 FrameBuffer.cpp:3790] Failed to find ColorBuffer:1946
E0414 17:06:37.128594 fd83000 FrameBuffer.cpp:3790] Failed to find ColorBuffer:1958
E0414 17:06:37.128598 fd83000 FrameBuffer.cpp:3790] Failed to find ColorBuffer:1959
E0414 17:06:37.128602 fd83000 FrameBuffer.cpp:3790] Failed to find ColorBuffer:1960
E0414 17:06:37.128606 fd83000 FrameBuffer.cpp:3790] Failed to find ColorBuffer:1947
E0414 17:06:37.128610 fd83000 FrameBuffer.cpp:3790] Failed to find ColorBuffer:1961
E0414 17:06:37.128614 fd83000 FrameBuffer.cpp:3790] Failed to find ColorBuffer:1948
E0414 17:06:37.128617 fd83000 FrameBuffer.cpp:3790] Failed to find ColorBuffer:1949
E0414 17:06:37.128621 fd83000 FrameBuffer.cpp:3790] Failed to find ColorBuffer:1950
E0414 17:06:37.128625 fd83000 FrameBuffer.cpp:3790] Failed to find ColorBuffer:1944
E0414 17:06:37.128629 fd83000 FrameBuffer.cpp:3790] Failed to find ColorBuffer:1951
E0414 17:06:37.128632 fd83000 FrameBuffer.cpp:3790] Failed to find ColorBuffer:1962
E0414 17:06:37.128636 fd83000 FrameBuffer.cpp:3790] Failed to find ColorBuffer:1952
E0414 17:06:37.128640 fd83000 FrameBuffer.cpp:3790] Failed to find ColorBuffer:1953
E0414 17:06:37.128644 fd83000 FrameBuffer.cpp:3790] Failed to find ColorBuffer:1954
E0414 17:06:37.128648 fd83000 FrameBuffer.cpp:3790] Failed to find ColorBuffer:1945
E0414 17:06:37.128652 fd83000 FrameBuffer.cpp:3790] Failed to find ColorBuffer:1955
E0414 17:06:37.128655 fd83000 FrameBuffer.cpp:3790] Failed to find ColorBuffer:1956
E0414 17:06:37.128659 fd83000 FrameBuffer.cpp:3790] Failed to find ColorBuffer:1957
E0414 17:06:37.128663 fd83000 FrameBuffer.cpp:3790] Failed to find ColorBuffer:1963
E0414 17:06:37.128667 fd83000 FrameBuffer.cpp:3790] Failed to find ColorBuffer:1946
E0414 17:06:37.128671 fd83000 FrameBuffer.cpp:3790] Failed to find ColorBuffer:1958
E0414 17:06:37.128674 fd83000 FrameBuffer.cpp:3790] Failed to find ColorBuffer:1959
E0414 17:06:37.128678 fd83000 FrameBuffer.cpp:3790] Failed to find ColorBuffer:1960
E0414 17:06:37.128682 fd83000 FrameBuffer.cpp:3790] Failed to find ColorBuffer:1947
E0414 17:06:37.128686 fd83000 FrameBuffer.cpp:3790] Failed to find ColorBuffer:1961
E0414 17:06:37.128689 fd83000 FrameBuffer.cpp:3790] Failed to find ColorBuffer:1948
E0414 17:06:37.128693 fd83000 FrameBuffer.cpp:3790] Failed to find ColorBuffer:1949
E0414 17:06:37.128697 fd83000 FrameBuffer.cpp:3790] Failed to find ColorBuffer:1950
E0414 17:06:37.128701 fd83000 FrameBuffer.cpp:3790] Failed to find ColorBuffer:1944
E0414 17:06:37.128705 fd83000 FrameBuffer.cpp:3790] Failed to find ColorBuffer:1951
E0414 17:06:37.128708 fd83000 FrameBuffer.cpp:3790] Failed to find ColorBuffer:1962
E0414 17:06:37.128729 fd83000 FrameBuffer.cpp:3790] Failed to find ColorBuffer:1952
E0414 17:06:37.128778 fd83000 FrameBuffer.cpp:3790] Failed to find ColorBuffer:1953
E0414 17:06:37.128808 fd83000 FrameBuffer.cpp:3790] Failed to find ColorBuffer:1954
E0414 17:06:37.128814 fd83000 FrameBuffer.cpp:3790] Failed to find ColorBuffer:1945
E0414 17:06:37.128818 fd83000 FrameBuffer.cpp:3790] Failed to find ColorBuffer:1955
E0414 17:06:37.128822 fd83000 FrameBuffer.cpp:3790] Failed to find ColorBuffer:1956
E0414 17:06:37.128826 fd83000 FrameBuffer.cpp:3790] Failed to find ColorBuffer:1957
E0414 17:06:37.128831 fd83000 FrameBuffer.cpp:3790] Failed to find ColorBuffer:1963
E0414 17:06:37.128835 fd83000 FrameBuffer.cpp:3790] Failed to find ColorBuffer:1946
E0414 17:06:37.128838 fd83000 FrameBuffer.cpp:3790] Failed to find ColorBuffer:1958
E0414 17:06:37.128842 fd83000 FrameBuffer.cpp:3790] Failed to find ColorBuffer:1959
E0414 17:06:37.128846 fd83000 FrameBuffer.cpp:3790] Failed to find ColorBuffer:1960
E0414 17:06:37.128850 fd83000 FrameBuffer.cpp:3790] Failed to find ColorBuffer:1947
E0414 17:06:37.128869 fd83000 FrameBuffer.cpp:3790] Failed to find ColorBuffer:1961
E0414 17:06:37.128873 fd83000 FrameBuffer.cpp:3790] Failed to find ColorBuffer:1948
E0414 17:06:37.128877 fd83000 FrameBuffer.cpp:3790] Failed to find ColorBuffer:1949
E0414 17:06:37.128881 fd83000 FrameBuffer.cpp:3790] Failed to find ColorBuffer:1950
E0414 17:06:37.128885 fd83000 FrameBuffer.cpp:3790] Failed to find ColorBuffer:1944
E0414 17:06:37.128889 fd83000 FrameBuffer.cpp:3790] Failed to find ColorBuffer:1951
E0414 17:06:37.128893 fd83000 FrameBuffer.cpp:3790] Failed to find ColorBuffer:1962
E0414 17:06:37.128897 fd83000 FrameBuffer.cpp:3790] Failed to find ColorBuffer:1952
E0414 17:06:37.128901 fd83000 FrameBuffer.cpp:3790] Failed to find ColorBuffer:1953
E0414 17:06:37.128905 fd83000 FrameBuffer.cpp:3790] Failed to find ColorBuffer:1954
E0414 17:06:37.128909 fd83000 FrameBuffer.cpp:3790] Failed to find ColorBuffer:1945
E0414 17:06:37.128913 fd83000 FrameBuffer.cpp:3790] Failed to find ColorBuffer:1955
E0414 17:06:37.128917 fd83000 FrameBuffer.cpp:3790] Failed to find ColorBuffer:1956
E0414 17:06:37.128921 fd83000 FrameBuffer.cpp:3790] Failed to find ColorBuffer:1957
E0414 17:06:37.128925 fd83000 FrameBuffer.cpp:3790] Failed to find ColorBuffer:1963
E0414 17:06:37.128928 fd83000 FrameBuffer.cpp:3790] Failed to find ColorBuffer:1946
E0414 17:06:37.128933 fd83000 FrameBuffer.cpp:3790] Failed to find ColorBuffer:1958
E0414 17:06:37.128937 fd83000 FrameBuffer.cpp:3790] Failed to find ColorBuffer:1959
E0414 17:06:37.128941 fd83000 FrameBuffer.cpp:3790] Failed to find ColorBuffer:1960
E0414 17:06:37.128945 fd83000 FrameBuffer.cpp:3790] Failed to find ColorBuffer:1947
E0414 17:06:37.128950 fd83000 FrameBuffer.cpp:3790] Failed to find ColorBuffer:1961
E0414 17:06:37.128954 fd83000 FrameBuffer.cpp:3790] Failed to find ColorBuffer:1948
E0414 17:06:37.128958 fd83000 FrameBuffer.cpp:3790] Failed to find ColorBuffer:1949
E0414 17:06:37.128962 fd83000 FrameBuffer.cpp:3790] Failed to find ColorBuffer:1950
E0414 17:06:37.128966 fd83000 FrameBuffer.cpp:3790] Failed to find ColorBuffer:1944
E0414 17:08:05.424893 fd83000 FrameBuffer.cpp:3790] Failed to find ColorBuffer:1980
E0414 17:08:13.068438 fd83000 FrameBuffer.cpp:3790] Failed to find ColorBuffer:1988
E0414 17:08:17.627416 fd83000 FrameBuffer.cpp:3790] Failed to find ColorBuffer:1992
E0414 17:08:26.064175 fd83000 FrameBuffer.cpp:3790] Failed to find ColorBuffer:1996
E0414 17:08:26.188289 fd83000 FrameBuffer.cpp:3790] Failed to find ColorBuffer:2000
E0414 17:08:26.321434 fd83000 FrameBuffer.cpp:3790] Failed to find ColorBuffer:2004
E0414 17:10:14.694016 fd83000 FrameBuffer.cpp:3790] Failed to find ColorBuffer:2028
E0414 17:10:14.694629 fd83000 FrameBuffer.cpp:3790] Failed to find ColorBuffer:2032
INFO    | Warning: delivering touch release to same window QWindow(0x0) not QWidgetWindow(0x12b889de0, name="EmulatorContainerClassWindow") ((null):0, (null))
INFO    | Warning: skipping QEventPoint(id=0 ts=0 pos=0,0 scn=1079.66,616.666 gbl=1079.66,616.666 Released ellipse=(1x1 ∡ 0) vel=0,0 press=-1079.66,-616.666 last=-1079.66,-616.666 Δ 1079.66,616.666) : no target window ((null):0, (null))
E0414 17:10:56.076187 fd83000 FrameBuffer.cpp:3790] Failed to find ColorBuffer:2089
E0414 17:10:56.077039 fd83000 FrameBuffer.cpp:3790] Failed to find ColorBuffer:2090
E0414 17:10:56.077058 fd83000 FrameBuffer.cpp:3790] Failed to find ColorBuffer:2091
E0414 17:10:56.077281 fd83000 FrameBuffer.cpp:3790] Failed to find ColorBuffer:2089
E0414 17:10:56.077305 fd83000 FrameBuffer.cpp:3790] Failed to find ColorBuffer:2092
E0414 17:10:56.077314 fd83000 FrameBuffer.cpp:3790] Failed to find ColorBuffer:2093
E0414 17:10:56.077321 fd83000 FrameBuffer.cpp:3790] Failed to find ColorBuffer:2094
E0414 17:10:56.077328 fd83000 FrameBuffer.cpp:3790] Failed to find ColorBuffer:2090
E0414 17:10:56.077334 fd83000 FrameBuffer.cpp:3790] Failed to find ColorBuffer:2095
E0414 17:10:56.077340 fd83000 FrameBuffer.cpp:3790] Failed to find ColorBuffer:2096
E0414 17:10:56.077345 fd83000 FrameBuffer.cpp:3790] Failed to find ColorBuffer:2091
E0414 17:10:56.077384 fd83000 FrameBuffer.cpp:3790] Failed to find ColorBuffer:2097
E0414 17:10:56.077394 fd83000 FrameBuffer.cpp:3790] Failed to find ColorBuffer:2098
E0414 17:10:56.077399 fd83000 FrameBuffer.cpp:3790] Failed to find ColorBuffer:2099
E0414 17:10:56.077404 fd83000 FrameBuffer.cpp:3790] Failed to find ColorBuffer:2100
E0414 17:10:56.077410 fd83000 FrameBuffer.cpp:3790] Failed to find ColorBuffer:2089
E0414 17:10:56.077418 fd83000 FrameBuffer.cpp:3790] Failed to find ColorBuffer:2101
E0414 17:10:56.077434 fd83000 FrameBuffer.cpp:3790] Failed to find ColorBuffer:2102
E0414 17:10:56.077440 fd83000 FrameBuffer.cpp:3790] Failed to find ColorBuffer:2103
E0414 17:10:56.077445 fd83000 FrameBuffer.cpp:3790] Failed to find ColorBuffer:2092
E0414 17:10:56.077451 fd83000 FrameBuffer.cpp:3790] Failed to find ColorBuffer:2093
E0414 17:10:56.077460 fd83000 FrameBuffer.cpp:3790] Failed to find ColorBuffer:2104
E0414 17:10:56.077465 fd83000 FrameBuffer.cpp:3790] Failed to find ColorBuffer:2105
E0414 17:10:56.077470 fd83000 FrameBuffer.cpp:3790] Failed to find ColorBuffer:2094
E0414 17:10:56.077475 fd83000 FrameBuffer.cpp:3790] Failed to find ColorBuffer:2090
E0414 17:10:56.077480 fd83000 FrameBuffer.cpp:3790] Failed to find ColorBuffer:2095
E0414 17:10:56.077485 fd83000 FrameBuffer.cpp:3790] Failed to find ColorBuffer:2096
E0414 17:10:56.077493 fd83000 FrameBuffer.cpp:3790] Failed to find ColorBuffer:2106
E0414 17:10:56.077499 fd83000 FrameBuffer.cpp:3790] Failed to find ColorBuffer:2107
E0414 17:10:56.077512 fd83000 FrameBuffer.cpp:3790] Failed to find ColorBuffer:2091
E0414 17:10:56.077517 fd83000 FrameBuffer.cpp:3790] Failed to find ColorBuffer:2097
E0414 17:10:56.077523 fd83000 FrameBuffer.cpp:3790] Failed to find ColorBuffer:2098
E0414 17:10:56.077528 fd83000 FrameBuffer.cpp:3790] Failed to find ColorBuffer:2099
E0414 17:10:56.077534 fd83000 FrameBuffer.cpp:3790] Failed to find ColorBuffer:2100
E0414 17:10:56.077539 fd83000 FrameBuffer.cpp:3790] Failed to find ColorBuffer:2089
E0414 17:10:56.077544 fd83000 FrameBuffer.cpp:3790] Failed to find ColorBuffer:2101
E0414 17:10:56.077549 fd83000 FrameBuffer.cpp:3790] Failed to find ColorBuffer:2102
E0414 17:10:56.077553 fd83000 FrameBuffer.cpp:3790] Failed to find ColorBuffer:2103
E0414 17:10:56.077558 fd83000 FrameBuffer.cpp:3790] Failed to find ColorBuffer:2092
E0414 17:10:56.077572 fd83000 FrameBuffer.cpp:3790] Failed to find ColorBuffer:2093
E0414 17:10:56.077592 fd83000 FrameBuffer.cpp:3790] Failed to find ColorBuffer:2104
E0414 17:10:56.077599 fd83000 FrameBuffer.cpp:3790] Failed to find ColorBuffer:2105
E0414 17:10:56.077603 fd83000 FrameBuffer.cpp:3790] Failed to find ColorBuffer:2094
E0414 17:10:56.077607 fd83000 FrameBuffer.cpp:3790] Failed to find ColorBuffer:2090
E0414 17:10:56.077647 fd83000 FrameBuffer.cpp:3790] Failed to find ColorBuffer:2095
E0414 17:10:56.077712 fd83000 FrameBuffer.cpp:3790] Failed to find ColorBuffer:2096
E0414 17:10:56.077740 fd83000 FrameBuffer.cpp:3790] Failed to find ColorBuffer:2106
E0414 17:10:56.077744 fd83000 FrameBuffer.cpp:3790] Failed to find ColorBuffer:2107
E0414 17:10:56.077749 fd83000 FrameBuffer.cpp:3790] Failed to find ColorBuffer:2091
E0414 17:10:56.077754 fd83000 FrameBuffer.cpp:3790] Failed to find ColorBuffer:2097
E0414 17:10:56.077758 fd83000 FrameBuffer.cpp:3790] Failed to find ColorBuffer:2098
E0414 17:10:56.077762 fd83000 FrameBuffer.cpp:3790] Failed to find ColorBuffer:2099
E0414 17:10:56.077774 fd83000 FrameBuffer.cpp:3790] Failed to find ColorBuffer:2100
E0414 17:10:56.077941 fd83000 FrameBuffer.cpp:3790] Failed to find ColorBuffer:2089
E0414 17:10:56.077949 fd83000 FrameBuffer.cpp:3790] Failed to find ColorBuffer:2101
E0414 17:10:56.077954 fd83000 FrameBuffer.cpp:3790] Failed to find ColorBuffer:2102
E0414 17:10:56.077958 fd83000 FrameBuffer.cpp:3790] Failed to find ColorBuffer:2103
E0414 17:10:56.077963 fd83000 FrameBuffer.cpp:3790] Failed to find ColorBuffer:2092
E0414 17:10:56.077967 fd83000 FrameBuffer.cpp:3790] Failed to find ColorBuffer:2093
E0414 17:10:56.077971 fd83000 FrameBuffer.cpp:3790] Failed to find ColorBuffer:2104
E0414 17:10:56.078011 fd83000 FrameBuffer.cpp:3790] Failed to find ColorBuffer:2105
E0414 17:10:56.078017 fd83000 FrameBuffer.cpp:3790] Failed to find ColorBuffer:2094
E0414 17:10:56.078021 fd83000 FrameBuffer.cpp:3790] Failed to find ColorBuffer:2090
E0414 17:10:56.078026 fd83000 FrameBuffer.cpp:3790] Failed to find ColorBuffer:2095
E0414 17:10:56.078031 fd83000 FrameBuffer.cpp:3790] Failed to find ColorBuffer:2096
E0414 17:10:56.078035 fd83000 FrameBuffer.cpp:3790] Failed to find ColorBuffer:2106
E0414 17:10:56.078040 fd83000 FrameBuffer.cpp:3790] Failed to find ColorBuffer:2107
E0414 17:10:56.078044 fd83000 FrameBuffer.cpp:3790] Failed to find ColorBuffer:2091
E0414 17:10:56.078048 fd83000 FrameBuffer.cpp:3790] Failed to find ColorBuffer:2097
E0414 17:10:56.078052 fd83000 FrameBuffer.cpp:3790] Failed to find ColorBuffer:2098
E0414 17:10:56.078056 fd83000 FrameBuffer.cpp:3790] Failed to find ColorBuffer:2099
E0414 17:10:56.078061 fd83000 FrameBuffer.cpp:3790] Failed to find ColorBuffer:2100
E0414 17:10:56.078065 fd83000 FrameBuffer.cpp:3790] Failed to find ColorBuffer:2089
E0414 17:10:56.078069 fd83000 FrameBuffer.cpp:3790] Failed to find ColorBuffer:2101
E0414 17:10:56.078074 fd83000 FrameBuffer.cpp:3790] Failed to find ColorBuffer:2102
E0414 17:10:56.078078 fd83000 FrameBuffer.cpp:3790] Failed to find ColorBuffer:2103
E0414 17:10:56.078082 fd83000 FrameBuffer.cpp:3790] Failed to find ColorBuffer:2092
E0414 17:10:56.078086 fd83000 FrameBuffer.cpp:3790] Failed to find ColorBuffer:2093
E0414 17:10:56.078090 fd83000 FrameBuffer.cpp:3790] Failed to find ColorBuffer:2104
E0414 17:10:56.078094 fd83000 FrameBuffer.cpp:3790] Failed to find ColorBuffer:2105
E0414 17:10:56.078098 fd83000 FrameBuffer.cpp:3790] Failed to find ColorBuffer:2094
E0414 17:10:56.078102 fd83000 FrameBuffer.cpp:3790] Failed to find ColorBuffer:2090
E0414 17:10:56.078159 fd83000 FrameBuffer.cpp:3790] Failed to find ColorBuffer:2095
E0414 17:10:56.078179 fd83000 FrameBuffer.cpp:3790] Failed to find ColorBuffer:2096
E0414 17:10:56.078204 fd83000 FrameBuffer.cpp:3790] Failed to find ColorBuffer:2106
E0414 17:10:56.078221 fd83000 FrameBuffer.cpp:3790] Failed to find ColorBuffer:2107
E0414 17:10:56.078300 fd83000 FrameBuffer.cpp:3790] Failed to find ColorBuffer:2091
E0414 17:10:56.078308 fd83000 FrameBuffer.cpp:3790] Failed to find ColorBuffer:2097
E0414 17:10:56.078312 fd83000 FrameBuffer.cpp:3790] Failed to find ColorBuffer:2098
E0414 17:10:56.078316 fd83000 FrameBuffer.cpp:3790] Failed to find ColorBuffer:2099
E0414 17:10:56.078321 fd83000 FrameBuffer.cpp:3790] Failed to find ColorBuffer:2100
E0414 17:10:56.078325 fd83000 FrameBuffer.cpp:3790] Failed to find ColorBuffer:2089
E0414 17:10:56.078330 fd83000 FrameBuffer.cpp:3790] Failed to find ColorBuffer:2101
E0414 17:10:56.078334 fd83000 FrameBuffer.cpp:3790] Failed to find ColorBuffer:2102
E0414 17:10:56.078338 fd83000 FrameBuffer.cpp:3790] Failed to find ColorBuffer:2103
E0414 17:10:56.078342 fd83000 FrameBuffer.cpp:3790] Failed to find ColorBuffer:2092
E0414 17:10:56.078346 fd83000 FrameBuffer.cpp:3790] Failed to find ColorBuffer:2093
E0414 17:10:56.078350 fd83000 FrameBuffer.cpp:3790] Failed to find ColorBuffer:2104
E0414 17:10:56.078354 fd83000 FrameBuffer.cpp:3790] Failed to find ColorBuffer:2105
E0414 17:10:56.078359 fd83000 FrameBuffer.cpp:3790] Failed to find ColorBuffer:2094
E0414 17:10:56.078363 fd83000 FrameBuffer.cpp:3790] Failed to find ColorBuffer:2090
E0414 17:10:56.078368 fd83000 FrameBuffer.cpp:3790] Failed to find ColorBuffer:2095
E0414 17:10:56.078372 fd83000 FrameBuffer.cpp:3790] Failed to find ColorBuffer:2096
E0414 17:10:56.078376 fd83000 FrameBuffer.cpp:3790] Failed to find ColorBuffer:2106
E0414 17:10:56.078381 fd83000 FrameBuffer.cpp:3790] Failed to find ColorBuffer:2107
E0414 17:10:56.078385 fd83000 FrameBuffer.cpp:3790] Failed to find ColorBuffer:2091
E0414 17:10:56.078389 fd83000 FrameBuffer.cpp:3790] Failed to find ColorBuffer:2097
E0414 17:10:56.078394 fd83000 FrameBuffer.cpp:3790] Failed to find ColorBuffer:2098
E0414 17:10:56.078399 fd83000 FrameBuffer.cpp:3790] Failed to find ColorBuffer:2099
E0414 17:10:56.078465 fd83000 FrameBuffer.cpp:3790] Failed to find ColorBuffer:2100
E0414 17:10:56.078511 fd83000 FrameBuffer.cpp:3790] Failed to find ColorBuffer:2089
E0414 17:10:56.078522 fd83000 FrameBuffer.cpp:3790] Failed to find ColorBuffer:2101
E0414 17:10:56.078531 fd83000 FrameBuffer.cpp:3790] Failed to find ColorBuffer:2102
E0414 17:10:56.078538 fd83000 FrameBuffer.cpp:3790] Failed to find ColorBuffer:2103
E0414 17:10:56.078544 fd83000 FrameBuffer.cpp:3790] Failed to find ColorBuffer:2092
E0414 17:10:56.078551 fd83000 FrameBuffer.cpp:3790] Failed to find ColorBuffer:2093
E0414 17:10:56.078557 fd83000 FrameBuffer.cpp:3790] Failed to find ColorBuffer:2104
E0414 17:10:56.078563 fd83000 FrameBuffer.cpp:3790] Failed to find ColorBuffer:2105
E0414 17:10:56.078569 fd83000 FrameBuffer.cpp:3790] Failed to find ColorBuffer:2094
E0414 17:10:56.078574 fd83000 FrameBuffer.cpp:3790] Failed to find ColorBuffer:2090
E0414 17:10:56.078578 fd83000 FrameBuffer.cpp:3790] Failed to find ColorBuffer:2095
E0414 17:10:56.078582 fd83000 FrameBuffer.cpp:3790] Failed to find ColorBuffer:2096
E0414 17:10:56.078587 fd83000 FrameBuffer.cpp:3790] Failed to find ColorBuffer:2106
E0414 17:10:56.078591 fd83000 FrameBuffer.cpp:3790] Failed to find ColorBuffer:2107
E0414 17:10:56.078595 fd83000 FrameBuffer.cpp:3790] Failed to find ColorBuffer:2091
E0414 17:10:56.078599 fd83000 FrameBuffer.cpp:3790] Failed to find ColorBuffer:2097
E0414 17:10:56.078630 fd83000 FrameBuffer.cpp:3790] Failed to find ColorBuffer:2098
E0414 17:10:56.078639 fd83000 FrameBuffer.cpp:3790] Failed to find ColorBuffer:2099
E0414 17:10:56.078644 fd83000 FrameBuffer.cpp:3790] Failed to find ColorBuffer:2100
E0414 17:10:56.078649 fd83000 FrameBuffer.cpp:3790] Failed to find ColorBuffer:2089
E0414 17:10:56.078653 fd83000 FrameBuffer.cpp:3790] Failed to find ColorBuffer:2101
E0414 17:10:56.078657 fd83000 FrameBuffer.cpp:3790] Failed to find ColorBuffer:2102
E0414 17:10:56.078661 fd83000 FrameBuffer.cpp:3790] Failed to find ColorBuffer:2103
E0414 17:10:56.078665 fd83000 FrameBuffer.cpp:3790] Failed to find ColorBuffer:2092
E0414 17:10:56.079102 fd83000 FrameBuffer.cpp:3790] Failed to find ColorBuffer:2093
E0414 17:10:56.079163 fd83000 FrameBuffer.cpp:3790] Failed to find ColorBuffer:2104
E0414 17:10:56.079173 fd83000 FrameBuffer.cpp:3790] Failed to find ColorBuffer:2105
E0414 17:10:56.079177 fd83000 FrameBuffer.cpp:3790] Failed to find ColorBuffer:2094
E0414 17:10:56.079181 fd83000 FrameBuffer.cpp:3790] Failed to find ColorBuffer:2090
E0414 17:10:56.079185 fd83000 FrameBuffer.cpp:3790] Failed to find ColorBuffer:2095
E0414 17:10:56.079189 fd83000 FrameBuffer.cpp:3790] Failed to find ColorBuffer:2096
E0414 17:10:56.079193 fd83000 FrameBuffer.cpp:3790] Failed to find ColorBuffer:2106
E0414 17:10:56.079197 fd83000 FrameBuffer.cpp:3790] Failed to find ColorBuffer:2107
E0414 17:10:56.079201 fd83000 FrameBuffer.cpp:3790] Failed to find ColorBuffer:2091
E0414 17:10:56.079206 fd83000 FrameBuffer.cpp:3790] Failed to find ColorBuffer:2097
E0414 17:10:56.079210 fd83000 FrameBuffer.cpp:3790] Failed to find ColorBuffer:2098
E0414 17:10:56.079214 fd83000 FrameBuffer.cpp:3790] Failed to find ColorBuffer:2099
E0414 17:10:56.079218 fd83000 FrameBuffer.cpp:3790] Failed to find ColorBuffer:2100
E0414 17:10:56.079222 fd83000 FrameBuffer.cpp:3790] Failed to find ColorBuffer:2089
E0414 17:10:56.079226 fd83000 FrameBuffer.cpp:3790] Failed to find ColorBuffer:2101
E0414 17:10:56.079230 fd83000 FrameBuffer.cpp:3790] Failed to find ColorBuffer:2102
E0414 17:10:56.079236 fd83000 FrameBuffer.cpp:3790] Failed to find ColorBuffer:2103
E0414 17:10:56.079241 fd83000 FrameBuffer.cpp:3790] Failed to find ColorBuffer:2092
E0414 17:10:56.079246 fd83000 FrameBuffer.cpp:3790] Failed to find ColorBuffer:2093
E0414 17:10:56.079251 fd83000 FrameBuffer.cpp:3790] Failed to find ColorBuffer:2104
E0414 17:10:56.079256 fd83000 FrameBuffer.cpp:3790] Failed to find ColorBuffer:2105
E0414 17:10:56.079263 fd83000 FrameBuffer.cpp:3790] Failed to find ColorBuffer:2094
E0414 17:10:56.079268 fd83000 FrameBuffer.cpp:3790] Failed to find ColorBuffer:2090
E0414 17:10:56.079390 fd83000 FrameBuffer.cpp:3790] Failed to find ColorBuffer:2095
E0414 17:10:56.080591 fd83000 FrameBuffer.cpp:3790] Failed to find ColorBuffer:2085
E0414 17:10:56.080608 fd83000 FrameBuffer.cpp:3790] Failed to find ColorBuffer:2083
E0414 17:10:56.080613 fd83000 FrameBuffer.cpp:3790] Failed to find ColorBuffer:2096
E0414 17:10:56.080619 fd83000 FrameBuffer.cpp:3790] Failed to find ColorBuffer:2106
E0414 17:10:56.080624 fd83000 FrameBuffer.cpp:3790] Failed to find ColorBuffer:2107
E0414 17:10:56.080629 fd83000 FrameBuffer.cpp:3790] Failed to find ColorBuffer:2091
E0414 17:10:56.080634 fd83000 FrameBuffer.cpp:3790] Failed to find ColorBuffer:2097
E0414 17:10:56.080639 fd83000 FrameBuffer.cpp:3790] Failed to find ColorBuffer:2098
E0414 17:10:56.080644 fd83000 FrameBuffer.cpp:3790] Failed to find ColorBuffer:2099
E0414 17:10:56.080648 fd83000 FrameBuffer.cpp:3790] Failed to find ColorBuffer:2100
E0414 17:10:56.080670 fd83000 FrameBuffer.cpp:3790] Failed to find ColorBuffer:2089
E0414 17:10:56.080683 fd83000 FrameBuffer.cpp:3790] Failed to find ColorBuffer:2101
E0414 17:10:56.080689 fd83000 FrameBuffer.cpp:3790] Failed to find ColorBuffer:2102
E0414 17:10:56.080698 fd83000 FrameBuffer.cpp:3790] Failed to find ColorBuffer:2103
E0414 17:10:56.080705 fd83000 FrameBuffer.cpp:3790] Failed to find ColorBuffer:2092
E0414 17:10:56.080711 fd83000 FrameBuffer.cpp:3790] Failed to find ColorBuffer:2093
E0414 17:10:56.080717 fd83000 FrameBuffer.cpp:3790] Failed to find ColorBuffer:2104
E0414 17:10:56.080722 fd83000 FrameBuffer.cpp:3790] Failed to find ColorBuffer:2105
E0414 17:10:56.080728 fd83000 FrameBuffer.cpp:3790] Failed to find ColorBuffer:2094
E0414 17:10:56.080733 fd83000 FrameBuffer.cpp:3790] Failed to find ColorBuffer:2090
E0414 17:10:56.080738 fd83000 FrameBuffer.cpp:3790] Failed to find ColorBuffer:2095
E0414 17:10:56.080745 fd83000 FrameBuffer.cpp:3790] Failed to find ColorBuffer:2096
E0414 17:10:56.080750 fd83000 FrameBuffer.cpp:3790] Failed to find ColorBuffer:2106
E0414 17:10:56.080755 fd83000 FrameBuffer.cpp:3790] Failed to find ColorBuffer:2107
E0414 17:10:56.080761 fd83000 FrameBuffer.cpp:3790] Failed to find ColorBuffer:2091
E0414 17:10:56.080767 fd83000 FrameBuffer.cpp:3790] Failed to find ColorBuffer:2097
E0414 17:10:56.080773 fd83000 FrameBuffer.cpp:3790] Failed to find ColorBuffer:2098
E0414 17:10:56.080778 fd83000 FrameBuffer.cpp:3790] Failed to find ColorBuffer:2099
E0414 17:10:56.080784 fd83000 FrameBuffer.cpp:3790] Failed to find ColorBuffer:2100
E0414 17:10:56.080791 fd83000 FrameBuffer.cpp:3790] Failed to find ColorBuffer:2089
E0414 17:10:56.080796 fd83000 FrameBuffer.cpp:3790] Failed to find ColorBuffer:2101
E0414 17:10:56.080802 fd83000 FrameBuffer.cpp:3790] Failed to find ColorBuffer:2102
E0414 17:10:56.080807 fd83000 FrameBuffer.cpp:3790] Failed to find ColorBuffer:2103
E0414 17:10:56.080813 fd83000 FrameBuffer.cpp:3790] Failed to find ColorBuffer:2092
E0414 17:10:56.080818 fd83000 FrameBuffer.cpp:3790] Failed to find ColorBuffer:2093
E0414 17:10:56.080824 fd83000 FrameBuffer.cpp:3790] Failed to find ColorBuffer:2104
E0414 17:10:56.080830 fd83000 FrameBuffer.cpp:3790] Failed to find ColorBuffer:2105
E0414 17:10:56.080835 fd83000 FrameBuffer.cpp:3790] Failed to find ColorBuffer:2094
E0414 17:10:56.080841 fd83000 FrameBuffer.cpp:3790] Failed to find ColorBuffer:2090
E0414 17:10:56.080846 fd83000 FrameBuffer.cpp:3790] Failed to find ColorBuffer:2095
E0414 17:10:56.080851 fd83000 FrameBuffer.cpp:3790] Failed to find ColorBuffer:2096
E0414 17:10:56.080856 fd83000 FrameBuffer.cpp:3790] Failed to find ColorBuffer:2106
E0414 17:10:56.080861 fd83000 FrameBuffer.cpp:3790] Failed to find ColorBuffer:2107
E0414 17:10:56.080867 fd83000 FrameBuffer.cpp:3790] Failed to find ColorBuffer:2091
E0414 17:10:56.080871 fd83000 FrameBuffer.cpp:3790] Failed to find ColorBuffer:2097
E0414 17:10:56.080875 fd83000 FrameBuffer.cpp:3790] Failed to find ColorBuffer:2098
E0414 17:10:56.080880 fd83000 FrameBuffer.cpp:3790] Failed to find ColorBuffer:2099
E0414 17:10:56.080927 fd83000 FrameBuffer.cpp:3790] Failed to find ColorBuffer:2100
E0414 17:10:56.080932 fd83000 FrameBuffer.cpp:3790] Failed to find ColorBuffer:2089
E0414 17:10:56.080937 fd83000 FrameBuffer.cpp:3790] Failed to find ColorBuffer:2101
E0414 17:10:56.080942 fd83000 FrameBuffer.cpp:3790] Failed to find ColorBuffer:2102
E0414 17:10:56.080946 fd83000 FrameBuffer.cpp:3790] Failed to find ColorBuffer:2103
E0414 17:10:56.080951 fd83000 FrameBuffer.cpp:3790] Failed to find ColorBuffer:2092
E0414 17:10:56.080956 fd83000 FrameBuffer.cpp:3790] Failed to find ColorBuffer:2093
E0414 17:10:56.080961 fd83000 FrameBuffer.cpp:3790] Failed to find ColorBuffer:2104
E0414 17:10:56.080966 fd83000 FrameBuffer.cpp:3790] Failed to find ColorBuffer:2086
E0414 17:10:56.080970 fd83000 FrameBuffer.cpp:3790] Failed to find ColorBuffer:2105
E0414 17:10:56.080975 fd83000 FrameBuffer.cpp:3790] Failed to find ColorBuffer:2094
E0414 17:10:56.080979 fd83000 FrameBuffer.cpp:3790] Failed to find ColorBuffer:2090
E0414 17:10:56.080984 fd83000 FrameBuffer.cpp:3790] Failed to find ColorBuffer:2085
E0414 17:10:56.080989 fd83000 FrameBuffer.cpp:3790] Failed to find ColorBuffer:2095
E0414 17:10:56.080994 fd83000 FrameBuffer.cpp:3790] Failed to find ColorBuffer:2083
E0414 17:10:56.080998 fd83000 FrameBuffer.cpp:3790] Failed to find ColorBuffer:2086
E0414 17:10:56.081002 fd83000 FrameBuffer.cpp:3790] Failed to find ColorBuffer:2096
E0414 17:10:56.081006 fd83000 FrameBuffer.cpp:3790] Failed to find ColorBuffer:2085
E0414 17:10:56.081011 fd83000 FrameBuffer.cpp:3790] Failed to find ColorBuffer:2083
E0414 17:10:56.081016 fd83000 FrameBuffer.cpp:3790] Failed to find ColorBuffer:2106
E0414 17:10:56.081020 fd83000 FrameBuffer.cpp:3790] Failed to find ColorBuffer:2086
E0414 17:10:56.081024 fd83000 FrameBuffer.cpp:3790] Failed to find ColorBuffer:2085
E0414 17:10:56.081028 fd83000 FrameBuffer.cpp:3790] Failed to find ColorBuffer:2107
E0414 17:10:56.081032 fd83000 FrameBuffer.cpp:3790] Failed to find ColorBuffer:2083
E0414 17:10:56.081036 fd83000 FrameBuffer.cpp:3790] Failed to find ColorBuffer:2086
E0414 17:10:56.081041 fd83000 FrameBuffer.cpp:3790] Failed to find ColorBuffer:2091
E0414 17:10:56.081045 fd83000 FrameBuffer.cpp:3790] Failed to find ColorBuffer:2085
E0414 17:10:56.081050 fd83000 FrameBuffer.cpp:3790] Failed to find ColorBuffer:2083
E0414 17:10:56.081055 fd83000 FrameBuffer.cpp:3790] Failed to find ColorBuffer:2086
E0414 17:10:56.081059 fd83000 FrameBuffer.cpp:3790] Failed to find ColorBuffer:2097
E0414 17:10:56.081063 fd83000 FrameBuffer.cpp:3790] Failed to find ColorBuffer:2085
E0414 17:10:56.081069 fd83000 FrameBuffer.cpp:3790] Failed to find ColorBuffer:2098
E0414 17:10:56.081073 fd83000 FrameBuffer.cpp:3790] Failed to find ColorBuffer:2083
E0414 17:10:56.081077 fd83000 FrameBuffer.cpp:3790] Failed to find ColorBuffer:2086
E0414 17:10:56.081081 fd83000 FrameBuffer.cpp:3790] Failed to find ColorBuffer:2085
E0414 17:10:56.081085 fd83000 FrameBuffer.cpp:3790] Failed to find ColorBuffer:2099
E0414 17:10:56.081090 fd83000 FrameBuffer.cpp:3790] Failed to find ColorBuffer:2083
E0414 17:10:56.081094 fd83000 FrameBuffer.cpp:3790] Failed to find ColorBuffer:2086
E0414 17:10:56.081099 fd83000 FrameBuffer.cpp:3790] Failed to find ColorBuffer:2100
E0414 17:10:56.081103 fd83000 FrameBuffer.cpp:3790] Failed to find ColorBuffer:2089
E0414 17:10:56.081107 fd83000 FrameBuffer.cpp:3790] Failed to find ColorBuffer:2101
E0414 17:10:56.081111 fd83000 FrameBuffer.cpp:3790] Failed to find ColorBuffer:2102
E0414 17:10:56.081116 fd83000 FrameBuffer.cpp:3790] Failed to find ColorBuffer:2103
E0414 17:10:56.081120 fd83000 FrameBuffer.cpp:3790] Failed to find ColorBuffer:2092
E0414 17:10:56.081124 fd83000 FrameBuffer.cpp:3790] Failed to find ColorBuffer:2093
E0414 17:10:56.081127 fd83000 FrameBuffer.cpp:3790] Failed to find ColorBuffer:2104
E0414 17:10:56.081131 fd83000 FrameBuffer.cpp:3790] Failed to find ColorBuffer:2105
E0414 17:10:56.081136 fd83000 FrameBuffer.cpp:3790] Failed to find ColorBuffer:2094
E0414 17:10:56.081139 fd83000 FrameBuffer.cpp:3790] Failed to find ColorBuffer:2090
E0414 17:10:56.081158 fd83000 FrameBuffer.cpp:3790] Failed to find ColorBuffer:2095
E0414 17:10:56.081162 fd83000 FrameBuffer.cpp:3790] Failed to find ColorBuffer:2096
E0414 17:10:56.081166 fd83000 FrameBuffer.cpp:3790] Failed to find ColorBuffer:2106
E0414 17:10:56.081171 fd83000 FrameBuffer.cpp:3790] Failed to find ColorBuffer:2107
E0414 17:10:56.081174 fd83000 FrameBuffer.cpp:3790] Failed to find ColorBuffer:2091
E0414 17:10:56.081178 fd83000 FrameBuffer.cpp:3790] Failed to find ColorBuffer:2097
E0414 17:10:56.081182 fd83000 FrameBuffer.cpp:3790] Failed to find ColorBuffer:2098
E0414 17:10:56.081186 fd83000 FrameBuffer.cpp:3790] Failed to find ColorBuffer:2099
E0414 17:10:56.081190 fd83000 FrameBuffer.cpp:3790] Failed to find ColorBuffer:2100
E0414 17:10:56.081193 fd83000 FrameBuffer.cpp:3790] Failed to find ColorBuffer:2089
E0414 17:10:56.081197 fd83000 FrameBuffer.cpp:3790] Failed to find ColorBuffer:2103
E0414 17:10:56.081201 fd83000 FrameBuffer.cpp:3790] Failed to find ColorBuffer:2092
E0414 17:10:56.081205 fd83000 FrameBuffer.cpp:3790] Failed to find ColorBuffer:2093
E0414 17:10:56.081208 fd83000 FrameBuffer.cpp:3790] Failed to find ColorBuffer:2104
E0414 17:10:56.081212 fd83000 FrameBuffer.cpp:3790] Failed to find ColorBuffer:2105
E0414 17:10:56.081216 fd83000 FrameBuffer.cpp:3790] Failed to find ColorBuffer:2094
E0414 17:10:56.081220 fd83000 FrameBuffer.cpp:3790] Failed to find ColorBuffer:2090
E0414 17:10:56.081223 fd83000 FrameBuffer.cpp:3790] Failed to find ColorBuffer:2095
E0414 17:10:56.081227 fd83000 FrameBuffer.cpp:3790] Failed to find ColorBuffer:2096
E0414 17:10:56.081231 fd83000 FrameBuffer.cpp:3790] Failed to find ColorBuffer:2106
E0414 17:10:56.081235 fd83000 FrameBuffer.cpp:3790] Failed to find ColorBuffer:2107
E0414 17:10:56.081239 fd83000 FrameBuffer.cpp:3790] Failed to find ColorBuffer:2091
E0414 17:10:56.081242 fd83000 FrameBuffer.cpp:3790] Failed to find ColorBuffer:2097
E0414 17:10:56.081247 fd83000 FrameBuffer.cpp:3790] Failed to find ColorBuffer:2098
E0414 17:10:56.081250 fd83000 FrameBuffer.cpp:3790] Failed to find ColorBuffer:2099
E0414 17:10:56.081255 fd83000 FrameBuffer.cpp:3790] Failed to find ColorBuffer:2100
E0414 17:10:56.081259 fd83000 FrameBuffer.cpp:3790] Failed to find ColorBuffer:2101
E0414 17:10:56.081263 fd83000 FrameBuffer.cpp:3790] Failed to find ColorBuffer:2102
E0414 17:10:56.081267 fd83000 FrameBuffer.cpp:3790] Failed to find ColorBuffer:2089
E0414 17:10:56.081272 fd83000 FrameBuffer.cpp:3790] Failed to find ColorBuffer:2103
E0414 17:10:56.081277 fd83000 FrameBuffer.cpp:3790] Failed to find ColorBuffer:2092
E0414 17:10:56.081282 fd83000 FrameBuffer.cpp:3790] Failed to find ColorBuffer:2093
E0414 17:10:56.081286 fd83000 FrameBuffer.cpp:3790] Failed to find ColorBuffer:2104
E0414 17:10:56.081291 fd83000 FrameBuffer.cpp:3790] Failed to find ColorBuffer:2105
E0414 17:10:56.081296 fd83000 FrameBuffer.cpp:3790] Failed to find ColorBuffer:2094
E0414 17:10:56.081301 fd83000 FrameBuffer.cpp:3790] Failed to find ColorBuffer:2090
E0414 17:10:56.081306 fd83000 FrameBuffer.cpp:3790] Failed to find ColorBuffer:2095
E0414 17:10:56.081310 fd83000 FrameBuffer.cpp:3790] Failed to find ColorBuffer:2096
E0414 17:10:56.081314 fd83000 FrameBuffer.cpp:3790] Failed to find ColorBuffer:2106
E0414 17:10:56.081318 fd83000 FrameBuffer.cpp:3790] Failed to find ColorBuffer:2107
E0414 17:10:56.081322 fd83000 FrameBuffer.cpp:3790] Failed to find ColorBuffer:2091
E0414 17:10:56.081326 fd83000 FrameBuffer.cpp:3790] Failed to find ColorBuffer:2097
E0414 17:10:56.081330 fd83000 FrameBuffer.cpp:3790] Failed to find ColorBuffer:2098
E0414 17:10:56.081334 fd83000 FrameBuffer.cpp:3790] Failed to find ColorBuffer:2099
E0414 17:10:56.081338 fd83000 FrameBuffer.cpp:3790] Failed to find ColorBuffer:2100
E0414 17:10:56.081341 fd83000 FrameBuffer.cpp:3790] Failed to find ColorBuffer:2101
E0414 17:10:56.081345 fd83000 FrameBuffer.cpp:3790] Failed to find ColorBuffer:2102
E0414 17:10:56.081349 fd83000 FrameBuffer.cpp:3790] Failed to find ColorBuffer:2089
E0414 17:10:56.081353 fd83000 FrameBuffer.cpp:3790] Failed to find ColorBuffer:2103
E0414 17:10:56.081374 fd83000 FrameBuffer.cpp:3790] Failed to find ColorBuffer:2092
E0414 17:10:56.081378 fd83000 FrameBuffer.cpp:3790] Failed to find ColorBuffer:2093
E0414 17:10:56.081382 fd83000 FrameBuffer.cpp:3790] Failed to find ColorBuffer:2104
E0414 17:10:56.081386 fd83000 FrameBuffer.cpp:3790] Failed to find ColorBuffer:2105
E0414 17:10:56.081390 fd83000 FrameBuffer.cpp:3790] Failed to find ColorBuffer:2094
E0414 17:10:56.081393 fd83000 FrameBuffer.cpp:3790] Failed to find ColorBuffer:2090
E0414 17:10:56.081397 fd83000 FrameBuffer.cpp:3790] Failed to find ColorBuffer:2095
E0414 17:10:56.081401 fd83000 FrameBuffer.cpp:3790] Failed to find ColorBuffer:2100
E0414 17:10:56.081405 fd83000 FrameBuffer.cpp:3790] Failed to find ColorBuffer:2106
E0414 17:10:56.081409 fd83000 FrameBuffer.cpp:3790] Failed to find ColorBuffer:2101
E0414 17:10:56.081412 fd83000 FrameBuffer.cpp:3790] Failed to find ColorBuffer:2103
E0414 17:10:56.081417 fd83000 FrameBuffer.cpp:3790] Failed to find ColorBuffer:2107
E0414 17:10:56.081420 fd83000 FrameBuffer.cpp:3790] Failed to find ColorBuffer:2091
E0414 17:10:56.081425 fd83000 FrameBuffer.cpp:3790] Failed to find ColorBuffer:2097
E0414 17:10:56.081429 fd83000 FrameBuffer.cpp:3790] Failed to find ColorBuffer:2098
E0414 17:10:56.081433 fd83000 FrameBuffer.cpp:3790] Failed to find ColorBuffer:2099
E0414 17:10:56.081436 fd83000 FrameBuffer.cpp:3790] Failed to find ColorBuffer:2102
E0414 17:10:56.081440 fd83000 FrameBuffer.cpp:3790] Failed to find ColorBuffer:2089
E0414 17:10:56.081444 fd83000 FrameBuffer.cpp:3790] Failed to find ColorBuffer:2092
E0414 17:10:56.081448 fd83000 FrameBuffer.cpp:3790] Failed to find ColorBuffer:2096
E0414 17:10:56.083228 fd83000 FrameBuffer.cpp:3790] Failed to find ColorBuffer:2090
E0414 17:10:56.083254 fd83000 FrameBuffer.cpp:3790] Failed to find ColorBuffer:2093
E0414 17:10:56.083259 fd83000 FrameBuffer.cpp:3790] Failed to find ColorBuffer:2104
E0414 17:10:56.083264 fd83000 FrameBuffer.cpp:3790] Failed to find ColorBuffer:2105
E0414 17:10:56.083268 fd83000 FrameBuffer.cpp:3790] Failed to find ColorBuffer:2094
E0414 17:10:56.083272 fd83000 FrameBuffer.cpp:3790] Failed to find ColorBuffer:2095
E0414 17:10:56.083277 fd83000 FrameBuffer.cpp:3790] Failed to find ColorBuffer:2100
E0414 17:10:56.083281 fd83000 FrameBuffer.cpp:3790] Failed to find ColorBuffer:2106
E0414 17:10:56.083285 fd83000 FrameBuffer.cpp:3790] Failed to find ColorBuffer:2101
E0414 17:10:56.083289 fd83000 FrameBuffer.cpp:3790] Failed to find ColorBuffer:2103
E0414 17:10:56.083293 fd83000 FrameBuffer.cpp:3790] Failed to find ColorBuffer:2107
E0414 17:10:56.083297 fd83000 FrameBuffer.cpp:3790] Failed to find ColorBuffer:2091
E0414 17:10:56.083301 fd83000 FrameBuffer.cpp:3790] Failed to find ColorBuffer:2097
E0414 17:10:56.083305 fd83000 FrameBuffer.cpp:3790] Failed to find ColorBuffer:2098
E0414 17:10:56.083309 fd83000 FrameBuffer.cpp:3790] Failed to find ColorBuffer:2099
E0414 17:10:56.083313 fd83000 FrameBuffer.cpp:3790] Failed to find ColorBuffer:2102
E0414 17:10:56.083318 fd83000 FrameBuffer.cpp:3790] Failed to find ColorBuffer:2089
E0414 17:10:56.083322 fd83000 FrameBuffer.cpp:3790] Failed to find ColorBuffer:2092
E0414 17:10:56.083326 fd83000 FrameBuffer.cpp:3790] Failed to find ColorBuffer:2096
E0414 17:10:56.083330 fd83000 FrameBuffer.cpp:3790] Failed to find ColorBuffer:2090
E0414 17:10:56.083335 fd83000 FrameBuffer.cpp:3790] Failed to find ColorBuffer:2093
E0414 17:10:56.083339 fd83000 FrameBuffer.cpp:3790] Failed to find ColorBuffer:2104
E0414 17:10:56.083343 fd83000 FrameBuffer.cpp:3790] Failed to find ColorBuffer:2105
E0414 17:10:56.083347 fd83000 FrameBuffer.cpp:3790] Failed to find ColorBuffer:2094
E0414 17:10:56.083352 fd83000 FrameBuffer.cpp:3790] Failed to find ColorBuffer:2095
E0414 17:10:56.083356 fd83000 FrameBuffer.cpp:3790] Failed to find ColorBuffer:2100
E0414 17:10:56.083360 fd83000 FrameBuffer.cpp:3790] Failed to find ColorBuffer:2106
E0414 17:10:56.083364 fd83000 FrameBuffer.cpp:3790] Failed to find ColorBuffer:2101
E0414 17:10:56.083368 fd83000 FrameBuffer.cpp:3790] Failed to find ColorBuffer:2103
E0414 17:10:56.083406 fd83000 FrameBuffer.cpp:3790] Failed to find ColorBuffer:2107
E0414 17:10:56.083411 fd83000 FrameBuffer.cpp:3790] Failed to find ColorBuffer:2091
E0414 17:10:56.083415 fd83000 FrameBuffer.cpp:3790] Failed to find ColorBuffer:2097
E0414 17:10:56.083419 fd83000 FrameBuffer.cpp:3790] Failed to find ColorBuffer:2098
E0414 17:10:56.083422 fd83000 FrameBuffer.cpp:3790] Failed to find ColorBuffer:2099
E0414 17:10:56.083426 fd83000 FrameBuffer.cpp:3790] Failed to find ColorBuffer:2102
E0414 17:10:56.083430 fd83000 FrameBuffer.cpp:3790] Failed to find ColorBuffer:2089
E0414 17:10:56.083434 fd83000 FrameBuffer.cpp:3790] Failed to find ColorBuffer:2092
E0414 17:10:56.083438 fd83000 FrameBuffer.cpp:3790] Failed to find ColorBuffer:2096
E0414 17:10:56.083442 fd83000 FrameBuffer.cpp:3790] Failed to find ColorBuffer:2090
E0414 17:10:56.083445 fd83000 FrameBuffer.cpp:3790] Failed to find ColorBuffer:2093
E0414 17:10:56.083449 fd83000 FrameBuffer.cpp:3790] Failed to find ColorBuffer:2104
E0414 17:10:56.083453 fd83000 FrameBuffer.cpp:3790] Failed to find ColorBuffer:2105
E0414 17:10:56.083460 fd83000 FrameBuffer.cpp:3790] Failed to find ColorBuffer:2094
E0414 17:10:56.083467 fd83000 FrameBuffer.cpp:3790] Failed to find ColorBuffer:2095
E0414 17:10:56.083474 fd83000 FrameBuffer.cpp:3790] Failed to find ColorBuffer:2100
E0414 17:10:56.083479 fd83000 FrameBuffer.cpp:3790] Failed to find ColorBuffer:2106
E0414 17:10:56.083484 fd83000 FrameBuffer.cpp:3790] Failed to find ColorBuffer:2101
E0414 17:10:56.083489 fd83000 FrameBuffer.cpp:3790] Failed to find ColorBuffer:2103
E0414 17:10:56.083495 fd83000 FrameBuffer.cpp:3790] Failed to find ColorBuffer:2107
E0414 17:10:56.083500 fd83000 FrameBuffer.cpp:3790] Failed to find ColorBuffer:2091
E0414 17:10:56.083506 fd83000 FrameBuffer.cpp:3790] Failed to find ColorBuffer:2097
E0414 17:10:56.083511 fd83000 FrameBuffer.cpp:3790] Failed to find ColorBuffer:2098
E0414 17:10:56.083516 fd83000 FrameBuffer.cpp:3790] Failed to find ColorBuffer:2099
E0414 17:10:56.083521 fd83000 FrameBuffer.cpp:3790] Failed to find ColorBuffer:2102
E0414 17:10:56.083527 fd83000 FrameBuffer.cpp:3790] Failed to find ColorBuffer:2089
E0414 17:10:56.083532 fd83000 FrameBuffer.cpp:3790] Failed to find ColorBuffer:2092
E0414 17:10:56.083538 fd83000 FrameBuffer.cpp:3790] Failed to find ColorBuffer:2096
E0414 17:10:56.083543 fd83000 FrameBuffer.cpp:3790] Failed to find ColorBuffer:2090
E0414 17:10:56.083549 fd83000 FrameBuffer.cpp:3790] Failed to find ColorBuffer:2093
E0414 17:10:56.083554 fd83000 FrameBuffer.cpp:3790] Failed to find ColorBuffer:2104
E0414 17:10:56.083559 fd83000 FrameBuffer.cpp:3790] Failed to find ColorBuffer:2105
E0414 17:10:56.083564 fd83000 FrameBuffer.cpp:3790] Failed to find ColorBuffer:2094
E0414 17:10:56.083569 fd83000 FrameBuffer.cpp:3790] Failed to find ColorBuffer:2095
E0414 17:10:56.083575 fd83000 FrameBuffer.cpp:3790] Failed to find ColorBuffer:2100
E0414 17:10:56.083580 fd83000 FrameBuffer.cpp:3790] Failed to find ColorBuffer:2106
E0414 17:10:56.083585 fd83000 FrameBuffer.cpp:3790] Failed to find ColorBuffer:2101
E0414 17:10:56.083590 fd83000 FrameBuffer.cpp:3790] Failed to find ColorBuffer:2103
E0414 17:10:56.083595 fd83000 FrameBuffer.cpp:3790] Failed to find ColorBuffer:2107
E0414 17:10:56.083599 fd83000 FrameBuffer.cpp:3790] Failed to find ColorBuffer:2091
E0414 17:10:56.083604 fd83000 FrameBuffer.cpp:3790] Failed to find ColorBuffer:2097
E0414 17:10:56.083609 fd83000 FrameBuffer.cpp:3790] Failed to find ColorBuffer:2098
E0414 17:10:56.083614 fd83000 FrameBuffer.cpp:3790] Failed to find ColorBuffer:2099
E0414 17:10:56.083619 fd83000 FrameBuffer.cpp:3790] Failed to find ColorBuffer:2102
E0414 17:10:56.083623 fd83000 FrameBuffer.cpp:3790] Failed to find ColorBuffer:2089
E0414 17:10:56.083626 fd83000 FrameBuffer.cpp:3790] Failed to find ColorBuffer:2092
E0414 17:10:56.083630 fd83000 FrameBuffer.cpp:3790] Failed to find ColorBuffer:2096
E0414 17:10:56.083634 fd83000 FrameBuffer.cpp:3790] Failed to find ColorBuffer:2090
E0414 17:10:56.083656 fd83000 FrameBuffer.cpp:3790] Failed to find ColorBuffer:2093
E0414 17:10:56.083660 fd83000 FrameBuffer.cpp:3790] Failed to find ColorBuffer:2104
E0414 17:10:56.083665 fd83000 FrameBuffer.cpp:3790] Failed to find ColorBuffer:2105
E0414 17:10:56.083668 fd83000 FrameBuffer.cpp:3790] Failed to find ColorBuffer:2094
E0414 17:10:56.083672 fd83000 FrameBuffer.cpp:3790] Failed to find ColorBuffer:2095
E0414 17:10:56.083677 fd83000 FrameBuffer.cpp:3790] Failed to find ColorBuffer:2100
E0414 17:10:56.083680 fd83000 FrameBuffer.cpp:3790] Failed to find ColorBuffer:2106
E0414 17:10:56.083685 fd83000 FrameBuffer.cpp:3790] Failed to find ColorBuffer:2101
E0414 17:10:56.083689 fd83000 FrameBuffer.cpp:3790] Failed to find ColorBuffer:2103
E0414 17:10:56.083693 fd83000 FrameBuffer.cpp:3790] Failed to find ColorBuffer:2107
E0414 17:10:56.083697 fd83000 FrameBuffer.cpp:3790] Failed to find ColorBuffer:2091
E0414 17:10:56.083701 fd83000 FrameBuffer.cpp:3790] Failed to find ColorBuffer:2097
E0414 17:10:56.083705 fd83000 FrameBuffer.cpp:3790] Failed to find ColorBuffer:2098
E0414 17:10:56.083709 fd83000 FrameBuffer.cpp:3790] Failed to find ColorBuffer:2099
E0414 17:10:56.083713 fd83000 FrameBuffer.cpp:3790] Failed to find ColorBuffer:2102
E0414 17:10:56.083717 fd83000 FrameBuffer.cpp:3790] Failed to find ColorBuffer:2089
E0414 17:10:56.083721 fd83000 FrameBuffer.cpp:3790] Failed to find ColorBuffer:2092
E0414 17:10:56.083725 fd83000 FrameBuffer.cpp:3790] Failed to find ColorBuffer:2096
E0414 17:10:56.083729 fd83000 FrameBuffer.cpp:3790] Failed to find ColorBuffer:2090
E0414 17:10:56.083733 fd83000 FrameBuffer.cpp:3790] Failed to find ColorBuffer:2093
E0414 17:10:56.083737 fd83000 FrameBuffer.cpp:3790] Failed to find ColorBuffer:2104
E0414 17:10:56.083741 fd83000 FrameBuffer.cpp:3790] Failed to find ColorBuffer:2105
E0414 17:10:56.083745 fd83000 FrameBuffer.cpp:3790] Failed to find ColorBuffer:2094
E0414 17:10:56.083750 fd83000 FrameBuffer.cpp:3790] Failed to find ColorBuffer:2095
E0414 17:10:56.083755 fd83000 FrameBuffer.cpp:3790] Failed to find ColorBuffer:2100
E0414 17:10:56.083759 fd83000 FrameBuffer.cpp:3790] Failed to find ColorBuffer:2106
E0414 17:10:56.083763 fd83000 FrameBuffer.cpp:3790] Failed to find ColorBuffer:2101
E0414 17:10:56.083767 fd83000 FrameBuffer.cpp:3790] Failed to find ColorBuffer:2103
E0414 17:10:56.083771 fd83000 FrameBuffer.cpp:3790] Failed to find ColorBuffer:2107
E0414 17:10:56.083775 fd83000 FrameBuffer.cpp:3790] Failed to find ColorBuffer:2091
E0414 17:10:56.083779 fd83000 FrameBuffer.cpp:3790] Failed to find ColorBuffer:2097
E0414 17:10:56.083782 fd83000 FrameBuffer.cpp:3790] Failed to find ColorBuffer:2098
E0414 17:10:56.083787 fd83000 FrameBuffer.cpp:3790] Failed to find ColorBuffer:2099
E0414 17:10:56.083790 fd83000 FrameBuffer.cpp:3790] Failed to find ColorBuffer:2102
E0414 17:10:56.083794 fd83000 FrameBuffer.cpp:3790] Failed to find ColorBuffer:2089
E0414 17:10:56.083798 fd83000 FrameBuffer.cpp:3790] Failed to find ColorBuffer:2092
E0414 17:10:56.083802 fd83000 FrameBuffer.cpp:3790] Failed to find ColorBuffer:2096
E0414 17:10:56.083805 fd83000 FrameBuffer.cpp:3790] Failed to find ColorBuffer:2090
E0414 17:10:56.083809 fd83000 FrameBuffer.cpp:3790] Failed to find ColorBuffer:2093
E0414 17:10:56.083813 fd83000 FrameBuffer.cpp:3790] Failed to find ColorBuffer:2104
E0414 17:10:56.083817 fd83000 FrameBuffer.cpp:3790] Failed to find ColorBuffer:2105
E0414 17:10:56.083820 fd83000 FrameBuffer.cpp:3790] Failed to find ColorBuffer:2094
E0414 17:10:56.083824 fd83000 FrameBuffer.cpp:3790] Failed to find ColorBuffer:2095
E0414 17:10:56.083828 fd83000 FrameBuffer.cpp:3790] Failed to find ColorBuffer:2100
E0414 17:10:56.083832 fd83000 FrameBuffer.cpp:3790] Failed to find ColorBuffer:2106
E0414 17:10:56.083835 fd83000 FrameBuffer.cpp:3790] Failed to find ColorBuffer:2101
E0414 17:10:56.083839 fd83000 FrameBuffer.cpp:3790] Failed to find ColorBuffer:2103
E0414 17:10:56.083843 fd83000 FrameBuffer.cpp:3790] Failed to find ColorBuffer:2107
E0414 17:10:56.083846 fd83000 FrameBuffer.cpp:3790] Failed to find ColorBuffer:2091
E0414 17:10:56.083865 fd83000 FrameBuffer.cpp:3790] Failed to find ColorBuffer:2097
E0414 17:10:56.083869 fd83000 FrameBuffer.cpp:3790] Failed to find ColorBuffer:2098
E0414 17:10:56.083873 fd83000 FrameBuffer.cpp:3790] Failed to find ColorBuffer:2099
E0414 17:10:56.083876 fd83000 FrameBuffer.cpp:3790] Failed to find ColorBuffer:2102
E0414 17:10:56.083880 fd83000 FrameBuffer.cpp:3790] Failed to find ColorBuffer:2089
E0414 17:10:56.083884 fd83000 FrameBuffer.cpp:3790] Failed to find ColorBuffer:2092
E0414 17:10:56.083888 fd83000 FrameBuffer.cpp:3790] Failed to find ColorBuffer:2096
E0414 17:10:56.083891 fd83000 FrameBuffer.cpp:3790] Failed to find ColorBuffer:2090
E0414 17:10:56.083895 fd83000 FrameBuffer.cpp:3790] Failed to find ColorBuffer:2093
E0414 17:10:56.083899 fd83000 FrameBuffer.cpp:3790] Failed to find ColorBuffer:2104
E0414 17:10:56.083902 fd83000 FrameBuffer.cpp:3790] Failed to find ColorBuffer:2105
E0414 17:10:56.083906 fd83000 FrameBuffer.cpp:3790] Failed to find ColorBuffer:2094
E0414 17:10:56.083910 fd83000 FrameBuffer.cpp:3790] Failed to find ColorBuffer:2095
E0414 17:10:56.083914 fd83000 FrameBuffer.cpp:3790] Failed to find ColorBuffer:2100
E0414 17:10:56.083927 fd83000 FrameBuffer.cpp:3790] Failed to find ColorBuffer:2106
E0414 17:10:56.083933 fd83000 FrameBuffer.cpp:3790] Failed to find ColorBuffer:2101
E0414 17:10:56.083937 fd83000 FrameBuffer.cpp:3790] Failed to find ColorBuffer:2103
E0414 17:10:56.083942 fd83000 FrameBuffer.cpp:3790] Failed to find ColorBuffer:2107
E0414 17:10:56.083947 fd83000 FrameBuffer.cpp:3790] Failed to find ColorBuffer:2091
E0414 17:10:56.083951 fd83000 FrameBuffer.cpp:3790] Failed to find ColorBuffer:2097
E0414 17:10:56.083956 fd83000 FrameBuffer.cpp:3790] Failed to find ColorBuffer:2098
E0414 17:10:56.083960 fd83000 FrameBuffer.cpp:3790] Failed to find ColorBuffer:2099
E0414 17:10:56.083964 fd83000 FrameBuffer.cpp:3790] Failed to find ColorBuffer:2102
E0414 17:10:56.083969 fd83000 FrameBuffer.cpp:3790] Failed to find ColorBuffer:2089
E0414 17:10:56.083973 fd83000 FrameBuffer.cpp:3790] Failed to find ColorBuffer:2092
E0414 17:10:56.083977 fd83000 FrameBuffer.cpp:3790] Failed to find ColorBuffer:2096
E0414 17:10:56.083981 fd83000 FrameBuffer.cpp:3790] Failed to find ColorBuffer:2090
E0414 17:10:56.083985 fd83000 FrameBuffer.cpp:3790] Failed to find ColorBuffer:2093
E0414 17:10:56.083989 fd83000 FrameBuffer.cpp:3790] Failed to find ColorBuffer:2104
E0414 17:10:56.083993 fd83000 FrameBuffer.cpp:3790] Failed to find ColorBuffer:2105
E0414 17:10:56.083996 fd83000 FrameBuffer.cpp:3790] Failed to find ColorBuffer:2094
E0414 17:10:56.084000 fd83000 FrameBuffer.cpp:3790] Failed to find ColorBuffer:2095
E0414 17:10:56.084004 fd83000 FrameBuffer.cpp:3790] Failed to find ColorBuffer:2100
E0414 17:10:56.084008 fd83000 FrameBuffer.cpp:3790] Failed to find ColorBuffer:2106
E0414 17:10:56.084011 fd83000 FrameBuffer.cpp:3790] Failed to find ColorBuffer:2101
E0414 17:10:56.084015 fd83000 FrameBuffer.cpp:3790] Failed to find ColorBuffer:2103
E0414 17:10:56.084019 fd83000 FrameBuffer.cpp:3790] Failed to find ColorBuffer:2107
E0414 17:10:56.084023 fd83000 FrameBuffer.cpp:3790] Failed to find ColorBuffer:2091
E0414 17:10:56.084026 fd83000 FrameBuffer.cpp:3790] Failed to find ColorBuffer:2097
E0414 17:10:56.084030 fd83000 FrameBuffer.cpp:3790] Failed to find ColorBuffer:2098
E0414 17:10:56.084034 fd83000 FrameBuffer.cpp:3790] Failed to find ColorBuffer:2099
E0414 17:10:56.084038 fd83000 FrameBuffer.cpp:3790] Failed to find ColorBuffer:2102
E0414 17:10:56.084042 fd83000 FrameBuffer.cpp:3790] Failed to find ColorBuffer:2089
E0414 17:10:56.084045 fd83000 FrameBuffer.cpp:3790] Failed to find ColorBuffer:2092
E0414 17:10:56.084049 fd83000 FrameBuffer.cpp:3790] Failed to find ColorBuffer:2096
E0414 17:10:56.084053 fd83000 FrameBuffer.cpp:3790] Failed to find ColorBuffer:2090
E0414 17:10:56.084057 fd83000 FrameBuffer.cpp:3790] Failed to find ColorBuffer:2093
E0414 17:10:56.084060 fd83000 FrameBuffer.cpp:3790] Failed to find ColorBuffer:2104
E0414 17:10:56.084064 fd83000 FrameBuffer.cpp:3790] Failed to find ColorBuffer:2105
E0414 17:10:56.084082 fd83000 FrameBuffer.cpp:3790] Failed to find ColorBuffer:2094
E0414 17:10:56.084086 fd83000 FrameBuffer.cpp:3790] Failed to find ColorBuffer:2095
E0414 17:10:56.084090 fd83000 FrameBuffer.cpp:3790] Failed to find ColorBuffer:2100
E0414 17:10:56.084094 fd83000 FrameBuffer.cpp:3790] Failed to find ColorBuffer:2106
E0414 17:10:56.084097 fd83000 FrameBuffer.cpp:3790] Failed to find ColorBuffer:2101
E0414 17:10:56.084101 fd83000 FrameBuffer.cpp:3790] Failed to find ColorBuffer:2103
E0414 17:10:56.084105 fd83000 FrameBuffer.cpp:3790] Failed to find ColorBuffer:2107
E0414 17:10:56.084109 fd83000 FrameBuffer.cpp:3790] Failed to find ColorBuffer:2091
E0414 17:10:56.084113 fd83000 FrameBuffer.cpp:3790] Failed to find ColorBuffer:2097
E0414 17:10:56.084117 fd83000 FrameBuffer.cpp:3790] Failed to find ColorBuffer:2098
E0414 17:10:56.084120 fd83000 FrameBuffer.cpp:3790] Failed to find ColorBuffer:2099
E0414 17:10:56.084124 fd83000 FrameBuffer.cpp:3790] Failed to find ColorBuffer:2102
E0414 17:10:56.084128 fd83000 FrameBuffer.cpp:3790] Failed to find ColorBuffer:2089
E0414 17:10:56.084132 fd83000 FrameBuffer.cpp:3790] Failed to find ColorBuffer:2092
E0414 17:10:56.084136 fd83000 FrameBuffer.cpp:3790] Failed to find ColorBuffer:2096
E0414 17:10:56.084139 fd83000 FrameBuffer.cpp:3790] Failed to find ColorBuffer:2090
E0414 17:10:56.084143 fd83000 FrameBuffer.cpp:3790] Failed to find ColorBuffer:2093
E0414 17:10:56.084147 fd83000 FrameBuffer.cpp:3790] Failed to find ColorBuffer:2104
E0414 17:10:56.084151 fd83000 FrameBuffer.cpp:3790] Failed to find ColorBuffer:2105
E0414 17:10:56.084154 fd83000 FrameBuffer.cpp:3790] Failed to find ColorBuffer:2094
E0414 17:10:56.084158 fd83000 FrameBuffer.cpp:3790] Failed to find ColorBuffer:2095
E0414 17:10:56.084162 fd83000 FrameBuffer.cpp:3790] Failed to find ColorBuffer:2100
E0414 17:10:56.084165 fd83000 FrameBuffer.cpp:3790] Failed to find ColorBuffer:2106
E0414 17:10:56.084169 fd83000 FrameBuffer.cpp:3790] Failed to find ColorBuffer:2101
E0414 17:10:56.084173 fd83000 FrameBuffer.cpp:3790] Failed to find ColorBuffer:2103
E0414 17:10:56.084177 fd83000 FrameBuffer.cpp:3790] Failed to find ColorBuffer:2107
E0414 17:10:56.084181 fd83000 FrameBuffer.cpp:3790] Failed to find ColorBuffer:2091
E0414 17:10:56.084184 fd83000 FrameBuffer.cpp:3790] Failed to find ColorBuffer:2097
E0414 17:10:56.084188 fd83000 FrameBuffer.cpp:3790] Failed to find ColorBuffer:2098
E0414 17:10:56.084192 fd83000 FrameBuffer.cpp:3790] Failed to find ColorBuffer:2099
E0414 17:10:56.084196 fd83000 FrameBuffer.cpp:3790] Failed to find ColorBuffer:2102
E0414 17:10:56.084199 fd83000 FrameBuffer.cpp:3790] Failed to find ColorBuffer:2089
E0414 17:10:56.084203 fd83000 FrameBuffer.cpp:3790] Failed to find ColorBuffer:2092
E0414 17:10:56.084207 fd83000 FrameBuffer.cpp:3790] Failed to find ColorBuffer:2096
E0414 17:10:56.084210 fd83000 FrameBuffer.cpp:3790] Failed to find ColorBuffer:2090
E0414 17:10:56.084214 fd83000 FrameBuffer.cpp:3790] Failed to find ColorBuffer:2093
E0414 17:10:56.084218 fd83000 FrameBuffer.cpp:3790] Failed to find ColorBuffer:2104
E0414 17:10:56.084222 fd83000 FrameBuffer.cpp:3790] Failed to find ColorBuffer:2105
E0414 17:10:56.084225 fd83000 FrameBuffer.cpp:3790] Failed to find ColorBuffer:2094
E0414 17:10:56.084229 fd83000 FrameBuffer.cpp:3790] Failed to find ColorBuffer:2095
E0414 17:10:56.084233 fd83000 FrameBuffer.cpp:3790] Failed to find ColorBuffer:2100
E0414 17:10:56.084237 fd83000 FrameBuffer.cpp:3790] Failed to find ColorBuffer:2106
E0414 17:10:56.084240 fd83000 FrameBuffer.cpp:3790] Failed to find ColorBuffer:2101
E0414 17:10:56.084245 fd83000 FrameBuffer.cpp:3790] Failed to find ColorBuffer:2103
E0414 17:10:56.084251 fd83000 FrameBuffer.cpp:3790] Failed to find ColorBuffer:2107
E0414 17:10:56.084256 fd83000 FrameBuffer.cpp:3790] Failed to find ColorBuffer:2091
E0414 17:10:56.084260 fd83000 FrameBuffer.cpp:3790] Failed to find ColorBuffer:2097
E0414 17:10:56.084265 fd83000 FrameBuffer.cpp:3790] Failed to find ColorBuffer:2098
E0414 17:10:56.084270 fd83000 FrameBuffer.cpp:3790] Failed to find ColorBuffer:2099
E0414 17:10:56.084286 fd83000 FrameBuffer.cpp:3790] Failed to find ColorBuffer:2102
E0414 17:10:56.084291 fd83000 FrameBuffer.cpp:3790] Failed to find ColorBuffer:2089
E0414 17:10:56.084296 fd83000 FrameBuffer.cpp:3790] Failed to find ColorBuffer:2092
E0414 17:10:56.084301 fd83000 FrameBuffer.cpp:3790] Failed to find ColorBuffer:2096
E0414 17:10:56.084306 fd83000 FrameBuffer.cpp:3790] Failed to find ColorBuffer:2090
E0414 17:10:56.084314 fd83000 FrameBuffer.cpp:3790] Failed to find ColorBuffer:2093
E0414 17:10:56.084320 fd83000 FrameBuffer.cpp:3790] Failed to find ColorBuffer:2104
E0414 17:10:56.084325 fd83000 FrameBuffer.cpp:3790] Failed to find ColorBuffer:2105
E0414 17:10:56.084330 fd83000 FrameBuffer.cpp:3790] Failed to find ColorBuffer:2094
E0414 17:10:56.084334 fd83000 FrameBuffer.cpp:3790] Failed to find ColorBuffer:2095
E0414 17:10:56.084339 fd83000 FrameBuffer.cpp:3790] Failed to find ColorBuffer:2100
E0414 17:10:56.084344 fd83000 FrameBuffer.cpp:3790] Failed to find ColorBuffer:2106
E0414 17:10:56.084349 fd83000 FrameBuffer.cpp:3790] Failed to find ColorBuffer:2101
E0414 17:10:56.084354 fd83000 FrameBuffer.cpp:3790] Failed to find ColorBuffer:2103
E0414 17:10:56.084358 fd83000 FrameBuffer.cpp:3790] Failed to find ColorBuffer:2107
E0414 17:10:56.084362 fd83000 FrameBuffer.cpp:3790] Failed to find ColorBuffer:2091
E0414 17:10:56.084368 fd83000 FrameBuffer.cpp:3790] Failed to find ColorBuffer:2097
E0414 17:10:56.084373 fd83000 FrameBuffer.cpp:3790] Failed to find ColorBuffer:2098
E0414 17:10:56.084378 fd83000 FrameBuffer.cpp:3790] Failed to find ColorBuffer:2099
E0414 17:10:56.084382 fd83000 FrameBuffer.cpp:3790] Failed to find ColorBuffer:2102
E0414 17:10:56.084387 fd83000 FrameBuffer.cpp:3790] Failed to find ColorBuffer:2089
E0414 17:10:56.084393 fd83000 FrameBuffer.cpp:3790] Failed to find ColorBuffer:2092
E0414 17:10:56.084397 fd83000 FrameBuffer.cpp:3790] Failed to find ColorBuffer:2096
E0414 17:10:56.084402 fd83000 FrameBuffer.cpp:3790] Failed to find ColorBuffer:2090
E0414 17:10:56.084407 fd83000 FrameBuffer.cpp:3790] Failed to find ColorBuffer:2093
E0414 17:10:56.084411 fd83000 FrameBuffer.cpp:3790] Failed to find ColorBuffer:2104
E0414 17:10:56.084425 fd83000 FrameBuffer.cpp:3790] Failed to find ColorBuffer:2105
E0414 17:10:56.084429 fd83000 FrameBuffer.cpp:3790] Failed to find ColorBuffer:2094
E0414 17:10:56.084433 fd83000 FrameBuffer.cpp:3790] Failed to find ColorBuffer:2095
E0414 17:10:56.084437 fd83000 FrameBuffer.cpp:3790] Failed to find ColorBuffer:2100
E0414 17:10:56.084441 fd83000 FrameBuffer.cpp:3790] Failed to find ColorBuffer:2106
E0414 17:10:56.084446 fd83000 FrameBuffer.cpp:3790] Failed to find ColorBuffer:2101
E0414 17:10:56.084450 fd83000 FrameBuffer.cpp:3790] Failed to find ColorBuffer:2103
E0414 17:10:56.084453 fd83000 FrameBuffer.cpp:3790] Failed to find ColorBuffer:2107
E0414 17:10:56.084457 fd83000 FrameBuffer.cpp:3790] Failed to find ColorBuffer:2091
E0414 17:10:56.084461 fd83000 FrameBuffer.cpp:3790] Failed to find ColorBuffer:2097
E0414 17:10:56.084466 fd83000 FrameBuffer.cpp:3790] Failed to find ColorBuffer:2098
E0414 17:10:56.084469 fd83000 FrameBuffer.cpp:3790] Failed to find ColorBuffer:2099
E0414 17:10:56.084474 fd83000 FrameBuffer.cpp:3790] Failed to find ColorBuffer:2102
E0414 17:10:56.084478 fd83000 FrameBuffer.cpp:3790] Failed to find ColorBuffer:2089
E0414 17:10:56.084481 fd83000 FrameBuffer.cpp:3790] Failed to find ColorBuffer:2092
E0414 17:10:56.084485 fd83000 FrameBuffer.cpp:3790] Failed to find ColorBuffer:2096
E0414 17:10:56.084489 fd83000 FrameBuffer.cpp:3790] Failed to find ColorBuffer:2090
E0414 17:10:56.084493 fd83000 FrameBuffer.cpp:3790] Failed to find ColorBuffer:2093
E0414 17:10:56.084496 fd83000 FrameBuffer.cpp:3790] Failed to find ColorBuffer:2104
E0414 17:10:56.084500 fd83000 FrameBuffer.cpp:3790] Failed to find ColorBuffer:2105
E0414 17:10:56.084504 fd83000 FrameBuffer.cpp:3790] Failed to find ColorBuffer:2094
E0414 17:10:56.084508 fd83000 FrameBuffer.cpp:3790] Failed to find ColorBuffer:2095
E0414 17:10:56.084511 fd83000 FrameBuffer.cpp:3790] Failed to find ColorBuffer:2100
E0414 17:10:56.084530 fd83000 FrameBuffer.cpp:3790] Failed to find ColorBuffer:2106
E0414 17:10:56.084534 fd83000 FrameBuffer.cpp:3790] Failed to find ColorBuffer:2101
E0414 17:10:56.084538 fd83000 FrameBuffer.cpp:3790] Failed to find ColorBuffer:2103
E0414 17:10:56.084542 fd83000 FrameBuffer.cpp:3790] Failed to find ColorBuffer:2107
E0414 17:10:56.084546 fd83000 FrameBuffer.cpp:3790] Failed to find ColorBuffer:2091
E0414 17:10:56.084550 fd83000 FrameBuffer.cpp:3790] Failed to find ColorBuffer:2097
E0414 17:10:56.084553 fd83000 FrameBuffer.cpp:3790] Failed to find ColorBuffer:2098
E0414 17:10:56.084557 fd83000 FrameBuffer.cpp:3790] Failed to find ColorBuffer:2103
E0414 17:10:56.084561 fd83000 FrameBuffer.cpp:3790] Failed to find ColorBuffer:2089
E0414 17:10:56.084565 fd83000 FrameBuffer.cpp:3790] Failed to find ColorBuffer:2096
E0414 17:10:56.084569 fd83000 FrameBuffer.cpp:3790] Failed to find ColorBuffer:2094
E0414 17:10:56.084572 fd83000 FrameBuffer.cpp:3790] Failed to find ColorBuffer:2101
E0414 17:10:56.084576 fd83000 FrameBuffer.cpp:3790] Failed to find ColorBuffer:2107
E0414 17:10:56.084580 fd83000 FrameBuffer.cpp:3790] Failed to find ColorBuffer:2095
E0414 17:10:56.084583 fd83000 FrameBuffer.cpp:3790] Failed to find ColorBuffer:2098
E0414 17:10:56.084587 fd83000 FrameBuffer.cpp:3790] Failed to find ColorBuffer:2097
E0414 17:10:56.084591 fd83000 FrameBuffer.cpp:3790] Failed to find ColorBuffer:2090
E0414 17:10:56.084595 fd83000 FrameBuffer.cpp:3790] Failed to find ColorBuffer:2100
E0414 17:10:56.084598 fd83000 FrameBuffer.cpp:3790] Failed to find ColorBuffer:2092
E0414 17:10:56.084602 fd83000 FrameBuffer.cpp:3790] Failed to find ColorBuffer:2099
E0414 17:10:56.084606 fd83000 FrameBuffer.cpp:3790] Failed to find ColorBuffer:2091
E0414 17:10:56.084610 fd83000 FrameBuffer.cpp:3790] Failed to find ColorBuffer:2106
E0414 17:10:56.084613 fd83000 FrameBuffer.cpp:3790] Failed to find ColorBuffer:2093
E0414 17:10:56.084617 fd83000 FrameBuffer.cpp:3790] Failed to find ColorBuffer:2104
E0414 17:10:56.084621 fd83000 FrameBuffer.cpp:3790] Failed to find ColorBuffer:2105
E0414 17:10:56.084625 fd83000 FrameBuffer.cpp:3790] Failed to find ColorBuffer:2102
E0414 17:10:56.084628 fd83000 FrameBuffer.cpp:3790] Failed to find ColorBuffer:2103
E0414 17:10:56.084632 fd83000 FrameBuffer.cpp:3790] Failed to find ColorBuffer:2089
E0414 17:10:56.084636 fd83000 FrameBuffer.cpp:3790] Failed to find ColorBuffer:2096
E0414 17:10:56.084640 fd83000 FrameBuffer.cpp:3790] Failed to find ColorBuffer:2094
E0414 17:10:56.084643 fd83000 FrameBuffer.cpp:3790] Failed to find ColorBuffer:2101
E0414 17:10:56.084647 fd83000 FrameBuffer.cpp:3790] Failed to find ColorBuffer:2107
E0414 17:10:56.084651 fd83000 FrameBuffer.cpp:3790] Failed to find ColorBuffer:2095
E0414 17:10:56.084655 fd83000 FrameBuffer.cpp:3790] Failed to find ColorBuffer:2098
E0414 17:10:56.084658 fd83000 FrameBuffer.cpp:3790] Failed to find ColorBuffer:2097
E0414 17:10:56.084662 fd83000 FrameBuffer.cpp:3790] Failed to find ColorBuffer:2090
E0414 17:10:56.084667 fd83000 FrameBuffer.cpp:3790] Failed to find ColorBuffer:2100
E0414 17:10:56.084671 fd83000 FrameBuffer.cpp:3790] Failed to find ColorBuffer:2092
E0414 17:10:56.084674 fd83000 FrameBuffer.cpp:3790] Failed to find ColorBuffer:2099
E0414 17:10:56.084678 fd83000 FrameBuffer.cpp:3790] Failed to find ColorBuffer:2091
E0414 17:10:56.084682 fd83000 FrameBuffer.cpp:3790] Failed to find ColorBuffer:2106
E0414 17:10:56.084686 fd83000 FrameBuffer.cpp:3790] Failed to find ColorBuffer:2093
E0414 17:10:56.084689 fd83000 FrameBuffer.cpp:3790] Failed to find ColorBuffer:2104
E0414 17:10:56.084694 fd83000 FrameBuffer.cpp:3790] Failed to find ColorBuffer:2105
E0414 17:10:56.084698 fd83000 FrameBuffer.cpp:3790] Failed to find ColorBuffer:2102
E0414 17:10:56.084702 fd83000 FrameBuffer.cpp:3790] Failed to find ColorBuffer:2103
E0414 17:10:56.084706 fd83000 FrameBuffer.cpp:3790] Failed to find ColorBuffer:2089
E0414 17:10:56.084709 fd83000 FrameBuffer.cpp:3790] Failed to find ColorBuffer:2096
E0414 17:10:56.089238 fd83000 FrameBuffer.cpp:3790] Failed to find ColorBuffer:2094
E0414 17:10:56.089405 fd83000 FrameBuffer.cpp:3790] Failed to find ColorBuffer:2101
E0414 17:10:56.089418 fd83000 FrameBuffer.cpp:3790] Failed to find ColorBuffer:2107
E0414 17:10:56.089423 fd83000 FrameBuffer.cpp:3790] Failed to find ColorBuffer:2095
E0414 17:10:56.089428 fd83000 FrameBuffer.cpp:3790] Failed to find ColorBuffer:2098
E0414 17:10:56.089433 fd83000 FrameBuffer.cpp:3790] Failed to find ColorBuffer:2097
E0414 17:10:56.089437 fd83000 FrameBuffer.cpp:3790] Failed to find ColorBuffer:2090
E0414 17:10:56.089441 fd83000 FrameBuffer.cpp:3790] Failed to find ColorBuffer:2100
E0414 17:10:56.089445 fd83000 FrameBuffer.cpp:3790] Failed to find ColorBuffer:2092
E0414 17:10:56.089449 fd83000 FrameBuffer.cpp:3790] Failed to find ColorBuffer:2099
E0414 17:10:56.089453 fd83000 FrameBuffer.cpp:3790] Failed to find ColorBuffer:2091
E0414 17:10:56.089457 fd83000 FrameBuffer.cpp:3790] Failed to find ColorBuffer:2106
E0414 17:10:56.089461 fd83000 FrameBuffer.cpp:3790] Failed to find ColorBuffer:2093
E0414 17:10:56.089465 fd83000 FrameBuffer.cpp:3790] Failed to find ColorBuffer:2104
E0414 17:10:56.089469 fd83000 FrameBuffer.cpp:3790] Failed to find ColorBuffer:2105
E0414 17:10:56.089473 fd83000 FrameBuffer.cpp:3790] Failed to find ColorBuffer:2102
E0414 17:10:56.089492 fd83000 FrameBuffer.cpp:3790] Failed to find ColorBuffer:2103
E0414 17:10:56.089497 fd83000 FrameBuffer.cpp:3790] Failed to find ColorBuffer:2089
E0414 17:10:56.089502 fd83000 FrameBuffer.cpp:3790] Failed to find ColorBuffer:2096
E0414 17:10:56.089506 fd83000 FrameBuffer.cpp:3790] Failed to find ColorBuffer:2094
E0414 17:10:56.089511 fd83000 FrameBuffer.cpp:3790] Failed to find ColorBuffer:2101
E0414 17:10:56.089514 fd83000 FrameBuffer.cpp:3790] Failed to find ColorBuffer:2107
E0414 17:10:56.089518 fd83000 FrameBuffer.cpp:3790] Failed to find ColorBuffer:2095
E0414 17:10:56.089522 fd83000 FrameBuffer.cpp:3790] Failed to find ColorBuffer:2098
E0414 17:10:56.089526 fd83000 FrameBuffer.cpp:3790] Failed to find ColorBuffer:2097
E0414 17:10:56.089530 fd83000 FrameBuffer.cpp:3790] Failed to find ColorBuffer:2090
E0414 17:10:56.089534 fd83000 FrameBuffer.cpp:3790] Failed to find ColorBuffer:2100
E0414 17:10:56.089538 fd83000 FrameBuffer.cpp:3790] Failed to find ColorBuffer:2092
E0414 17:10:56.089542 fd83000 FrameBuffer.cpp:3790] Failed to find ColorBuffer:2099
E0414 17:10:56.089546 fd83000 FrameBuffer.cpp:3790] Failed to find ColorBuffer:2091
E0414 17:10:56.089549 fd83000 FrameBuffer.cpp:3790] Failed to find ColorBuffer:2106
E0414 17:10:56.089553 fd83000 FrameBuffer.cpp:3790] Failed to find ColorBuffer:2093
E0414 17:10:56.089557 fd83000 FrameBuffer.cpp:3790] Failed to find ColorBuffer:2104
E0414 17:10:56.089561 fd83000 FrameBuffer.cpp:3790] Failed to find ColorBuffer:2105
E0414 17:10:56.089565 fd83000 FrameBuffer.cpp:3790] Failed to find ColorBuffer:2102
E0414 17:10:56.089568 fd83000 FrameBuffer.cpp:3790] Failed to find ColorBuffer:2103
E0414 17:10:56.089572 fd83000 FrameBuffer.cpp:3790] Failed to find ColorBuffer:2089
E0414 17:10:56.089576 fd83000 FrameBuffer.cpp:3790] Failed to find ColorBuffer:2096
E0414 17:10:56.089579 fd83000 FrameBuffer.cpp:3790] Failed to find ColorBuffer:2094
E0414 17:10:56.089583 fd83000 FrameBuffer.cpp:3790] Failed to find ColorBuffer:2101
E0414 17:10:56.089587 fd83000 FrameBuffer.cpp:3790] Failed to find ColorBuffer:2107
E0414 17:10:56.089591 fd83000 FrameBuffer.cpp:3790] Failed to find ColorBuffer:2095
E0414 17:10:56.089595 fd83000 FrameBuffer.cpp:3790] Failed to find ColorBuffer:2098
E0414 17:10:56.089599 fd83000 FrameBuffer.cpp:3790] Failed to find ColorBuffer:2097
E0414 17:10:56.089603 fd83000 FrameBuffer.cpp:3790] Failed to find ColorBuffer:2090
E0414 17:10:56.089607 fd83000 FrameBuffer.cpp:3790] Failed to find ColorBuffer:2100
E0414 17:10:56.089611 fd83000 FrameBuffer.cpp:3790] Failed to find ColorBuffer:2092
E0414 17:10:56.089615 fd83000 FrameBuffer.cpp:3790] Failed to find ColorBuffer:2099
E0414 17:10:56.089618 fd83000 FrameBuffer.cpp:3790] Failed to find ColorBuffer:2091
E0414 17:10:56.089651 fd83000 FrameBuffer.cpp:3790] Failed to find ColorBuffer:2106
E0414 17:10:56.089655 fd83000 FrameBuffer.cpp:3790] Failed to find ColorBuffer:2093
E0414 17:10:56.089659 fd83000 FrameBuffer.cpp:3790] Failed to find ColorBuffer:2104
E0414 17:10:56.089663 fd83000 FrameBuffer.cpp:3790] Failed to find ColorBuffer:2105
E0414 17:10:56.089666 fd83000 FrameBuffer.cpp:3790] Failed to find ColorBuffer:2102
E0414 17:10:56.089670 fd83000 FrameBuffer.cpp:3790] Failed to find ColorBuffer:2103
E0414 17:10:56.089674 fd83000 FrameBuffer.cpp:3790] Failed to find ColorBuffer:2089
E0414 17:10:56.089678 fd83000 FrameBuffer.cpp:3790] Failed to find ColorBuffer:2096
E0414 17:10:56.089681 fd83000 FrameBuffer.cpp:3790] Failed to find ColorBuffer:2094
E0414 17:10:56.089685 fd83000 FrameBuffer.cpp:3790] Failed to find ColorBuffer:2101
E0414 17:10:56.089689 fd83000 FrameBuffer.cpp:3790] Failed to find ColorBuffer:2107
E0414 17:10:56.089693 fd83000 FrameBuffer.cpp:3790] Failed to find ColorBuffer:2095
E0414 17:10:56.089697 fd83000 FrameBuffer.cpp:3790] Failed to find ColorBuffer:2098
E0414 17:10:56.089700 fd83000 FrameBuffer.cpp:3790] Failed to find ColorBuffer:2097
E0414 17:10:56.089704 fd83000 FrameBuffer.cpp:3790] Failed to find ColorBuffer:2090
E0414 17:10:56.089708 fd83000 FrameBuffer.cpp:3790] Failed to find ColorBuffer:2100
E0414 17:10:56.089711 fd83000 FrameBuffer.cpp:3790] Failed to find ColorBuffer:2092
E0414 17:10:56.089715 fd83000 FrameBuffer.cpp:3790] Failed to find ColorBuffer:2099
E0414 17:10:56.089719 fd83000 FrameBuffer.cpp:3790] Failed to find ColorBuffer:2091
E0414 17:10:56.089723 fd83000 FrameBuffer.cpp:3790] Failed to find ColorBuffer:2106
E0414 17:10:56.089726 fd83000 FrameBuffer.cpp:3790] Failed to find ColorBuffer:2093
E0414 17:10:56.089730 fd83000 FrameBuffer.cpp:3790] Failed to find ColorBuffer:2104
E0414 17:10:56.089734 fd83000 FrameBuffer.cpp:3790] Failed to find ColorBuffer:2105
E0414 17:10:56.089738 fd83000 FrameBuffer.cpp:3790] Failed to find ColorBuffer:2102
E0414 17:10:56.089741 fd83000 FrameBuffer.cpp:3790] Failed to find ColorBuffer:2103
E0414 17:10:56.089745 fd83000 FrameBuffer.cpp:3790] Failed to find ColorBuffer:2089
E0414 17:10:56.089755 fd83000 FrameBuffer.cpp:3790] Failed to find ColorBuffer:2096
E0414 17:10:56.089761 fd83000 FrameBuffer.cpp:3790] Failed to find ColorBuffer:2094
E0414 17:10:56.089766 fd83000 FrameBuffer.cpp:3790] Failed to find ColorBuffer:2101
E0414 17:10:56.089771 fd83000 FrameBuffer.cpp:3790] Failed to find ColorBuffer:2107
E0414 17:10:56.089775 fd83000 FrameBuffer.cpp:3790] Failed to find ColorBuffer:2095
E0414 17:10:56.089780 fd83000 FrameBuffer.cpp:3790] Failed to find ColorBuffer:2098
E0414 17:10:56.089785 fd83000 FrameBuffer.cpp:3790] Failed to find ColorBuffer:2097
E0414 17:10:56.089790 fd83000 FrameBuffer.cpp:3790] Failed to find ColorBuffer:2090
E0414 17:10:56.089794 fd83000 FrameBuffer.cpp:3790] Failed to find ColorBuffer:2100
E0414 17:10:56.089799 fd83000 FrameBuffer.cpp:3790] Failed to find ColorBuffer:2092
E0414 17:10:56.089804 fd83000 FrameBuffer.cpp:3790] Failed to find ColorBuffer:2099
E0414 17:10:56.089808 fd83000 FrameBuffer.cpp:3790] Failed to find ColorBuffer:2091
E0414 17:10:56.089813 fd83000 FrameBuffer.cpp:3790] Failed to find ColorBuffer:2106
E0414 17:10:56.089818 fd83000 FrameBuffer.cpp:3790] Failed to find ColorBuffer:2093
E0414 17:10:56.089823 fd83000 FrameBuffer.cpp:3790] Failed to find ColorBuffer:2104
E0414 17:10:56.089828 fd83000 FrameBuffer.cpp:3790] Failed to find ColorBuffer:2105
E0414 17:10:56.089832 fd83000 FrameBuffer.cpp:3790] Failed to find ColorBuffer:2102
E0414 17:10:56.089837 fd83000 FrameBuffer.cpp:3790] Failed to find ColorBuffer:2103
E0414 17:10:56.089842 fd83000 FrameBuffer.cpp:3790] Failed to find ColorBuffer:2089
E0414 17:10:56.089847 fd83000 FrameBuffer.cpp:3790] Failed to find ColorBuffer:2096
E0414 17:10:56.089852 fd83000 FrameBuffer.cpp:3790] Failed to find ColorBuffer:2094
E0414 17:10:56.089856 fd83000 FrameBuffer.cpp:3790] Failed to find ColorBuffer:2101
E0414 17:10:56.089861 fd83000 FrameBuffer.cpp:3790] Failed to find ColorBuffer:2107
E0414 17:10:56.089890 fd83000 FrameBuffer.cpp:3790] Failed to find ColorBuffer:2095
E0414 17:10:56.089895 fd83000 FrameBuffer.cpp:3790] Failed to find ColorBuffer:2098
E0414 17:10:56.089900 fd83000 FrameBuffer.cpp:3790] Failed to find ColorBuffer:2097
E0414 17:10:56.089905 fd83000 FrameBuffer.cpp:3790] Failed to find ColorBuffer:2090
E0414 17:10:56.089910 fd83000 FrameBuffer.cpp:3790] Failed to find ColorBuffer:2100
E0414 17:10:56.089914 fd83000 FrameBuffer.cpp:3790] Failed to find ColorBuffer:2092
E0414 17:10:56.089920 fd83000 FrameBuffer.cpp:3790] Failed to find ColorBuffer:2099
E0414 17:10:56.089923 fd83000 FrameBuffer.cpp:3790] Failed to find ColorBuffer:2091
E0414 17:10:56.089927 fd83000 FrameBuffer.cpp:3790] Failed to find ColorBuffer:2106
E0414 17:10:56.089931 fd83000 FrameBuffer.cpp:3790] Failed to find ColorBuffer:2093
E0414 17:10:56.089935 fd83000 FrameBuffer.cpp:3790] Failed to find ColorBuffer:2104
E0414 17:10:56.089939 fd83000 FrameBuffer.cpp:3790] Failed to find ColorBuffer:2105
E0414 17:10:56.089943 fd83000 FrameBuffer.cpp:3790] Failed to find ColorBuffer:2102
E0414 17:10:56.089947 fd83000 FrameBuffer.cpp:3790] Failed to find ColorBuffer:2103
E0414 17:10:56.089951 fd83000 FrameBuffer.cpp:3790] Failed to find ColorBuffer:2089
E0414 17:10:56.089954 fd83000 FrameBuffer.cpp:3790] Failed to find ColorBuffer:2096
E0414 17:10:56.089958 fd83000 FrameBuffer.cpp:3790] Failed to find ColorBuffer:2094
E0414 17:10:56.089962 fd83000 FrameBuffer.cpp:3790] Failed to find ColorBuffer:2101
E0414 17:10:56.089966 fd83000 FrameBuffer.cpp:3790] Failed to find ColorBuffer:2107
E0414 17:10:56.089970 fd83000 FrameBuffer.cpp:3790] Failed to find ColorBuffer:2095
E0414 17:10:56.089973 fd83000 FrameBuffer.cpp:3790] Failed to find ColorBuffer:2098
E0414 17:10:56.089977 fd83000 FrameBuffer.cpp:3790] Failed to find ColorBuffer:2097
E0414 17:10:56.089981 fd83000 FrameBuffer.cpp:3790] Failed to find ColorBuffer:2090
E0414 17:10:56.089985 fd83000 FrameBuffer.cpp:3790] Failed to find ColorBuffer:2100
E0414 17:10:56.089988 fd83000 FrameBuffer.cpp:3790] Failed to find ColorBuffer:2092
E0414 17:10:56.089992 fd83000 FrameBuffer.cpp:3790] Failed to find ColorBuffer:2099
E0414 17:10:56.089996 fd83000 FrameBuffer.cpp:3790] Failed to find ColorBuffer:2091
E0414 17:10:56.090000 fd83000 FrameBuffer.cpp:3790] Failed to find ColorBuffer:2106
E0414 17:10:56.090003 fd83000 FrameBuffer.cpp:3790] Failed to find ColorBuffer:2093
E0414 17:10:56.090007 fd83000 FrameBuffer.cpp:3790] Failed to find ColorBuffer:2104
E0414 17:10:56.090011 fd83000 FrameBuffer.cpp:3790] Failed to find ColorBuffer:2105
E0414 17:10:56.090015 fd83000 FrameBuffer.cpp:3790] Failed to find ColorBuffer:2102
E0414 17:10:56.090018 fd83000 FrameBuffer.cpp:3790] Failed to find ColorBuffer:2103
E0414 17:10:56.090022 fd83000 FrameBuffer.cpp:3790] Failed to find ColorBuffer:2089
E0414 17:10:56.090026 fd83000 FrameBuffer.cpp:3790] Failed to find ColorBuffer:2096
E0414 17:10:56.090030 fd83000 FrameBuffer.cpp:3790] Failed to find ColorBuffer:2094
E0414 17:10:56.090034 fd83000 FrameBuffer.cpp:3790] Failed to find ColorBuffer:2101
E0414 17:10:56.090037 fd83000 FrameBuffer.cpp:3790] Failed to find ColorBuffer:2107
E0414 17:10:56.090041 fd83000 FrameBuffer.cpp:3790] Failed to find ColorBuffer:2095
E0414 17:10:56.090045 fd83000 FrameBuffer.cpp:3790] Failed to find ColorBuffer:2098
E0414 17:10:56.090049 fd83000 FrameBuffer.cpp:3790] Failed to find ColorBuffer:2097
E0414 17:10:56.090052 fd83000 FrameBuffer.cpp:3790] Failed to find ColorBuffer:2090
E0414 17:10:56.090056 fd83000 FrameBuffer.cpp:3790] Failed to find ColorBuffer:2100
E0414 17:10:56.090060 fd83000 FrameBuffer.cpp:3790] Failed to find ColorBuffer:2092
E0414 17:10:56.090064 fd83000 FrameBuffer.cpp:3790] Failed to find ColorBuffer:2099
E0414 17:10:56.090067 fd83000 FrameBuffer.cpp:3790] Failed to find ColorBuffer:2091
E0414 17:10:56.090071 fd83000 FrameBuffer.cpp:3790] Failed to find ColorBuffer:2106
E0414 17:10:56.090075 fd83000 FrameBuffer.cpp:3790] Failed to find ColorBuffer:2093
E0414 17:10:56.090078 fd83000 FrameBuffer.cpp:3790] Failed to find ColorBuffer:2104
E0414 17:10:56.090096 fd83000 FrameBuffer.cpp:3790] Failed to find ColorBuffer:2105
E0414 17:10:56.090100 fd83000 FrameBuffer.cpp:3790] Failed to find ColorBuffer:2102
E0414 17:10:56.090104 fd83000 FrameBuffer.cpp:3790] Failed to find ColorBuffer:2103
E0414 17:10:56.090108 fd83000 FrameBuffer.cpp:3790] Failed to find ColorBuffer:2089
E0414 17:10:56.090111 fd83000 FrameBuffer.cpp:3790] Failed to find ColorBuffer:2096
E0414 17:10:56.090115 fd83000 FrameBuffer.cpp:3790] Failed to find ColorBuffer:2094
E0414 17:10:56.090119 fd83000 FrameBuffer.cpp:3790] Failed to find ColorBuffer:2101
E0414 17:10:56.090123 fd83000 FrameBuffer.cpp:3790] Failed to find ColorBuffer:2107
E0414 17:10:56.090126 fd83000 FrameBuffer.cpp:3790] Failed to find ColorBuffer:2095
E0414 17:10:56.090130 fd83000 FrameBuffer.cpp:3790] Failed to find ColorBuffer:2098
E0414 17:10:56.090134 fd83000 FrameBuffer.cpp:3790] Failed to find ColorBuffer:2097
E0414 17:10:56.090138 fd83000 FrameBuffer.cpp:3790] Failed to find ColorBuffer:2090
E0414 17:10:56.090141 fd83000 FrameBuffer.cpp:3790] Failed to find ColorBuffer:2100
E0414 17:10:56.090145 fd83000 FrameBuffer.cpp:3790] Failed to find ColorBuffer:2092
E0414 17:10:56.090149 fd83000 FrameBuffer.cpp:3790] Failed to find ColorBuffer:2099
E0414 17:10:56.090153 fd83000 FrameBuffer.cpp:3790] Failed to find ColorBuffer:2091
E0414 17:10:56.090157 fd83000 FrameBuffer.cpp:3790] Failed to find ColorBuffer:2106
E0414 17:10:56.090161 fd83000 FrameBuffer.cpp:3790] Failed to find ColorBuffer:2093
E0414 17:10:56.090164 fd83000 FrameBuffer.cpp:3790] Failed to find ColorBuffer:2104
E0414 17:10:56.090168 fd83000 FrameBuffer.cpp:3790] Failed to find ColorBuffer:2105
E0414 17:10:56.090172 fd83000 FrameBuffer.cpp:3790] Failed to find ColorBuffer:2102
E0414 17:10:56.090176 fd83000 FrameBuffer.cpp:3790] Failed to find ColorBuffer:2103
E0414 17:10:56.090180 fd83000 FrameBuffer.cpp:3790] Failed to find ColorBuffer:2089
E0414 17:10:56.090183 fd83000 FrameBuffer.cpp:3790] Failed to find ColorBuffer:2096
E0414 17:10:56.090187 fd83000 FrameBuffer.cpp:3790] Failed to find ColorBuffer:2094
E0414 17:10:56.090191 fd83000 FrameBuffer.cpp:3790] Failed to find ColorBuffer:2101
E0414 17:10:56.090195 fd83000 FrameBuffer.cpp:3790] Failed to find ColorBuffer:2107
E0414 17:10:56.090198 fd83000 FrameBuffer.cpp:3790] Failed to find ColorBuffer:2095
E0414 17:10:56.090203 fd83000 FrameBuffer.cpp:3790] Failed to find ColorBuffer:2098
E0414 17:10:56.090207 fd83000 FrameBuffer.cpp:3790] Failed to find ColorBuffer:2097
E0414 17:10:56.090212 fd83000 FrameBuffer.cpp:3790] Failed to find ColorBuffer:2090
E0414 17:10:56.090216 fd83000 FrameBuffer.cpp:3790] Failed to find ColorBuffer:2100
E0414 17:10:56.090219 fd83000 FrameBuffer.cpp:3790] Failed to find ColorBuffer:2092
E0414 17:10:56.090224 fd83000 FrameBuffer.cpp:3790] Failed to find ColorBuffer:2099
E0414 17:10:56.090228 fd83000 FrameBuffer.cpp:3790] Failed to find ColorBuffer:2091
E0414 17:10:56.090231 fd83000 FrameBuffer.cpp:3790] Failed to find ColorBuffer:2106
E0414 17:10:56.090235 fd83000 FrameBuffer.cpp:3790] Failed to find ColorBuffer:2093
E0414 17:10:56.090239 fd83000 FrameBuffer.cpp:3790] Failed to find ColorBuffer:2104
E0414 17:10:56.090243 fd83000 FrameBuffer.cpp:3790] Failed to find ColorBuffer:2105
E0414 17:10:56.090247 fd83000 FrameBuffer.cpp:3790] Failed to find ColorBuffer:2102
E0414 17:10:56.090250 fd83000 FrameBuffer.cpp:3790] Failed to find ColorBuffer:2103
E0414 17:10:56.090254 fd83000 FrameBuffer.cpp:3790] Failed to find ColorBuffer:2089
E0414 17:10:56.090259 fd83000 FrameBuffer.cpp:3790] Failed to find ColorBuffer:2096
E0414 17:10:56.090263 fd83000 FrameBuffer.cpp:3790] Failed to find ColorBuffer:2094
E0414 17:10:56.090267 fd83000 FrameBuffer.cpp:3790] Failed to find ColorBuffer:2101
E0414 17:10:56.090270 fd83000 FrameBuffer.cpp:3790] Failed to find ColorBuffer:2107
E0414 17:10:56.090274 fd83000 FrameBuffer.cpp:3790] Failed to find ColorBuffer:2095
E0414 17:10:56.090278 fd83000 FrameBuffer.cpp:3790] Failed to find ColorBuffer:2098
E0414 17:10:56.090296 fd83000 FrameBuffer.cpp:3790] Failed to find ColorBuffer:2097
E0414 17:10:56.090300 fd83000 FrameBuffer.cpp:3790] Failed to find ColorBuffer:2090
E0414 17:10:56.090304 fd83000 FrameBuffer.cpp:3790] Failed to find ColorBuffer:2100
E0414 17:10:56.090307 fd83000 FrameBuffer.cpp:3790] Failed to find ColorBuffer:2092
E0414 17:10:56.090311 fd83000 FrameBuffer.cpp:3790] Failed to find ColorBuffer:2099
E0414 17:10:56.090315 fd83000 FrameBuffer.cpp:3790] Failed to find ColorBuffer:2091
E0414 17:10:56.090319 fd83000 FrameBuffer.cpp:3790] Failed to find ColorBuffer:2106
E0414 17:10:56.090322 fd83000 FrameBuffer.cpp:3790] Failed to find ColorBuffer:2093
E0414 17:10:56.090326 fd83000 FrameBuffer.cpp:3790] Failed to find ColorBuffer:2104
E0414 17:10:56.090330 fd83000 FrameBuffer.cpp:3790] Failed to find ColorBuffer:2105
E0414 17:10:56.090334 fd83000 FrameBuffer.cpp:3790] Failed to find ColorBuffer:2102
E0414 17:10:56.090337 fd83000 FrameBuffer.cpp:3790] Failed to find ColorBuffer:2103
E0414 17:10:56.090341 fd83000 FrameBuffer.cpp:3790] Failed to find ColorBuffer:2089
E0414 17:10:56.090345 fd83000 FrameBuffer.cpp:3790] Failed to find ColorBuffer:2096
E0414 17:10:56.090348 fd83000 FrameBuffer.cpp:3790] Failed to find ColorBuffer:2094
E0414 17:10:56.090352 fd83000 FrameBuffer.cpp:3790] Failed to find ColorBuffer:2101
E0414 17:10:56.090356 fd83000 FrameBuffer.cpp:3790] Failed to find ColorBuffer:2107
E0414 17:10:56.090359 fd83000 FrameBuffer.cpp:3790] Failed to find ColorBuffer:2095
E0414 17:10:56.090363 fd83000 FrameBuffer.cpp:3790] Failed to find ColorBuffer:2098
E0414 17:10:56.090367 fd83000 FrameBuffer.cpp:3790] Failed to find ColorBuffer:2097
E0414 17:10:56.090370 fd83000 FrameBuffer.cpp:3790] Failed to find ColorBuffer:2090
E0414 17:10:56.090374 fd83000 FrameBuffer.cpp:3790] Failed to find ColorBuffer:2100
E0414 17:10:56.090378 fd83000 FrameBuffer.cpp:3790] Failed to find ColorBuffer:2092
E0414 17:10:56.090382 fd83000 FrameBuffer.cpp:3790] Failed to find ColorBuffer:2099
E0414 17:10:56.090385 fd83000 FrameBuffer.cpp:3790] Failed to find ColorBuffer:2091
E0414 17:10:56.090389 fd83000 FrameBuffer.cpp:3790] Failed to find ColorBuffer:2106
E0414 17:10:56.090393 fd83000 FrameBuffer.cpp:3790] Failed to find ColorBuffer:2093
E0414 17:10:56.090397 fd83000 FrameBuffer.cpp:3790] Failed to find ColorBuffer:2104
E0414 17:10:56.090401 fd83000 FrameBuffer.cpp:3790] Failed to find ColorBuffer:2105
E0414 17:10:56.090404 fd83000 FrameBuffer.cpp:3790] Failed to find ColorBuffer:2102
E0414 17:10:56.090408 fd83000 FrameBuffer.cpp:3790] Failed to find ColorBuffer:2103
E0414 17:10:56.090412 fd83000 FrameBuffer.cpp:3790] Failed to find ColorBuffer:2089
E0414 17:10:56.090415 fd83000 FrameBuffer.cpp:3790] Failed to find ColorBuffer:2096
E0414 17:10:56.090419 fd83000 FrameBuffer.cpp:3790] Failed to find ColorBuffer:2094
E0414 17:10:56.090423 fd83000 FrameBuffer.cpp:3790] Failed to find ColorBuffer:2101
E0414 17:10:56.090427 fd83000 FrameBuffer.cpp:3790] Failed to find ColorBuffer:2107
E0414 17:10:56.090430 fd83000 FrameBuffer.cpp:3790] Failed to find ColorBuffer:2095
E0414 17:10:56.090434 fd83000 FrameBuffer.cpp:3790] Failed to find ColorBuffer:2098
E0414 17:10:56.090438 fd83000 FrameBuffer.cpp:3790] Failed to find ColorBuffer:2097
E0414 17:10:56.090442 fd83000 FrameBuffer.cpp:3790] Failed to find ColorBuffer:2090
E0414 17:10:56.090446 fd83000 FrameBuffer.cpp:3790] Failed to find ColorBuffer:2100
E0414 17:10:56.090449 fd83000 FrameBuffer.cpp:3790] Failed to find ColorBuffer:2092
E0414 17:10:56.090453 fd83000 FrameBuffer.cpp:3790] Failed to find ColorBuffer:2099
E0414 17:10:56.090457 fd83000 FrameBuffer.cpp:3790] Failed to find ColorBuffer:2091
E0414 17:10:56.090460 fd83000 FrameBuffer.cpp:3790] Failed to find ColorBuffer:2106
E0414 17:10:56.090464 fd83000 FrameBuffer.cpp:3790] Failed to find ColorBuffer:2093
E0414 17:10:56.090468 fd83000 FrameBuffer.cpp:3790] Failed to find ColorBuffer:2104
E0414 17:10:56.090472 fd83000 FrameBuffer.cpp:3790] Failed to find ColorBuffer:2105
E0414 17:10:56.090476 fd83000 FrameBuffer.cpp:3790] Failed to find ColorBuffer:2102
E0414 17:10:56.090490 fd83000 FrameBuffer.cpp:3790] Failed to find ColorBuffer:2103
E0414 17:10:56.090495 fd83000 FrameBuffer.cpp:3790] Failed to find ColorBuffer:2089
E0414 17:10:56.090498 fd83000 FrameBuffer.cpp:3790] Failed to find ColorBuffer:2096
E0414 17:10:56.090502 fd83000 FrameBuffer.cpp:3790] Failed to find ColorBuffer:2094
E0414 17:10:56.090506 fd83000 FrameBuffer.cpp:3790] Failed to find ColorBuffer:2101
E0414 17:10:56.090510 fd83000 FrameBuffer.cpp:3790] Failed to find ColorBuffer:2107
E0414 17:10:56.090513 fd83000 FrameBuffer.cpp:3790] Failed to find ColorBuffer:2095
E0414 17:10:56.090517 fd83000 FrameBuffer.cpp:3790] Failed to find ColorBuffer:2098
E0414 17:10:56.090521 fd83000 FrameBuffer.cpp:3790] Failed to find ColorBuffer:2097
E0414 17:10:56.090526 fd83000 FrameBuffer.cpp:3790] Failed to find ColorBuffer:2107
E0414 17:10:56.090532 fd83000 FrameBuffer.cpp:3790] Failed to find ColorBuffer:2098
E0414 17:10:56.090537 fd83000 FrameBuffer.cpp:3790] Failed to find ColorBuffer:2096
E0414 17:10:56.090541 fd83000 FrameBuffer.cpp:3790] Failed to find ColorBuffer:2094
E0414 17:10:56.090545 fd83000 FrameBuffer.cpp:3790] Failed to find ColorBuffer:2101
E0414 17:10:56.090550 fd83000 FrameBuffer.cpp:3790] Failed to find ColorBuffer:2095
E0414 17:10:56.090555 fd83000 FrameBuffer.cpp:3790] Failed to find ColorBuffer:2106
E0414 17:10:56.090560 fd83000 FrameBuffer.cpp:3790] Failed to find ColorBuffer:2091
E0414 17:10:56.090564 fd83000 FrameBuffer.cpp:3790] Failed to find ColorBuffer:2097
E0414 17:10:56.090569 fd83000 FrameBuffer.cpp:3790] Failed to find ColorBuffer:2093
E0414 17:10:56.090574 fd83000 FrameBuffer.cpp:3790] Failed to find ColorBuffer:2104
E0414 17:10:56.090578 fd83000 FrameBuffer.cpp:3790] Failed to find ColorBuffer:2105
E0414 17:10:56.090583 fd83000 FrameBuffer.cpp:3790] Failed to find ColorBuffer:2102
E0414 17:10:56.090588 fd83000 FrameBuffer.cpp:3790] Failed to find ColorBuffer:2090
E0414 17:10:56.090592 fd83000 FrameBuffer.cpp:3790] Failed to find ColorBuffer:2100
E0414 17:10:56.090597 fd83000 FrameBuffer.cpp:3790] Failed to find ColorBuffer:2092
E0414 17:10:56.090602 fd83000 FrameBuffer.cpp:3790] Failed to find ColorBuffer:2103
E0414 17:10:56.090606 fd83000 FrameBuffer.cpp:3790] Failed to find ColorBuffer:2099
E0414 17:10:56.090612 fd83000 FrameBuffer.cpp:3790] Failed to find ColorBuffer:2089
E0414 17:10:56.090616 fd83000 FrameBuffer.cpp:3790] Failed to find ColorBuffer:2107
E0414 17:10:56.090621 fd83000 FrameBuffer.cpp:3790] Failed to find ColorBuffer:2098
E0414 17:10:56.090626 fd83000 FrameBuffer.cpp:3790] Failed to find ColorBuffer:2096
E0414 17:10:56.090631 fd83000 FrameBuffer.cpp:3790] Failed to find ColorBuffer:2094
E0414 17:10:56.090635 fd83000 FrameBuffer.cpp:3790] Failed to find ColorBuffer:2101
E0414 17:10:56.090640 fd83000 FrameBuffer.cpp:3790] Failed to find ColorBuffer:2095
E0414 17:10:56.090646 fd83000 FrameBuffer.cpp:3790] Failed to find ColorBuffer:2106
E0414 17:10:56.090651 fd83000 FrameBuffer.cpp:3790] Failed to find ColorBuffer:2091
E0414 17:10:56.090657 fd83000 FrameBuffer.cpp:3790] Failed to find ColorBuffer:2097
E0414 17:10:56.090662 fd83000 FrameBuffer.cpp:3790] Failed to find ColorBuffer:2093
E0414 17:10:56.090666 fd83000 FrameBuffer.cpp:3790] Failed to find ColorBuffer:2104
E0414 17:10:56.090671 fd83000 FrameBuffer.cpp:3790] Failed to find ColorBuffer:2105
E0414 17:10:56.090675 fd83000 FrameBuffer.cpp:3790] Failed to find ColorBuffer:2102
E0414 17:10:56.090679 fd83000 FrameBuffer.cpp:3790] Failed to find ColorBuffer:2090
E0414 17:10:56.090683 fd83000 FrameBuffer.cpp:3790] Failed to find ColorBuffer:2100
E0414 17:10:56.090687 fd83000 FrameBuffer.cpp:3790] Failed to find ColorBuffer:2092
E0414 17:10:56.090690 fd83000 FrameBuffer.cpp:3790] Failed to find ColorBuffer:2103
E0414 17:10:56.090695 fd83000 FrameBuffer.cpp:3790] Failed to find ColorBuffer:2099
E0414 17:10:56.090698 fd83000 FrameBuffer.cpp:3790] Failed to find ColorBuffer:2089
E0414 17:10:56.090702 fd83000 FrameBuffer.cpp:3790] Failed to find ColorBuffer:2107
E0414 17:10:56.090706 fd83000 FrameBuffer.cpp:3790] Failed to find ColorBuffer:2098
E0414 17:10:56.090720 fd83000 FrameBuffer.cpp:3790] Failed to find ColorBuffer:2096
E0414 17:10:56.090723 fd83000 FrameBuffer.cpp:3790] Failed to find ColorBuffer:2094
E0414 17:10:56.090727 fd83000 FrameBuffer.cpp:3790] Failed to find ColorBuffer:2101
E0414 17:10:56.090731 fd83000 FrameBuffer.cpp:3790] Failed to find ColorBuffer:2095
E0414 17:10:56.090734 fd83000 FrameBuffer.cpp:3790] Failed to find ColorBuffer:2106
E0414 17:10:56.090738 fd83000 FrameBuffer.cpp:3790] Failed to find ColorBuffer:2091
E0414 17:10:56.090742 fd83000 FrameBuffer.cpp:3790] Failed to find ColorBuffer:2097
E0414 17:10:56.090746 fd83000 FrameBuffer.cpp:3790] Failed to find ColorBuffer:2093
E0414 17:10:56.090749 fd83000 FrameBuffer.cpp:3790] Failed to find ColorBuffer:2104
E0414 17:10:56.090753 fd83000 FrameBuffer.cpp:3790] Failed to find ColorBuffer:2105
E0414 17:10:56.090757 fd83000 FrameBuffer.cpp:3790] Failed to find ColorBuffer:2102
E0414 17:10:56.090761 fd83000 FrameBuffer.cpp:3790] Failed to find ColorBuffer:2090
E0414 17:10:56.090764 fd83000 FrameBuffer.cpp:3790] Failed to find ColorBuffer:2100
E0414 17:10:56.090768 fd83000 FrameBuffer.cpp:3790] Failed to find ColorBuffer:2092
E0414 17:10:56.090772 fd83000 FrameBuffer.cpp:3790] Failed to find ColorBuffer:2103
E0414 17:10:56.090775 fd83000 FrameBuffer.cpp:3790] Failed to find ColorBuffer:2099
E0414 17:10:56.090779 fd83000 FrameBuffer.cpp:3790] Failed to find ColorBuffer:2089
E0414 17:10:56.090783 fd83000 FrameBuffer.cpp:3790] Failed to find ColorBuffer:2107
E0414 17:10:56.090786 fd83000 FrameBuffer.cpp:3790] Failed to find ColorBuffer:2098
E0414 17:10:56.090790 fd83000 FrameBuffer.cpp:3790] Failed to find ColorBuffer:2096
E0414 17:10:56.090794 fd83000 FrameBuffer.cpp:3790] Failed to find ColorBuffer:2094
E0414 17:10:56.090798 fd83000 FrameBuffer.cpp:3790] Failed to find ColorBuffer:2101
E0414 17:10:56.090801 fd83000 FrameBuffer.cpp:3790] Failed to find ColorBuffer:2095
E0414 17:10:56.090805 fd83000 FrameBuffer.cpp:3790] Failed to find ColorBuffer:2106
E0414 17:10:56.090809 fd83000 FrameBuffer.cpp:3790] Failed to find ColorBuffer:2091
E0414 17:10:56.090812 fd83000 FrameBuffer.cpp:3790] Failed to find ColorBuffer:2097
E0414 17:10:56.090816 fd83000 FrameBuffer.cpp:3790] Failed to find ColorBuffer:2093
E0414 17:10:56.090820 fd83000 FrameBuffer.cpp:3790] Failed to find ColorBuffer:2104
E0414 17:10:56.090823 fd83000 FrameBuffer.cpp:3790] Failed to find ColorBuffer:2105
E0414 17:10:56.090827 fd83000 FrameBuffer.cpp:3790] Failed to find ColorBuffer:2102
E0414 17:10:56.090831 fd83000 FrameBuffer.cpp:3790] Failed to find ColorBuffer:2090
E0414 17:10:56.090834 fd83000 FrameBuffer.cpp:3790] Failed to find ColorBuffer:2100
E0414 17:10:56.090838 fd83000 FrameBuffer.cpp:3790] Failed to find ColorBuffer:2092
E0414 17:10:56.090842 fd83000 FrameBuffer.cpp:3790] Failed to find ColorBuffer:2103
E0414 17:10:56.090846 fd83000 FrameBuffer.cpp:3790] Failed to find ColorBuffer:2099
E0414 17:10:56.090849 fd83000 FrameBuffer.cpp:3790] Failed to find ColorBuffer:2089
E0414 17:10:56.090853 fd83000 FrameBuffer.cpp:3790] Failed to find ColorBuffer:2107
E0414 17:10:56.090857 fd83000 FrameBuffer.cpp:3790] Failed to find ColorBuffer:2098
E0414 17:10:56.090860 fd83000 FrameBuffer.cpp:3790] Failed to find ColorBuffer:2096
E0414 17:10:56.090864 fd83000 FrameBuffer.cpp:3790] Failed to find ColorBuffer:2094
E0414 17:10:56.090868 fd83000 FrameBuffer.cpp:3790] Failed to find ColorBuffer:2101
E0414 17:10:56.090872 fd83000 FrameBuffer.cpp:3790] Failed to find ColorBuffer:2095
E0414 17:10:56.090875 fd83000 FrameBuffer.cpp:3790] Failed to find ColorBuffer:2106
E0414 17:10:56.090879 fd83000 FrameBuffer.cpp:3790] Failed to find ColorBuffer:2091
E0414 17:10:56.090883 fd83000 FrameBuffer.cpp:3790] Failed to find ColorBuffer:2097
E0414 17:10:56.090886 fd83000 FrameBuffer.cpp:3790] Failed to find ColorBuffer:2093
E0414 17:10:56.090890 fd83000 FrameBuffer.cpp:3790] Failed to find ColorBuffer:2104
E0414 17:10:56.090894 fd83000 FrameBuffer.cpp:3790] Failed to find ColorBuffer:2105
E0414 17:10:56.090898 fd83000 FrameBuffer.cpp:3790] Failed to find ColorBuffer:2102
E0414 17:10:56.090915 fd83000 FrameBuffer.cpp:3790] Failed to find ColorBuffer:2090
E0414 17:10:56.090919 fd83000 FrameBuffer.cpp:3790] Failed to find ColorBuffer:2100
E0414 17:10:56.090923 fd83000 FrameBuffer.cpp:3790] Failed to find ColorBuffer:2092
E0414 17:10:56.090928 fd83000 FrameBuffer.cpp:3790] Failed to find ColorBuffer:2103
E0414 17:10:56.090932 fd83000 FrameBuffer.cpp:3790] Failed to find ColorBuffer:2099
E0414 17:10:56.090935 fd83000 FrameBuffer.cpp:3790] Failed to find ColorBuffer:2089
E0414 17:10:56.090939 fd83000 FrameBuffer.cpp:3790] Failed to find ColorBuffer:2107
E0414 17:10:56.090943 fd83000 FrameBuffer.cpp:3790] Failed to find ColorBuffer:2098
E0414 17:10:56.090946 fd83000 FrameBuffer.cpp:3790] Failed to find ColorBuffer:2096
E0414 17:10:56.090950 fd83000 FrameBuffer.cpp:3790] Failed to find ColorBuffer:2094
E0414 17:10:56.090954 fd83000 FrameBuffer.cpp:3790] Failed to find ColorBuffer:2101
E0414 17:10:56.090958 fd83000 FrameBuffer.cpp:3790] Failed to find ColorBuffer:2095
E0414 17:10:56.090961 fd83000 FrameBuffer.cpp:3790] Failed to find ColorBuffer:2106
E0414 17:10:56.090965 fd83000 FrameBuffer.cpp:3790] Failed to find ColorBuffer:2091
E0414 17:10:56.090969 fd83000 FrameBuffer.cpp:3790] Failed to find ColorBuffer:2097
E0414 17:10:56.090973 fd83000 FrameBuffer.cpp:3790] Failed to find ColorBuffer:2093
E0414 17:10:56.090976 fd83000 FrameBuffer.cpp:3790] Failed to find ColorBuffer:2104
E0414 17:10:56.090980 fd83000 FrameBuffer.cpp:3790] Failed to find ColorBuffer:2105
E0414 17:10:56.090984 fd83000 FrameBuffer.cpp:3790] Failed to find ColorBuffer:2102
E0414 17:10:56.090988 fd83000 FrameBuffer.cpp:3790] Failed to find ColorBuffer:2090
E0414 17:10:56.090992 fd83000 FrameBuffer.cpp:3790] Failed to find ColorBuffer:2100
E0414 17:10:56.090995 fd83000 FrameBuffer.cpp:3790] Failed to find ColorBuffer:2092
E0414 17:10:56.090999 fd83000 FrameBuffer.cpp:3790] Failed to find ColorBuffer:2103
E0414 17:10:56.091003 fd83000 FrameBuffer.cpp:3790] Failed to find ColorBuffer:2099
E0414 17:10:56.091007 fd83000 FrameBuffer.cpp:3790] Failed to find ColorBuffer:2089
E0414 17:10:56.091011 fd83000 FrameBuffer.cpp:3790] Failed to find ColorBuffer:2107
E0414 17:10:56.091015 fd83000 FrameBuffer.cpp:3790] Failed to find ColorBuffer:2098
E0414 17:10:56.091019 fd83000 FrameBuffer.cpp:3790] Failed to find ColorBuffer:2096
E0414 17:10:56.091022 fd83000 FrameBuffer.cpp:3790] Failed to find ColorBuffer:2094
E0414 17:10:56.091026 fd83000 FrameBuffer.cpp:3790] Failed to find ColorBuffer:2101
E0414 17:10:56.091030 fd83000 FrameBuffer.cpp:3790] Failed to find ColorBuffer:2095
E0414 17:10:56.091034 fd83000 FrameBuffer.cpp:3790] Failed to find ColorBuffer:2106
E0414 17:10:56.091037 fd83000 FrameBuffer.cpp:3790] Failed to find ColorBuffer:2091
E0414 17:10:56.091041 fd83000 FrameBuffer.cpp:3790] Failed to find ColorBuffer:2097
E0414 17:10:56.091045 fd83000 FrameBuffer.cpp:3790] Failed to find ColorBuffer:2093
E0414 17:10:56.091048 fd83000 FrameBuffer.cpp:3790] Failed to find ColorBuffer:2104
E0414 17:10:56.091052 fd83000 FrameBuffer.cpp:3790] Failed to find ColorBuffer:2105
E0414 17:10:56.091056 fd83000 FrameBuffer.cpp:3790] Failed to find ColorBuffer:2102
E0414 17:10:56.091060 fd83000 FrameBuffer.cpp:3790] Failed to find ColorBuffer:2090
E0414 17:10:56.091064 fd83000 FrameBuffer.cpp:3790] Failed to find ColorBuffer:2100
E0414 17:10:56.091068 fd83000 FrameBuffer.cpp:3790] Failed to find ColorBuffer:2092
E0414 17:10:56.091072 fd83000 FrameBuffer.cpp:3790] Failed to find ColorBuffer:2103
E0414 17:10:56.091075 fd83000 FrameBuffer.cpp:3790] Failed to find ColorBuffer:2099
E0414 17:10:56.091079 fd83000 FrameBuffer.cpp:3790] Failed to find ColorBuffer:2089
E0414 17:10:56.091083 fd83000 FrameBuffer.cpp:3790] Failed to find ColorBuffer:2107
E0414 17:10:56.091087 fd83000 FrameBuffer.cpp:3790] Failed to find ColorBuffer:2098
E0414 17:10:56.091090 fd83000 FrameBuffer.cpp:3790] Failed to find ColorBuffer:2096
E0414 17:10:56.091094 fd83000 FrameBuffer.cpp:3790] Failed to find ColorBuffer:2094
E0414 17:10:56.091108 fd83000 FrameBuffer.cpp:3790] Failed to find ColorBuffer:2101
E0414 17:10:56.091112 fd83000 FrameBuffer.cpp:3790] Failed to find ColorBuffer:2095
E0414 17:10:56.091118 fd83000 FrameBuffer.cpp:3790] Failed to find ColorBuffer:2106
E0414 17:10:56.091122 fd83000 FrameBuffer.cpp:3790] Failed to find ColorBuffer:2091
E0414 17:10:56.091127 fd83000 FrameBuffer.cpp:3790] Failed to find ColorBuffer:2097
E0414 17:10:56.091131 fd83000 FrameBuffer.cpp:3790] Failed to find ColorBuffer:2093
E0414 17:10:56.091135 fd83000 FrameBuffer.cpp:3790] Failed to find ColorBuffer:2104
E0414 17:10:56.091139 fd83000 FrameBuffer.cpp:3790] Failed to find ColorBuffer:2105
E0414 17:10:56.091143 fd83000 FrameBuffer.cpp:3790] Failed to find ColorBuffer:2102
E0414 17:10:56.091148 fd83000 FrameBuffer.cpp:3790] Failed to find ColorBuffer:2090
E0414 17:10:56.091152 fd83000 FrameBuffer.cpp:3790] Failed to find ColorBuffer:2100
E0414 17:10:56.091156 fd83000 FrameBuffer.cpp:3790] Failed to find ColorBuffer:2092
E0414 17:10:56.091300 fd83000 FrameBuffer.cpp:3790] Failed to find ColorBuffer:2103
E0414 17:10:56.091310 fd83000 FrameBuffer.cpp:3790] Failed to find ColorBuffer:2099
E0414 17:10:56.091314 fd83000 FrameBuffer.cpp:3790] Failed to find ColorBuffer:2089
E0414 17:10:56.091318 fd83000 FrameBuffer.cpp:3790] Failed to find ColorBuffer:2107
E0414 17:10:56.091322 fd83000 FrameBuffer.cpp:3790] Failed to find ColorBuffer:2098
E0414 17:10:56.091326 fd83000 FrameBuffer.cpp:3790] Failed to find ColorBuffer:2096
E0414 17:10:56.091330 fd83000 FrameBuffer.cpp:3790] Failed to find ColorBuffer:2094
E0414 17:10:56.091333 fd83000 FrameBuffer.cpp:3790] Failed to find ColorBuffer:2101
E0414 17:10:56.091338 fd83000 FrameBuffer.cpp:3790] Failed to find ColorBuffer:2095
E0414 17:10:56.091342 fd83000 FrameBuffer.cpp:3790] Failed to find ColorBuffer:2106
E0414 17:10:56.091346 fd83000 FrameBuffer.cpp:3790] Failed to find ColorBuffer:2091
E0414 17:10:56.091349 fd83000 FrameBuffer.cpp:3790] Failed to find ColorBuffer:2097
E0414 17:10:56.091353 fd83000 FrameBuffer.cpp:3790] Failed to find ColorBuffer:2093
E0414 17:10:56.091357 fd83000 FrameBuffer.cpp:3790] Failed to find ColorBuffer:2104
E0414 17:10:56.091361 fd83000 FrameBuffer.cpp:3790] Failed to find ColorBuffer:2105
E0414 17:10:56.091364 fd83000 FrameBuffer.cpp:3790] Failed to find ColorBuffer:2102
E0414 17:10:56.091368 fd83000 FrameBuffer.cpp:3790] Failed to find ColorBuffer:2090
E0414 17:10:56.091372 fd83000 FrameBuffer.cpp:3790] Failed to find ColorBuffer:2100
E0414 17:10:56.091375 fd83000 FrameBuffer.cpp:3790] Failed to find ColorBuffer:2092
E0414 17:10:56.091379 fd83000 FrameBuffer.cpp:3790] Failed to find ColorBuffer:2103
E0414 17:10:56.091383 fd83000 FrameBuffer.cpp:3790] Failed to find ColorBuffer:2099
E0414 17:10:56.091387 fd83000 FrameBuffer.cpp:3790] Failed to find ColorBuffer:2089
E0414 17:10:56.091390 fd83000 FrameBuffer.cpp:3790] Failed to find ColorBuffer:2107
E0414 17:10:56.091394 fd83000 FrameBuffer.cpp:3790] Failed to find ColorBuffer:2098
E0414 17:10:56.091398 fd83000 FrameBuffer.cpp:3790] Failed to find ColorBuffer:2096
E0414 17:10:56.091402 fd83000 FrameBuffer.cpp:3790] Failed to find ColorBuffer:2094
E0414 17:10:56.091405 fd83000 FrameBuffer.cpp:3790] Failed to find ColorBuffer:2101
E0414 17:10:56.091411 fd83000 FrameBuffer.cpp:3790] Failed to find ColorBuffer:2095
E0414 17:10:56.091416 fd83000 FrameBuffer.cpp:3790] Failed to find ColorBuffer:2106
E0414 17:10:56.091421 fd83000 FrameBuffer.cpp:3790] Failed to find ColorBuffer:2091
E0414 17:10:56.091426 fd83000 FrameBuffer.cpp:3790] Failed to find ColorBuffer:2097
E0414 17:10:56.091431 fd83000 FrameBuffer.cpp:3790] Failed to find ColorBuffer:2093
E0414 17:10:56.091436 fd83000 FrameBuffer.cpp:3790] Failed to find ColorBuffer:2104
E0414 17:10:56.091441 fd83000 FrameBuffer.cpp:3790] Failed to find ColorBuffer:2105
E0414 17:10:56.091446 fd83000 FrameBuffer.cpp:3790] Failed to find ColorBuffer:2102
E0414 17:10:56.091451 fd83000 FrameBuffer.cpp:3790] Failed to find ColorBuffer:2090
E0414 17:10:56.091456 fd83000 FrameBuffer.cpp:3790] Failed to find ColorBuffer:2100
E0414 17:10:56.091474 fd83000 FrameBuffer.cpp:3790] Failed to find ColorBuffer:2092
E0414 17:10:56.091479 fd83000 FrameBuffer.cpp:3790] Failed to find ColorBuffer:2103
E0414 17:10:56.091484 fd83000 FrameBuffer.cpp:3790] Failed to find ColorBuffer:2099
E0414 17:10:56.091489 fd83000 FrameBuffer.cpp:3790] Failed to find ColorBuffer:2089
E0414 17:10:56.091493 fd83000 FrameBuffer.cpp:3790] Failed to find ColorBuffer:2107
E0414 17:10:56.091498 fd83000 FrameBuffer.cpp:3790] Failed to find ColorBuffer:2098
E0414 17:10:56.091503 fd83000 FrameBuffer.cpp:3790] Failed to find ColorBuffer:2096
E0414 17:10:56.091508 fd83000 FrameBuffer.cpp:3790] Failed to find ColorBuffer:2094
E0414 17:10:56.091513 fd83000 FrameBuffer.cpp:3790] Failed to find ColorBuffer:2101
E0414 17:10:56.091518 fd83000 FrameBuffer.cpp:3790] Failed to find ColorBuffer:2095
E0414 17:10:56.091522 fd83000 FrameBuffer.cpp:3790] Failed to find ColorBuffer:2106
E0414 17:10:56.091527 fd83000 FrameBuffer.cpp:3790] Failed to find ColorBuffer:2091
E0414 17:10:56.091533 fd83000 FrameBuffer.cpp:3790] Failed to find ColorBuffer:2085
E0414 17:10:56.091537 fd83000 FrameBuffer.cpp:3790] Failed to find ColorBuffer:2097
E0414 17:10:56.091542 fd83000 FrameBuffer.cpp:3790] Failed to find ColorBuffer:2093
E0414 17:10:56.091547 fd83000 FrameBuffer.cpp:3790] Failed to find ColorBuffer:2104
E0414 17:10:56.091552 fd83000 FrameBuffer.cpp:3790] Failed to find ColorBuffer:2105
E0414 17:10:56.091557 fd83000 FrameBuffer.cpp:3790] Failed to find ColorBuffer:2102
INFO    | Warning: delivering touch release to same window QWindow(0x0) not QWidgetWindow(0x12b889de0, name="EmulatorContainerClassWindow") ((null):0, (null))
INFO    | Warning: skipping QEventPoint(id=0 ts=0 pos=0,0 scn=1080.13,576.71 gbl=1080.13,576.71 Released ellipse=(1x1 ∡ 0) vel=0,0 press=-1080.13,-576.71 last=-1080.13,-576.71 Δ 1080.13,576.71) : no target window ((null):0, (null))
E0414 17:12:27.513803 fd83000 FrameBuffer.cpp:3790] Failed to find ColorBuffer:2076
INFO    | Warning: delivering touch release to same window QWindow(0x0) not QWidgetWindow(0x12b889de0, name="EmulatorContainerClassWindow") ((null):0, (null))
INFO    | Warning: skipping QEventPoint(id=0 ts=0 pos=0,0 scn=1153.35,521.107 gbl=1153.35,521.107 Released ellipse=(1x1 ∡ 0) vel=0,0 press=-1153.35,-521.107 last=-1153.35,-521.107 Δ 1153.35,521.107) : no target window ((null):0, (null))
E0414 17:12:44.824355 fd83000 FrameBuffer.cpp:3790] Failed to find ColorBuffer:2120
E0414 17:12:44.824663 fd83000 FrameBuffer.cpp:3790] Failed to find ColorBuffer:2124
E0414 17:12:46.621999 fd83000 FrameBuffer.cpp:3790] Failed to find ColorBuffer:2127
E0414 17:12:46.622044 fd83000 FrameBuffer.cpp:3790] Failed to find ColorBuffer:2130
E0414 17:12:46.622082 fd83000 FrameBuffer.cpp:3790] Failed to find ColorBuffer:2114
INFO    | Warning: delivering touch release to same window QWindow(0x0) not QWidgetWindow(0x12b889de0, name="EmulatorContainerClassWindow") ((null):0, (null))
INFO    | Warning: skipping QEventPoint(id=0 ts=0 pos=0,0 scn=1130.11,286.296 gbl=1130.11,286.296 Released ellipse=(1x1 ∡ 0) vel=0,0 press=-1130.11,-286.296 last=-1130.11,-286.296 Δ 1130.11,286.296) : no target window ((null):0, (null))
E0414 17:14:00.286504 fd83000 FrameBuffer.cpp:3790] Failed to find ColorBuffer:2180
E0414 17:14:00.286917 fd83000 FrameBuffer.cpp:3790] Failed to find ColorBuffer:2184
E0414 17:14:12.518826 fd83000 FrameBuffer.cpp:3790] Failed to find ColorBuffer:2237
E0414 17:14:12.519743 fd83000 FrameBuffer.cpp:3790] Failed to find ColorBuffer:2243
E0414 17:14:12.519793 fd83000 FrameBuffer.cpp:3790] Failed to find ColorBuffer:2244
E0414 17:14:12.519801 fd83000 FrameBuffer.cpp:3790] Failed to find ColorBuffer:2245
E0414 17:14:12.519941 fd83000 FrameBuffer.cpp:3790] Failed to find ColorBuffer:2246
E0414 17:14:12.519947 fd83000 FrameBuffer.cpp:3790] Failed to find ColorBuffer:2247
E0414 17:14:12.519952 fd83000 FrameBuffer.cpp:3790] Failed to find ColorBuffer:2248
E0414 17:14:12.519957 fd83000 FrameBuffer.cpp:3790] Failed to find ColorBuffer:2249
E0414 17:14:12.519963 fd83000 FrameBuffer.cpp:3790] Failed to find ColorBuffer:2250
E0414 17:14:12.520191 fd83000 FrameBuffer.cpp:3790] Failed to find ColorBuffer:2251
E0414 17:14:12.520199 fd83000 FrameBuffer.cpp:3790] Failed to find ColorBuffer:2252
E0414 17:14:12.520204 fd83000 FrameBuffer.cpp:3790] Failed to find ColorBuffer:2253
E0414 17:14:12.520209 fd83000 FrameBuffer.cpp:3790] Failed to find ColorBuffer:2243
E0414 17:14:12.520214 fd83000 FrameBuffer.cpp:3790] Failed to find ColorBuffer:2254
E0414 17:14:12.520221 fd83000 FrameBuffer.cpp:3790] Failed to find ColorBuffer:2255
E0414 17:14:12.520225 fd83000 FrameBuffer.cpp:3790] Failed to find ColorBuffer:2256
E0414 17:14:12.520231 fd83000 FrameBuffer.cpp:3790] Failed to find ColorBuffer:2244
E0414 17:14:12.520235 fd83000 FrameBuffer.cpp:3790] Failed to find ColorBuffer:2257
E0414 17:14:12.520239 fd83000 FrameBuffer.cpp:3790] Failed to find ColorBuffer:2258
E0414 17:14:12.520243 fd83000 FrameBuffer.cpp:3790] Failed to find ColorBuffer:2245
E0414 17:14:12.520247 fd83000 FrameBuffer.cpp:3790] Failed to find ColorBuffer:2246
E0414 17:14:12.520250 fd83000 FrameBuffer.cpp:3790] Failed to find ColorBuffer:2247
E0414 17:14:12.520254 fd83000 FrameBuffer.cpp:3790] Failed to find ColorBuffer:2259
E0414 17:14:12.520258 fd83000 FrameBuffer.cpp:3790] Failed to find ColorBuffer:2260
E0414 17:14:12.520263 fd83000 FrameBuffer.cpp:3790] Failed to find ColorBuffer:2261
E0414 17:14:12.520267 fd83000 FrameBuffer.cpp:3790] Failed to find ColorBuffer:2248
E0414 17:14:12.520271 fd83000 FrameBuffer.cpp:3790] Failed to find ColorBuffer:2249
E0414 17:14:12.520275 fd83000 FrameBuffer.cpp:3790] Failed to find ColorBuffer:2250
E0414 17:14:12.520278 fd83000 FrameBuffer.cpp:3790] Failed to find ColorBuffer:2251
E0414 17:14:12.520282 fd83000 FrameBuffer.cpp:3790] Failed to find ColorBuffer:2252
E0414 17:14:12.520286 fd83000 FrameBuffer.cpp:3790] Failed to find ColorBuffer:2253
E0414 17:14:12.520290 fd83000 FrameBuffer.cpp:3790] Failed to find ColorBuffer:2243
E0414 17:14:12.520294 fd83000 FrameBuffer.cpp:3790] Failed to find ColorBuffer:2254
E0414 17:14:12.520298 fd83000 FrameBuffer.cpp:3790] Failed to find ColorBuffer:2255
E0414 17:14:12.520305 fd83000 FrameBuffer.cpp:3790] Failed to find ColorBuffer:2256
E0414 17:14:12.520314 fd83000 FrameBuffer.cpp:3790] Failed to find ColorBuffer:2244
E0414 17:14:12.520318 fd83000 FrameBuffer.cpp:3790] Failed to find ColorBuffer:2257
E0414 17:14:12.520324 fd83000 FrameBuffer.cpp:3790] Failed to find ColorBuffer:2258
E0414 17:14:12.520329 fd83000 FrameBuffer.cpp:3790] Failed to find ColorBuffer:2245
E0414 17:14:12.520334 fd83000 FrameBuffer.cpp:3790] Failed to find ColorBuffer:2246
E0414 17:14:12.520338 fd83000 FrameBuffer.cpp:3790] Failed to find ColorBuffer:2247
E0414 17:14:12.520343 fd83000 FrameBuffer.cpp:3790] Failed to find ColorBuffer:2259
E0414 17:14:12.520348 fd83000 FrameBuffer.cpp:3790] Failed to find ColorBuffer:2260
E0414 17:14:12.520353 fd83000 FrameBuffer.cpp:3790] Failed to find ColorBuffer:2261
E0414 17:14:12.520359 fd83000 FrameBuffer.cpp:3790] Failed to find ColorBuffer:2248
E0414 17:14:12.520364 fd83000 FrameBuffer.cpp:3790] Failed to find ColorBuffer:2249
E0414 17:14:12.520369 fd83000 FrameBuffer.cpp:3790] Failed to find ColorBuffer:2250
E0414 17:14:12.520374 fd83000 FrameBuffer.cpp:3790] Failed to find ColorBuffer:2251
E0414 17:14:12.520380 fd83000 FrameBuffer.cpp:3790] Failed to find ColorBuffer:2252
E0414 17:14:12.520385 fd83000 FrameBuffer.cpp:3790] Failed to find ColorBuffer:2253
E0414 17:14:12.520390 fd83000 FrameBuffer.cpp:3790] Failed to find ColorBuffer:2243
E0414 17:14:12.520397 fd83000 FrameBuffer.cpp:3790] Failed to find ColorBuffer:2254
E0414 17:14:12.520402 fd83000 FrameBuffer.cpp:3790] Failed to find ColorBuffer:2255
E0414 17:14:12.520407 fd83000 FrameBuffer.cpp:3790] Failed to find ColorBuffer:2256
E0414 17:14:12.520412 fd83000 FrameBuffer.cpp:3790] Failed to find ColorBuffer:2244
E0414 17:14:12.520417 fd83000 FrameBuffer.cpp:3790] Failed to find ColorBuffer:2257
E0414 17:14:12.520422 fd83000 FrameBuffer.cpp:3790] Failed to find ColorBuffer:2258
E0414 17:14:12.520445 fd83000 FrameBuffer.cpp:3790] Failed to find ColorBuffer:2245
E0414 17:14:12.520450 fd83000 FrameBuffer.cpp:3790] Failed to find ColorBuffer:2246
E0414 17:14:12.520455 fd83000 FrameBuffer.cpp:3790] Failed to find ColorBuffer:2247
E0414 17:14:12.520460 fd83000 FrameBuffer.cpp:3790] Failed to find ColorBuffer:2259
E0414 17:14:12.520465 fd83000 FrameBuffer.cpp:3790] Failed to find ColorBuffer:2260
E0414 17:14:12.520470 fd83000 FrameBuffer.cpp:3790] Failed to find ColorBuffer:2261
E0414 17:14:12.520475 fd83000 FrameBuffer.cpp:3790] Failed to find ColorBuffer:2248
E0414 17:14:12.520480 fd83000 FrameBuffer.cpp:3790] Failed to find ColorBuffer:2249
E0414 17:14:12.520485 fd83000 FrameBuffer.cpp:3790] Failed to find ColorBuffer:2250
E0414 17:14:12.520490 fd83000 FrameBuffer.cpp:3790] Failed to find ColorBuffer:2251
E0414 17:14:12.520495 fd83000 FrameBuffer.cpp:3790] Failed to find ColorBuffer:2252
E0414 17:14:12.520500 fd83000 FrameBuffer.cpp:3790] Failed to find ColorBuffer:2253
E0414 17:14:12.520505 fd83000 FrameBuffer.cpp:3790] Failed to find ColorBuffer:2243
E0414 17:14:12.520509 fd83000 FrameBuffer.cpp:3790] Failed to find ColorBuffer:2254
E0414 17:14:12.520514 fd83000 FrameBuffer.cpp:3790] Failed to find ColorBuffer:2255
E0414 17:14:12.520519 fd83000 FrameBuffer.cpp:3790] Failed to find ColorBuffer:2256
E0414 17:14:12.520524 fd83000 FrameBuffer.cpp:3790] Failed to find ColorBuffer:2244
E0414 17:14:12.520528 fd83000 FrameBuffer.cpp:3790] Failed to find ColorBuffer:2257
E0414 17:14:12.520532 fd83000 FrameBuffer.cpp:3790] Failed to find ColorBuffer:2258
E0414 17:14:12.520536 fd83000 FrameBuffer.cpp:3790] Failed to find ColorBuffer:2245
E0414 17:14:12.520542 fd83000 FrameBuffer.cpp:3790] Failed to find ColorBuffer:2246
E0414 17:14:12.520546 fd83000 FrameBuffer.cpp:3790] Failed to find ColorBuffer:2247
E0414 17:14:12.520551 fd83000 FrameBuffer.cpp:3790] Failed to find ColorBuffer:2259
E0414 17:14:12.520556 fd83000 FrameBuffer.cpp:3790] Failed to find ColorBuffer:2260
E0414 17:14:12.520561 fd83000 FrameBuffer.cpp:3790] Failed to find ColorBuffer:2261
E0414 17:14:12.520565 fd83000 FrameBuffer.cpp:3790] Failed to find ColorBuffer:2248
E0414 17:14:12.520570 fd83000 FrameBuffer.cpp:3790] Failed to find ColorBuffer:2249
E0414 17:14:12.520575 fd83000 FrameBuffer.cpp:3790] Failed to find ColorBuffer:2250
E0414 17:14:12.520579 fd83000 FrameBuffer.cpp:3790] Failed to find ColorBuffer:2251
E0414 17:14:12.520583 fd83000 FrameBuffer.cpp:3790] Failed to find ColorBuffer:2252
E0414 17:14:12.520587 fd83000 FrameBuffer.cpp:3790] Failed to find ColorBuffer:2253
E0414 17:14:12.520591 fd83000 FrameBuffer.cpp:3790] Failed to find ColorBuffer:2243
E0414 17:14:12.520595 fd83000 FrameBuffer.cpp:3790] Failed to find ColorBuffer:2254
E0414 17:14:12.520599 fd83000 FrameBuffer.cpp:3790] Failed to find ColorBuffer:2255
E0414 17:14:12.520603 fd83000 FrameBuffer.cpp:3790] Failed to find ColorBuffer:2256
E0414 17:14:12.520607 fd83000 FrameBuffer.cpp:3790] Failed to find ColorBuffer:2244
E0414 17:14:12.520611 fd83000 FrameBuffer.cpp:3790] Failed to find ColorBuffer:2257
E0414 17:14:12.520615 fd83000 FrameBuffer.cpp:3790] Failed to find ColorBuffer:2258
E0414 17:14:12.520619 fd83000 FrameBuffer.cpp:3790] Failed to find ColorBuffer:2245
E0414 17:14:12.520623 fd83000 FrameBuffer.cpp:3790] Failed to find ColorBuffer:2246
E0414 17:14:12.520626 fd83000 FrameBuffer.cpp:3790] Failed to find ColorBuffer:2247
E0414 17:14:12.520631 fd83000 FrameBuffer.cpp:3790] Failed to find ColorBuffer:2259
E0414 17:14:12.520636 fd83000 FrameBuffer.cpp:3790] Failed to find ColorBuffer:2260
E0414 17:14:12.520641 fd83000 FrameBuffer.cpp:3790] Failed to find ColorBuffer:2261
E0414 17:14:12.520645 fd83000 FrameBuffer.cpp:3790] Failed to find ColorBuffer:2248
E0414 17:14:12.520650 fd83000 FrameBuffer.cpp:3790] Failed to find ColorBuffer:2249
E0414 17:14:12.520655 fd83000 FrameBuffer.cpp:3790] Failed to find ColorBuffer:2250
E0414 17:14:12.520659 fd83000 FrameBuffer.cpp:3790] Failed to find ColorBuffer:2251
E0414 17:14:12.520664 fd83000 FrameBuffer.cpp:3790] Failed to find ColorBuffer:2252
E0414 17:14:12.520682 fd83000 FrameBuffer.cpp:3790] Failed to find ColorBuffer:2253
E0414 17:14:12.520686 fd83000 FrameBuffer.cpp:3790] Failed to find ColorBuffer:2243
E0414 17:14:12.520690 fd83000 FrameBuffer.cpp:3790] Failed to find ColorBuffer:2254
E0414 17:14:12.520694 fd83000 FrameBuffer.cpp:3790] Failed to find ColorBuffer:2255
E0414 17:14:12.520698 fd83000 FrameBuffer.cpp:3790] Failed to find ColorBuffer:2256
E0414 17:14:12.520702 fd83000 FrameBuffer.cpp:3790] Failed to find ColorBuffer:2244
E0414 17:14:12.520706 fd83000 FrameBuffer.cpp:3790] Failed to find ColorBuffer:2257
E0414 17:14:12.520710 fd83000 FrameBuffer.cpp:3790] Failed to find ColorBuffer:2258
E0414 17:14:12.520713 fd83000 FrameBuffer.cpp:3790] Failed to find ColorBuffer:2245
E0414 17:14:12.520718 fd83000 FrameBuffer.cpp:3790] Failed to find ColorBuffer:2246
E0414 17:14:12.520723 fd83000 FrameBuffer.cpp:3790] Failed to find ColorBuffer:2247
E0414 17:14:12.520728 fd83000 FrameBuffer.cpp:3790] Failed to find ColorBuffer:2259
E0414 17:14:12.520733 fd83000 FrameBuffer.cpp:3790] Failed to find ColorBuffer:2260
E0414 17:14:12.520736 fd83000 FrameBuffer.cpp:3790] Failed to find ColorBuffer:2261
E0414 17:14:12.520741 fd83000 FrameBuffer.cpp:3790] Failed to find ColorBuffer:2248
E0414 17:14:12.520746 fd83000 FrameBuffer.cpp:3790] Failed to find ColorBuffer:2249
E0414 17:14:12.520751 fd83000 FrameBuffer.cpp:3790] Failed to find ColorBuffer:2250
E0414 17:14:12.520756 fd83000 FrameBuffer.cpp:3790] Failed to find ColorBuffer:2251
E0414 17:14:12.520761 fd83000 FrameBuffer.cpp:3790] Failed to find ColorBuffer:2252
E0414 17:14:12.520766 fd83000 FrameBuffer.cpp:3790] Failed to find ColorBuffer:2253
E0414 17:14:12.520772 fd83000 FrameBuffer.cpp:3790] Failed to find ColorBuffer:2243
E0414 17:14:12.520776 fd83000 FrameBuffer.cpp:3790] Failed to find ColorBuffer:2254
E0414 17:14:12.520781 fd83000 FrameBuffer.cpp:3790] Failed to find ColorBuffer:2255
E0414 17:14:12.520785 fd83000 FrameBuffer.cpp:3790] Failed to find ColorBuffer:2256
E0414 17:14:12.520789 fd83000 FrameBuffer.cpp:3790] Failed to find ColorBuffer:2244
E0414 17:14:12.520793 fd83000 FrameBuffer.cpp:3790] Failed to find ColorBuffer:2257
E0414 17:14:12.520807 fd83000 FrameBuffer.cpp:3790] Failed to find ColorBuffer:2258
E0414 17:14:12.520812 fd83000 FrameBuffer.cpp:3790] Failed to find ColorBuffer:2245
E0414 17:14:12.520816 fd83000 FrameBuffer.cpp:3790] Failed to find ColorBuffer:2246
E0414 17:14:12.520819 fd83000 FrameBuffer.cpp:3790] Failed to find ColorBuffer:2247
E0414 17:14:12.520824 fd83000 FrameBuffer.cpp:3790] Failed to find ColorBuffer:2259
E0414 17:14:12.520827 fd83000 FrameBuffer.cpp:3790] Failed to find ColorBuffer:2260
E0414 17:14:12.520831 fd83000 FrameBuffer.cpp:3790] Failed to find ColorBuffer:2261
E0414 17:14:12.520835 fd83000 FrameBuffer.cpp:3790] Failed to find ColorBuffer:2248
E0414 17:14:12.520838 fd83000 FrameBuffer.cpp:3790] Failed to find ColorBuffer:2249
E0414 17:14:12.520842 fd83000 FrameBuffer.cpp:3790] Failed to find ColorBuffer:2250
E0414 17:14:12.520846 fd83000 FrameBuffer.cpp:3790] Failed to find ColorBuffer:2251
E0414 17:14:12.520850 fd83000 FrameBuffer.cpp:3790] Failed to find ColorBuffer:2252
E0414 17:14:12.520854 fd83000 FrameBuffer.cpp:3790] Failed to find ColorBuffer:2253
E0414 17:14:12.520857 fd83000 FrameBuffer.cpp:3790] Failed to find ColorBuffer:2243
E0414 17:14:12.520861 fd83000 FrameBuffer.cpp:3790] Failed to find ColorBuffer:2254
E0414 17:14:12.520865 fd83000 FrameBuffer.cpp:3790] Failed to find ColorBuffer:2255
E0414 17:14:12.520869 fd83000 FrameBuffer.cpp:3790] Failed to find ColorBuffer:2256
E0414 17:14:12.520872 fd83000 FrameBuffer.cpp:3790] Failed to find ColorBuffer:2244
E0414 17:14:12.520876 fd83000 FrameBuffer.cpp:3790] Failed to find ColorBuffer:2257
E0414 17:14:12.520880 fd83000 FrameBuffer.cpp:3790] Failed to find ColorBuffer:2258
E0414 17:14:12.520883 fd83000 FrameBuffer.cpp:3790] Failed to find ColorBuffer:2245
E0414 17:14:12.520887 fd83000 FrameBuffer.cpp:3790] Failed to find ColorBuffer:2246
E0414 17:14:12.520891 fd83000 FrameBuffer.cpp:3790] Failed to find ColorBuffer:2247
E0414 17:14:12.520912 fd83000 FrameBuffer.cpp:3790] Failed to find ColorBuffer:2259
E0414 17:14:12.520916 fd83000 FrameBuffer.cpp:3790] Failed to find ColorBuffer:2260
E0414 17:14:12.520921 fd83000 FrameBuffer.cpp:3790] Failed to find ColorBuffer:2261
E0414 17:14:12.520925 fd83000 FrameBuffer.cpp:3790] Failed to find ColorBuffer:2248
E0414 17:14:12.520929 fd83000 FrameBuffer.cpp:3790] Failed to find ColorBuffer:2249
E0414 17:14:12.520932 fd83000 FrameBuffer.cpp:3790] Failed to find ColorBuffer:2250
E0414 17:14:12.520936 fd83000 FrameBuffer.cpp:3790] Failed to find ColorBuffer:2251
INFO    | Warning: delivering touch release to same window QWindow(0x0) not QWidgetWindow(0x12b889de0, name="EmulatorContainerClassWindow") ((null):0, (null))
INFO    | Warning: skipping QEventPoint(id=1 ts=0 pos=0,0 scn=1128.32,111.266 gbl=1128.32,111.266 Released ellipse=(1x1 ∡ 0) vel=0,0 press=-1128.32,-111.266 last=-1128.32,-111.266 Δ 1128.32,111.266) : no target window ((null):0, (null))
INFO    | Warning: delivering touch release to same window QWindow(0x0) not QWidgetWindow(0x12b889de0, name="EmulatorContainerClassWindow") ((null):0, (null))
INFO    | Warning: skipping QEventPoint(id=0 ts=0 pos=0,0 scn=1122.09,367.423 gbl=1122.09,367.423 Released ellipse=(1x1 ∡ 0) vel=0,0 press=-1122.09,-367.423 last=-1122.09,-367.423 Δ 1122.09,367.423) : no target window ((null):0, (null))
E0414 17:15:45.543500 fd83000 FrameBuffer.cpp:3790] Failed to find ColorBuffer:2295
E0414 17:16:23.661628 fd83000 FrameBuffer.cpp:3790] Failed to find ColorBuffer:2317
E0414 17:16:23.663788 fd83000 FrameBuffer.cpp:3790] Failed to find ColorBuffer:2321
INFO    | Warning: delivering touch release to same window QWindow(0x0) not QWidgetWindow(0x12b889de0, name="EmulatorContainerClassWindow") ((null):0, (null))
INFO    | Warning: skipping QEventPoint(id=0 ts=0 pos=0,0 scn=1171.24,641.747 gbl=1171.24,641.747 Released ellipse=(1x1 ∡ 0) vel=0,0 press=-1171.24,-641.747 last=-1171.24,-641.747 Δ 1171.24,641.747) : no target window ((null):0, (null))
INFO    | Warning: delivering touch release to same window QWindow(0x0) not QWidgetWindow(0x12b889de0, name="EmulatorContainerClassWindow") ((null):0, (null))
INFO    | Warning: skipping QEventPoint(id=1 ts=0 pos=0,0 scn=1117.3,82.802 gbl=1117.3,82.802 Released ellipse=(1x1 ∡ 0) vel=0,0 press=-1117.3,-82.802 last=-1117.3,-82.802 Δ 1117.3,82.802) : no target window ((null):0, (null))
INFO    | Warning: skipping QEventPoint(id=2 ts=0 pos=0,0 scn=919.662,45.7235 gbl=919.662,45.7235 Released ellipse=(1x1 ∡ 0) vel=0,0 press=-919.662,-45.7235 last=-919.662,-45.7235 Δ 919.662,45.7235) : no target window ((null):0, (null))
INFO    | Warning: delivering touch release to same window QWindow(0x0) not QWidgetWindow(0x12b889de0, name="EmulatorContainerClassWindow") ((null):0, (null))
INFO    | Warning: skipping QEventPoint(id=0 ts=0 pos=0,0 scn=1246.29,52.1965 gbl=1246.29,52.1965 Released ellipse=(1x1 ∡ 0) vel=0,0 press=-1246.29,-52.1965 last=-1246.29,-52.1965 Δ 1246.29,52.1965) : no target window ((null):0, (null))
INFO    | Warning: skipping QEventPoint(id=1 ts=0 pos=0,0 scn=1439.25,144.355 gbl=1439.25,144.355 Released ellipse=(1x1 ∡ 0) vel=0,0 press=-1439.25,-144.355 last=-1439.25,-144.355 Δ 1439.25,144.355) : no target window ((null):0, (null))
E0414 17:18:00.153463 fd83000 FrameBuffer.cpp:3790] Failed to find ColorBuffer:2349
E0414 17:18:00.154065 fd83000 FrameBuffer.cpp:3790] Failed to find ColorBuffer:2347
E0414 17:18:00.154079 fd83000 FrameBuffer.cpp:3790] Failed to find ColorBuffer:2350
E0414 17:18:00.154085 fd83000 FrameBuffer.cpp:3790] Failed to find ColorBuffer:2349
E0414 17:18:00.154103 fd83000 FrameBuffer.cpp:3790] Failed to find ColorBuffer:2353
E0414 17:18:00.154109 fd83000 FrameBuffer.cpp:3790] Failed to find ColorBuffer:2347
E0414 17:18:00.154114 fd83000 FrameBuffer.cpp:3790] Failed to find ColorBuffer:2350
E0414 17:18:00.154118 fd83000 FrameBuffer.cpp:3790] Failed to find ColorBuffer:2354
E0414 17:18:00.154268 fd83000 FrameBuffer.cpp:3790] Failed to find ColorBuffer:2355
E0414 17:18:00.154663 fd83000 FrameBuffer.cpp:3790] Failed to find ColorBuffer:2356
E0414 17:18:00.154671 fd83000 FrameBuffer.cpp:3790] Failed to find ColorBuffer:2357
E0414 17:18:00.154675 fd83000 FrameBuffer.cpp:3790] Failed to find ColorBuffer:2358
E0414 17:18:00.154679 fd83000 FrameBuffer.cpp:3790] Failed to find ColorBuffer:2359
E0414 17:18:00.154683 fd83000 FrameBuffer.cpp:3790] Failed to find ColorBuffer:2360
E0414 17:18:00.154687 fd83000 FrameBuffer.cpp:3790] Failed to find ColorBuffer:2353
E0414 17:18:00.154691 fd83000 FrameBuffer.cpp:3790] Failed to find ColorBuffer:2349
E0414 17:18:00.154695 fd83000 FrameBuffer.cpp:3790] Failed to find ColorBuffer:2361
E0414 17:18:00.154698 fd83000 FrameBuffer.cpp:3790] Failed to find ColorBuffer:2362
E0414 17:18:00.154702 fd83000 FrameBuffer.cpp:3790] Failed to find ColorBuffer:2354
E0414 17:18:00.154706 fd83000 FrameBuffer.cpp:3790] Failed to find ColorBuffer:2355
E0414 17:18:00.154710 fd83000 FrameBuffer.cpp:3790] Failed to find ColorBuffer:2363
E0414 17:18:00.154714 fd83000 FrameBuffer.cpp:3790] Failed to find ColorBuffer:2364
E0414 17:18:00.154718 fd83000 FrameBuffer.cpp:3790] Failed to find ColorBuffer:2365
E0414 17:18:00.154722 fd83000 FrameBuffer.cpp:3790] Failed to find ColorBuffer:2366
E0414 17:18:00.154725 fd83000 FrameBuffer.cpp:3790] Failed to find ColorBuffer:2347
E0414 17:18:00.154729 fd83000 FrameBuffer.cpp:3790] Failed to find ColorBuffer:2367
E0414 17:18:00.154733 fd83000 FrameBuffer.cpp:3790] Failed to find ColorBuffer:2356
E0414 17:18:00.154739 fd83000 FrameBuffer.cpp:3790] Failed to find ColorBuffer:2368
E0414 17:18:00.154743 fd83000 FrameBuffer.cpp:3790] Failed to find ColorBuffer:2369
E0414 17:18:00.154747 fd83000 FrameBuffer.cpp:3790] Failed to find ColorBuffer:2370
E0414 17:18:00.154750 fd83000 FrameBuffer.cpp:3790] Failed to find ColorBuffer:2357
E0414 17:18:00.154754 fd83000 FrameBuffer.cpp:3790] Failed to find ColorBuffer:2358
E0414 17:18:00.154758 fd83000 FrameBuffer.cpp:3790] Failed to find ColorBuffer:2359
E0414 17:18:00.154761 fd83000 FrameBuffer.cpp:3790] Failed to find ColorBuffer:2350
E0414 17:18:00.154765 fd83000 FrameBuffer.cpp:3790] Failed to find ColorBuffer:2360
E0414 17:18:00.154769 fd83000 FrameBuffer.cpp:3790] Failed to find ColorBuffer:2353
E0414 17:18:00.154773 fd83000 FrameBuffer.cpp:3790] Failed to find ColorBuffer:2361
E0414 17:18:00.154776 fd83000 FrameBuffer.cpp:3790] Failed to find ColorBuffer:2349
E0414 17:18:00.154780 fd83000 FrameBuffer.cpp:3790] Failed to find ColorBuffer:2371
E0414 17:18:00.154784 fd83000 FrameBuffer.cpp:3790] Failed to find ColorBuffer:2362
E0414 17:18:00.154788 fd83000 FrameBuffer.cpp:3790] Failed to find ColorBuffer:2354
E0414 17:18:00.154791 fd83000 FrameBuffer.cpp:3790] Failed to find ColorBuffer:2347
E0414 17:18:00.154795 fd83000 FrameBuffer.cpp:3790] Failed to find ColorBuffer:2355
E0414 17:18:00.154799 fd83000 FrameBuffer.cpp:3790] Failed to find ColorBuffer:2363
E0414 17:18:00.154803 fd83000 FrameBuffer.cpp:3790] Failed to find ColorBuffer:2364
E0414 17:18:00.154825 fd83000 FrameBuffer.cpp:3790] Failed to find ColorBuffer:2350
E0414 17:18:00.154829 fd83000 FrameBuffer.cpp:3790] Failed to find ColorBuffer:2365
E0414 17:18:00.154836 fd83000 FrameBuffer.cpp:3790] Failed to find ColorBuffer:2349
E0414 17:18:00.154840 fd83000 FrameBuffer.cpp:3790] Failed to find ColorBuffer:2366
E0414 17:18:00.154844 fd83000 FrameBuffer.cpp:3790] Failed to find ColorBuffer:2347
E0414 17:18:00.154848 fd83000 FrameBuffer.cpp:3790] Failed to find ColorBuffer:2350
E0414 17:18:00.154852 fd83000 FrameBuffer.cpp:3790] Failed to find ColorBuffer:2367
E0414 17:18:00.154856 fd83000 FrameBuffer.cpp:3790] Failed to find ColorBuffer:2349
E0414 17:18:00.154861 fd83000 FrameBuffer.cpp:3790] Failed to find ColorBuffer:2347
E0414 17:18:00.154865 fd83000 FrameBuffer.cpp:3790] Failed to find ColorBuffer:2356
E0414 17:18:00.154869 fd83000 FrameBuffer.cpp:3790] Failed to find ColorBuffer:2350
E0414 17:18:00.154872 fd83000 FrameBuffer.cpp:3790] Failed to find ColorBuffer:2349
E0414 17:18:00.154876 fd83000 FrameBuffer.cpp:3790] Failed to find ColorBuffer:2368
E0414 17:18:00.154901 fd83000 FrameBuffer.cpp:3790] Failed to find ColorBuffer:2347
E0414 17:18:00.154938 fd83000 FrameBuffer.cpp:3790] Failed to find ColorBuffer:2369
E0414 17:18:00.154945 fd83000 FrameBuffer.cpp:3790] Failed to find ColorBuffer:2350
E0414 17:18:00.154949 fd83000 FrameBuffer.cpp:3790] Failed to find ColorBuffer:2370
E0414 17:18:00.154953 fd83000 FrameBuffer.cpp:3790] Failed to find ColorBuffer:2349
E0414 17:18:00.154958 fd83000 FrameBuffer.cpp:3790] Failed to find ColorBuffer:2347
E0414 17:18:00.154961 fd83000 FrameBuffer.cpp:3790] Failed to find ColorBuffer:2357
E0414 17:18:00.154966 fd83000 FrameBuffer.cpp:3790] Failed to find ColorBuffer:2350
E0414 17:18:00.154970 fd83000 FrameBuffer.cpp:3790] Failed to find ColorBuffer:2349
E0414 17:18:00.154974 fd83000 FrameBuffer.cpp:3790] Failed to find ColorBuffer:2358
E0414 17:18:00.154978 fd83000 FrameBuffer.cpp:3790] Failed to find ColorBuffer:2347
E0414 17:18:00.154982 fd83000 FrameBuffer.cpp:3790] Failed to find ColorBuffer:2350
E0414 17:18:00.154986 fd83000 FrameBuffer.cpp:3790] Failed to find ColorBuffer:2359
E0414 17:18:00.154990 fd83000 FrameBuffer.cpp:3790] Failed to find ColorBuffer:2349
E0414 17:18:00.154995 fd83000 FrameBuffer.cpp:3790] Failed to find ColorBuffer:2347
E0414 17:18:00.154998 fd83000 FrameBuffer.cpp:3790] Failed to find ColorBuffer:2360
E0414 17:18:00.155002 fd83000 FrameBuffer.cpp:3790] Failed to find ColorBuffer:2350
E0414 17:18:00.155006 fd83000 FrameBuffer.cpp:3790] Failed to find ColorBuffer:2349
E0414 17:18:00.155010 fd83000 FrameBuffer.cpp:3790] Failed to find ColorBuffer:2353
E0414 17:18:00.155015 fd83000 FrameBuffer.cpp:3790] Failed to find ColorBuffer:2361
E0414 17:18:00.155019 fd83000 FrameBuffer.cpp:3790] Failed to find ColorBuffer:2347
E0414 17:18:00.155023 fd83000 FrameBuffer.cpp:3790] Failed to find ColorBuffer:2371
E0414 17:18:00.155027 fd83000 FrameBuffer.cpp:3790] Failed to find ColorBuffer:2362
E0414 17:18:00.155031 fd83000 FrameBuffer.cpp:3790] Failed to find ColorBuffer:2354
E0414 17:18:00.155034 fd83000 FrameBuffer.cpp:3790] Failed to find ColorBuffer:2355
E0414 17:18:00.155038 fd83000 FrameBuffer.cpp:3790] Failed to find ColorBuffer:2363
E0414 17:18:00.155051 fd83000 FrameBuffer.cpp:3790] Failed to find ColorBuffer:2364
E0414 17:18:00.155055 fd83000 FrameBuffer.cpp:3790] Failed to find ColorBuffer:2365
E0414 17:18:00.155059 fd83000 FrameBuffer.cpp:3790] Failed to find ColorBuffer:2366
E0414 17:18:00.155063 fd83000 FrameBuffer.cpp:3790] Failed to find ColorBuffer:2350
E0414 17:18:00.155067 fd83000 FrameBuffer.cpp:3790] Failed to find ColorBuffer:2367
E0414 17:18:00.155071 fd83000 FrameBuffer.cpp:3790] Failed to find ColorBuffer:2356
E0414 17:18:00.155074 fd83000 FrameBuffer.cpp:3790] Failed to find ColorBuffer:2368
E0414 17:18:00.155078 fd83000 FrameBuffer.cpp:3790] Failed to find ColorBuffer:2369
E0414 17:18:00.155082 fd83000 FrameBuffer.cpp:3790] Failed to find ColorBuffer:2370
E0414 17:18:00.155086 fd83000 FrameBuffer.cpp:3790] Failed to find ColorBuffer:2357
E0414 17:18:00.155089 fd83000 FrameBuffer.cpp:3790] Failed to find ColorBuffer:2349
E0414 17:18:00.155093 fd83000 FrameBuffer.cpp:3790] Failed to find ColorBuffer:2358
E0414 17:18:00.155097 fd83000 FrameBuffer.cpp:3790] Failed to find ColorBuffer:2359
E0414 17:18:00.155100 fd83000 FrameBuffer.cpp:3790] Failed to find ColorBuffer:2360
E0414 17:18:00.155104 fd83000 FrameBuffer.cpp:3790] Failed to find ColorBuffer:2353
E0414 17:18:00.155108 fd83000 FrameBuffer.cpp:3790] Failed to find ColorBuffer:2361
E0414 17:18:00.155111 fd83000 FrameBuffer.cpp:3790] Failed to find ColorBuffer:2371
E0414 17:18:00.155115 fd83000 FrameBuffer.cpp:3790] Failed to find ColorBuffer:2362
E0414 17:18:00.155119 fd83000 FrameBuffer.cpp:3790] Failed to find ColorBuffer:2354
E0414 17:18:00.155122 fd83000 FrameBuffer.cpp:3790] Failed to find ColorBuffer:2347
E0414 17:18:00.155126 fd83000 FrameBuffer.cpp:3790] Failed to find ColorBuffer:2355
E0414 17:18:00.155130 fd83000 FrameBuffer.cpp:3790] Failed to find ColorBuffer:2363
E0414 17:18:00.155134 fd83000 FrameBuffer.cpp:3790] Failed to find ColorBuffer:2364
E0414 17:18:00.155151 fd83000 FrameBuffer.cpp:3790] Failed to find ColorBuffer:2365
E0414 17:18:00.155155 fd83000 FrameBuffer.cpp:3790] Failed to find ColorBuffer:2366
E0414 17:18:00.155159 fd83000 FrameBuffer.cpp:3790] Failed to find ColorBuffer:2367
E0414 17:18:00.155162 fd83000 FrameBuffer.cpp:3790] Failed to find ColorBuffer:2356
E0414 17:18:00.155166 fd83000 FrameBuffer.cpp:3790] Failed to find ColorBuffer:2368
E0414 17:18:00.155171 fd83000 FrameBuffer.cpp:3790] Failed to find ColorBuffer:2369
E0414 17:18:00.155174 fd83000 FrameBuffer.cpp:3790] Failed to find ColorBuffer:2350
E0414 17:18:00.155178 fd83000 FrameBuffer.cpp:3790] Failed to find ColorBuffer:2370
E0414 17:18:00.155182 fd83000 FrameBuffer.cpp:3790] Failed to find ColorBuffer:2357
E0414 17:18:00.155186 fd83000 FrameBuffer.cpp:3790] Failed to find ColorBuffer:2358
E0414 17:18:00.155190 fd83000 FrameBuffer.cpp:3790] Failed to find ColorBuffer:2359
E0414 17:18:00.155194 fd83000 FrameBuffer.cpp:3790] Failed to find ColorBuffer:2360
E0414 17:18:00.155198 fd83000 FrameBuffer.cpp:3790] Failed to find ColorBuffer:2353
E0414 17:18:00.155202 fd83000 FrameBuffer.cpp:3790] Failed to find ColorBuffer:2361
E0414 17:18:00.155206 fd83000 FrameBuffer.cpp:3790] Failed to find ColorBuffer:2349
E0414 17:18:00.155210 fd83000 FrameBuffer.cpp:3790] Failed to find ColorBuffer:2371
E0414 17:18:00.155213 fd83000 FrameBuffer.cpp:3790] Failed to find ColorBuffer:2362
E0414 17:18:00.155217 fd83000 FrameBuffer.cpp:3790] Failed to find ColorBuffer:2354
E0414 17:18:00.155222 fd83000 FrameBuffer.cpp:3790] Failed to find ColorBuffer:2355
E0414 17:18:00.155226 fd83000 FrameBuffer.cpp:3790] Failed to find ColorBuffer:2363
E0414 17:18:00.155231 fd83000 FrameBuffer.cpp:3790] Failed to find ColorBuffer:2347
E0414 17:18:00.155235 fd83000 FrameBuffer.cpp:3790] Failed to find ColorBuffer:2364
E0414 17:18:00.155241 fd83000 FrameBuffer.cpp:3790] Failed to find ColorBuffer:2365
E0414 17:18:00.155246 fd83000 FrameBuffer.cpp:3790] Failed to find ColorBuffer:2366
E0414 17:18:00.155251 fd83000 FrameBuffer.cpp:3790] Failed to find ColorBuffer:2367
E0414 17:18:00.155255 fd83000 FrameBuffer.cpp:3790] Failed to find ColorBuffer:2356
E0414 17:18:00.155260 fd83000 FrameBuffer.cpp:3790] Failed to find ColorBuffer:2368
E0414 17:18:00.155265 fd83000 FrameBuffer.cpp:3790] Failed to find ColorBuffer:2369
E0414 17:18:00.155270 fd83000 FrameBuffer.cpp:3790] Failed to find ColorBuffer:2370
E0414 17:18:00.155274 fd83000 FrameBuffer.cpp:3790] Failed to find ColorBuffer:2350
E0414 17:18:00.155278 fd83000 FrameBuffer.cpp:3790] Failed to find ColorBuffer:2357
E0414 17:18:00.155283 fd83000 FrameBuffer.cpp:3790] Failed to find ColorBuffer:2358
E0414 17:18:00.155288 fd83000 FrameBuffer.cpp:3790] Failed to find ColorBuffer:2359
E0414 17:18:00.155293 fd83000 FrameBuffer.cpp:3790] Failed to find ColorBuffer:2360
E0414 17:18:00.155298 fd83000 FrameBuffer.cpp:3790] Failed to find ColorBuffer:2353
E0414 17:18:00.155302 fd83000 FrameBuffer.cpp:3790] Failed to find ColorBuffer:2361
E0414 17:18:00.155307 fd83000 FrameBuffer.cpp:3790] Failed to find ColorBuffer:2371
E0414 17:18:00.155312 fd83000 FrameBuffer.cpp:3790] Failed to find ColorBuffer:2362
E0414 17:18:00.155316 fd83000 FrameBuffer.cpp:3790] Failed to find ColorBuffer:2349
E0414 17:18:00.155321 fd83000 FrameBuffer.cpp:3790] Failed to find ColorBuffer:2354
E0414 17:18:00.155326 fd83000 FrameBuffer.cpp:3790] Failed to find ColorBuffer:2355
E0414 17:18:00.155331 fd83000 FrameBuffer.cpp:3790] Failed to find ColorBuffer:2363
E0414 17:18:00.155336 fd83000 FrameBuffer.cpp:3790] Failed to find ColorBuffer:2364
E0414 17:18:00.155340 fd83000 FrameBuffer.cpp:3790] Failed to find ColorBuffer:2365
E0414 17:18:00.155345 fd83000 FrameBuffer.cpp:3790] Failed to find ColorBuffer:2366
E0414 17:18:00.155350 fd83000 FrameBuffer.cpp:3790] Failed to find ColorBuffer:2367
E0414 17:18:00.155355 fd83000 FrameBuffer.cpp:3790] Failed to find ColorBuffer:2356
E0414 17:18:00.155359 fd83000 FrameBuffer.cpp:3790] Failed to find ColorBuffer:2347
E0414 17:18:00.155363 fd83000 FrameBuffer.cpp:3790] Failed to find ColorBuffer:2368
E0414 17:18:00.155379 fd83000 FrameBuffer.cpp:3790] Failed to find ColorBuffer:2369
E0414 17:18:00.155384 fd83000 FrameBuffer.cpp:3790] Failed to find ColorBuffer:2370
E0414 17:18:00.155389 fd83000 FrameBuffer.cpp:3790] Failed to find ColorBuffer:2357
E0414 17:18:00.155393 fd83000 FrameBuffer.cpp:3790] Failed to find ColorBuffer:2358
E0414 17:18:00.155398 fd83000 FrameBuffer.cpp:3790] Failed to find ColorBuffer:2359
E0414 17:18:00.155402 fd83000 FrameBuffer.cpp:3790] Failed to find ColorBuffer:2350
E0414 17:18:00.155406 fd83000 FrameBuffer.cpp:3790] Failed to find ColorBuffer:2360
E0414 17:18:00.155409 fd83000 FrameBuffer.cpp:3790] Failed to find ColorBuffer:2353
E0414 17:18:00.155413 fd83000 FrameBuffer.cpp:3790] Failed to find ColorBuffer:2361
E0414 17:18:00.155417 fd83000 FrameBuffer.cpp:3790] Failed to find ColorBuffer:2371
E0414 17:18:00.155420 fd83000 FrameBuffer.cpp:3790] Failed to find ColorBuffer:2362
E0414 17:18:00.155424 fd83000 FrameBuffer.cpp:3790] Failed to find ColorBuffer:2354
E0414 17:18:00.155428 fd83000 FrameBuffer.cpp:3790] Failed to find ColorBuffer:2349
E0414 17:18:00.155432 fd83000 FrameBuffer.cpp:3790] Failed to find ColorBuffer:2355
E0414 17:18:00.155435 fd83000 FrameBuffer.cpp:3790] Failed to find ColorBuffer:2363
E0414 17:18:00.155439 fd83000 FrameBuffer.cpp:3790] Failed to find ColorBuffer:2364
E0414 17:18:00.155443 fd83000 FrameBuffer.cpp:3790] Failed to find ColorBuffer:2365
E0414 17:18:00.155446 fd83000 FrameBuffer.cpp:3790] Failed to find ColorBuffer:2366
E0414 17:18:00.155450 fd83000 FrameBuffer.cpp:3790] Failed to find ColorBuffer:2367
E0414 17:18:00.155454 fd83000 FrameBuffer.cpp:3790] Failed to find ColorBuffer:2356
E0414 17:18:00.155458 fd83000 FrameBuffer.cpp:3790] Failed to find ColorBuffer:2368
E0414 17:18:00.155462 fd83000 FrameBuffer.cpp:3790] Failed to find ColorBuffer:2347
E0414 17:18:00.155466 fd83000 FrameBuffer.cpp:3790] Failed to find ColorBuffer:2369
E0414 17:18:00.155469 fd83000 FrameBuffer.cpp:3790] Failed to find ColorBuffer:2370
E0414 17:18:00.155473 fd83000 FrameBuffer.cpp:3790] Failed to find ColorBuffer:2357
E0414 17:18:00.155477 fd83000 FrameBuffer.cpp:3790] Failed to find ColorBuffer:2358
E0414 17:18:00.155480 fd83000 FrameBuffer.cpp:3790] Failed to find ColorBuffer:2359
E0414 17:18:00.155484 fd83000 FrameBuffer.cpp:3790] Failed to find ColorBuffer:2360
E0414 17:18:00.155488 fd83000 FrameBuffer.cpp:3790] Failed to find ColorBuffer:2353
E0414 17:18:00.155491 fd83000 FrameBuffer.cpp:3790] Failed to find ColorBuffer:2361
E0414 17:18:00.155495 fd83000 FrameBuffer.cpp:3790] Failed to find ColorBuffer:2350
E0414 17:18:00.155499 fd83000 FrameBuffer.cpp:3790] Failed to find ColorBuffer:2371
E0414 17:18:00.155502 fd83000 FrameBuffer.cpp:3790] Failed to find ColorBuffer:2349
E0414 17:18:00.155506 fd83000 FrameBuffer.cpp:3790] Failed to find ColorBuffer:2362
E0414 17:18:00.155510 fd83000 FrameBuffer.cpp:3790] Failed to find ColorBuffer:2354
E0414 17:18:00.155513 fd83000 FrameBuffer.cpp:3790] Failed to find ColorBuffer:2355
E0414 17:18:00.155517 fd83000 FrameBuffer.cpp:3790] Failed to find ColorBuffer:2363
E0414 17:18:00.155521 fd83000 FrameBuffer.cpp:3790] Failed to find ColorBuffer:2364
E0414 17:18:00.155525 fd83000 FrameBuffer.cpp:3790] Failed to find ColorBuffer:2365
E0414 17:18:00.155528 fd83000 FrameBuffer.cpp:3790] Failed to find ColorBuffer:2366
E0414 17:18:00.155532 fd83000 FrameBuffer.cpp:3790] Failed to find ColorBuffer:2367
E0414 17:18:00.155536 fd83000 FrameBuffer.cpp:3790] Failed to find ColorBuffer:2356
E0414 17:18:00.155539 fd83000 FrameBuffer.cpp:3790] Failed to find ColorBuffer:2368
E0414 17:18:00.155543 fd83000 FrameBuffer.cpp:3790] Failed to find ColorBuffer:2369
E0414 17:18:00.155547 fd83000 FrameBuffer.cpp:3790] Failed to find ColorBuffer:2370
E0414 17:18:00.155550 fd83000 FrameBuffer.cpp:3790] Failed to find ColorBuffer:2357
E0414 17:18:00.155554 fd83000 FrameBuffer.cpp:3790] Failed to find ColorBuffer:2358
E0414 17:18:00.155558 fd83000 FrameBuffer.cpp:3790] Failed to find ColorBuffer:2359
E0414 17:18:00.155572 fd83000 FrameBuffer.cpp:3790] Failed to find ColorBuffer:2360
E0414 17:18:00.155576 fd83000 FrameBuffer.cpp:3790] Failed to find ColorBuffer:2353
E0414 17:18:00.155580 fd83000 FrameBuffer.cpp:3790] Failed to find ColorBuffer:2361
E0414 17:18:00.155584 fd83000 FrameBuffer.cpp:3790] Failed to find ColorBuffer:2371
E0414 17:18:00.155587 fd83000 FrameBuffer.cpp:3790] Failed to find ColorBuffer:2362
E0414 17:18:00.155591 fd83000 FrameBuffer.cpp:3790] Failed to find ColorBuffer:2354
E0414 17:18:00.155595 fd83000 FrameBuffer.cpp:3790] Failed to find ColorBuffer:2355
E0414 17:18:00.155598 fd83000 FrameBuffer.cpp:3790] Failed to find ColorBuffer:2363
E0414 17:18:00.155602 fd83000 FrameBuffer.cpp:3790] Failed to find ColorBuffer:2364
E0414 17:18:00.155606 fd83000 FrameBuffer.cpp:3790] Failed to find ColorBuffer:2365
E0414 17:18:00.155609 fd83000 FrameBuffer.cpp:3790] Failed to find ColorBuffer:2366
E0414 17:18:00.155613 fd83000 FrameBuffer.cpp:3790] Failed to find ColorBuffer:2367
E0414 17:18:00.155617 fd83000 FrameBuffer.cpp:3790] Failed to find ColorBuffer:2356
E0414 17:18:00.155620 fd83000 FrameBuffer.cpp:3790] Failed to find ColorBuffer:2368
E0414 17:18:00.155624 fd83000 FrameBuffer.cpp:3790] Failed to find ColorBuffer:2369
E0414 17:18:00.155628 fd83000 FrameBuffer.cpp:3790] Failed to find ColorBuffer:2370
E0414 17:18:00.155631 fd83000 FrameBuffer.cpp:3790] Failed to find ColorBuffer:2357
E0414 17:18:00.155635 fd83000 FrameBuffer.cpp:3790] Failed to find ColorBuffer:2358
E0414 17:18:00.155639 fd83000 FrameBuffer.cpp:3790] Failed to find ColorBuffer:2359
E0414 17:18:00.155643 fd83000 FrameBuffer.cpp:3790] Failed to find ColorBuffer:2360
E0414 17:18:00.155646 fd83000 FrameBuffer.cpp:3790] Failed to find ColorBuffer:2353
E0414 17:18:00.155650 fd83000 FrameBuffer.cpp:3790] Failed to find ColorBuffer:2361
E0414 17:18:00.155654 fd83000 FrameBuffer.cpp:3790] Failed to find ColorBuffer:2371
E0414 17:18:00.155657 fd83000 FrameBuffer.cpp:3790] Failed to find ColorBuffer:2362
E0414 17:18:00.155661 fd83000 FrameBuffer.cpp:3790] Failed to find ColorBuffer:2354
E0414 17:18:00.155665 fd83000 FrameBuffer.cpp:3790] Failed to find ColorBuffer:2355
E0414 17:18:00.155668 fd83000 FrameBuffer.cpp:3790] Failed to find ColorBuffer:2363
E0414 17:18:00.155672 fd83000 FrameBuffer.cpp:3790] Failed to find ColorBuffer:2364
E0414 17:18:00.155676 fd83000 FrameBuffer.cpp:3790] Failed to find ColorBuffer:2365
E0414 17:18:00.155679 fd83000 FrameBuffer.cpp:3790] Failed to find ColorBuffer:2366
E0414 17:18:00.155683 fd83000 FrameBuffer.cpp:3790] Failed to find ColorBuffer:2367
E0414 17:18:00.155687 fd83000 FrameBuffer.cpp:3790] Failed to find ColorBuffer:2356
E0414 17:18:00.155691 fd83000 FrameBuffer.cpp:3790] Failed to find ColorBuffer:2368
E0414 17:18:00.155695 fd83000 FrameBuffer.cpp:3790] Failed to find ColorBuffer:2369
E0414 17:18:00.155700 fd83000 FrameBuffer.cpp:3790] Failed to find ColorBuffer:2370
E0414 17:18:00.155705 fd83000 FrameBuffer.cpp:3790] Failed to find ColorBuffer:2357
E0414 17:18:00.155709 fd83000 FrameBuffer.cpp:3790] Failed to find ColorBuffer:2358
E0414 17:18:00.155714 fd83000 FrameBuffer.cpp:3790] Failed to find ColorBuffer:2359
E0414 17:18:00.155719 fd83000 FrameBuffer.cpp:3790] Failed to find ColorBuffer:2360
E0414 17:18:00.155723 fd83000 FrameBuffer.cpp:3790] Failed to find ColorBuffer:2353
E0414 17:18:00.155728 fd83000 FrameBuffer.cpp:3790] Failed to find ColorBuffer:2361
E0414 17:18:00.155732 fd83000 FrameBuffer.cpp:3790] Failed to find ColorBuffer:2371
E0414 17:18:00.155735 fd83000 FrameBuffer.cpp:3790] Failed to find ColorBuffer:2362
E0414 17:18:00.155739 fd83000 FrameBuffer.cpp:3790] Failed to find ColorBuffer:2354
E0414 17:18:00.155743 fd83000 FrameBuffer.cpp:3790] Failed to find ColorBuffer:2355
E0414 17:18:00.155747 fd83000 FrameBuffer.cpp:3790] Failed to find ColorBuffer:2363
E0414 17:18:00.155750 fd83000 FrameBuffer.cpp:3790] Failed to find ColorBuffer:2364
E0414 17:18:00.155754 fd83000 FrameBuffer.cpp:3790] Failed to find ColorBuffer:2365
E0414 17:18:00.155758 fd83000 FrameBuffer.cpp:3790] Failed to find ColorBuffer:2366
E0414 17:18:00.155773 fd83000 FrameBuffer.cpp:3790] Failed to find ColorBuffer:2367
E0414 17:18:00.155776 fd83000 FrameBuffer.cpp:3790] Failed to find ColorBuffer:2356
E0414 17:18:00.155780 fd83000 FrameBuffer.cpp:3790] Failed to find ColorBuffer:2368
E0414 17:18:00.155784 fd83000 FrameBuffer.cpp:3790] Failed to find ColorBuffer:2347
E0414 17:18:00.155788 fd83000 FrameBuffer.cpp:3790] Failed to find ColorBuffer:2369
E0414 17:18:00.155791 fd83000 FrameBuffer.cpp:3790] Failed to find ColorBuffer:2370
E0414 17:18:00.155795 fd83000 FrameBuffer.cpp:3790] Failed to find ColorBuffer:2357
E0414 17:18:00.155799 fd83000 FrameBuffer.cpp:3790] Failed to find ColorBuffer:2358
E0414 17:18:00.155802 fd83000 FrameBuffer.cpp:3790] Failed to find ColorBuffer:2359
E0414 17:18:00.155806 fd83000 FrameBuffer.cpp:3790] Failed to find ColorBuffer:2360
E0414 17:18:00.155810 fd83000 FrameBuffer.cpp:3790] Failed to find ColorBuffer:2350
E0414 17:18:00.155813 fd83000 FrameBuffer.cpp:3790] Failed to find ColorBuffer:2353
E0414 17:18:00.155817 fd83000 FrameBuffer.cpp:3790] Failed to find ColorBuffer:2349
E0414 17:18:00.155821 fd83000 FrameBuffer.cpp:3790] Failed to find ColorBuffer:2347
E0414 17:18:00.155824 fd83000 FrameBuffer.cpp:3790] Failed to find ColorBuffer:2361
E0414 17:18:00.155828 fd83000 FrameBuffer.cpp:3790] Failed to find ColorBuffer:2350
E0414 17:18:00.155832 fd83000 FrameBuffer.cpp:3790] Failed to find ColorBuffer:2349
E0414 17:18:00.155836 fd83000 FrameBuffer.cpp:3790] Failed to find ColorBuffer:2371
E0414 17:18:00.155840 fd83000 FrameBuffer.cpp:3790] Failed to find ColorBuffer:2347
E0414 17:18:00.155844 fd83000 FrameBuffer.cpp:3790] Failed to find ColorBuffer:2350
E0414 17:18:00.155848 fd83000 FrameBuffer.cpp:3790] Failed to find ColorBuffer:2362
E0414 17:18:00.155852 fd83000 FrameBuffer.cpp:3790] Failed to find ColorBuffer:2349
E0414 17:18:00.155856 fd83000 FrameBuffer.cpp:3790] Failed to find ColorBuffer:2347
E0414 17:18:00.155860 fd83000 FrameBuffer.cpp:3790] Failed to find ColorBuffer:2354
E0414 17:18:00.155864 fd83000 FrameBuffer.cpp:3790] Failed to find ColorBuffer:2350
E0414 17:18:00.155868 fd83000 FrameBuffer.cpp:3790] Failed to find ColorBuffer:2349
E0414 17:18:00.155872 fd83000 FrameBuffer.cpp:3790] Failed to find ColorBuffer:2355
E0414 17:18:00.155876 fd83000 FrameBuffer.cpp:3790] Failed to find ColorBuffer:2347
E0414 17:18:00.155880 fd83000 FrameBuffer.cpp:3790] Failed to find ColorBuffer:2350
E0414 17:18:00.155884 fd83000 FrameBuffer.cpp:3790] Failed to find ColorBuffer:2363
E0414 17:18:00.155888 fd83000 FrameBuffer.cpp:3790] Failed to find ColorBuffer:2349
E0414 17:18:00.155892 fd83000 FrameBuffer.cpp:3790] Failed to find ColorBuffer:2347
E0414 17:18:00.155896 fd83000 FrameBuffer.cpp:3790] Failed to find ColorBuffer:2364
E0414 17:18:00.155900 fd83000 FrameBuffer.cpp:3790] Failed to find ColorBuffer:2350
E0414 17:18:00.155904 fd83000 FrameBuffer.cpp:3790] Failed to find ColorBuffer:2349
E0414 17:18:00.155908 fd83000 FrameBuffer.cpp:3790] Failed to find ColorBuffer:2365
E0414 17:18:00.155912 fd83000 FrameBuffer.cpp:3790] Failed to find ColorBuffer:2347
E0414 17:18:00.155917 fd83000 FrameBuffer.cpp:3790] Failed to find ColorBuffer:2350
E0414 17:18:00.155920 fd83000 FrameBuffer.cpp:3790] Failed to find ColorBuffer:2366
E0414 17:18:00.156303 fd83000 FrameBuffer.cpp:3790] Failed to find ColorBuffer:2367
E0414 17:18:00.156314 fd83000 FrameBuffer.cpp:3790] Failed to find ColorBuffer:2356
E0414 17:18:00.156318 fd83000 FrameBuffer.cpp:3790] Failed to find ColorBuffer:2368
E0414 17:18:00.156322 fd83000 FrameBuffer.cpp:3790] Failed to find ColorBuffer:2369
E0414 17:18:00.156326 fd83000 FrameBuffer.cpp:3790] Failed to find ColorBuffer:2370
E0414 17:18:00.156393 fd83000 FrameBuffer.cpp:3790] Failed to find ColorBuffer:2357
E0414 17:18:00.156442 fd83000 FrameBuffer.cpp:3790] Failed to find ColorBuffer:2358
E0414 17:18:00.156466 fd83000 FrameBuffer.cpp:3790] Failed to find ColorBuffer:2359
E0414 17:18:00.156482 fd83000 FrameBuffer.cpp:3790] Failed to find ColorBuffer:2360
E0414 17:18:00.156502 fd83000 FrameBuffer.cpp:3790] Failed to find ColorBuffer:2353
E0414 17:18:00.156574 fd83000 FrameBuffer.cpp:3790] Failed to find ColorBuffer:2349
E0414 17:18:00.156590 fd83000 FrameBuffer.cpp:3790] Failed to find ColorBuffer:2361
E0414 17:18:00.156605 fd83000 FrameBuffer.cpp:3790] Failed to find ColorBuffer:2371
E0414 17:18:00.156618 fd83000 FrameBuffer.cpp:3790] Failed to find ColorBuffer:2362
E0414 17:18:00.156638 fd83000 FrameBuffer.cpp:3790] Failed to find ColorBuffer:2354
E0414 17:18:00.156654 fd83000 FrameBuffer.cpp:3790] Failed to find ColorBuffer:2355
E0414 17:27:26.243925 fd83000 FrameBuffer.cpp:3790] Failed to find ColorBuffer:2412
E0414 17:27:26.244834 fd83000 FrameBuffer.cpp:3790] Failed to find ColorBuffer:2416
E0414 17:29:03.815193 fd83000 FrameBuffer.cpp:3790] Failed to find ColorBuffer:2453
INFO    | Warning: delivering touch release to same window QWindow(0x0) not QWidgetWindow(0x12b889de0, name="EmulatorContainerClassWindow") ((null):0, (null))
INFO    | Warning: skipping QEventPoint(id=0 ts=0 pos=0,0 scn=996.084,658.243 gbl=996.084,658.243 Released ellipse=(1x1 ∡ 0) vel=0,0 press=-996.084,-658.243 last=-996.084,-658.243 Δ 996.084,658.243) : no target window ((null):0, (null))
E0414 17:29:44.657441 fd83000 FrameBuffer.cpp:3790] Failed to find ColorBuffer:2468
E0414 17:29:44.658345 fd83000 FrameBuffer.cpp:3790] Failed to find ColorBuffer:2472
E0414 17:29:51.224835 fd83000 FrameBuffer.cpp:3790] Failed to find ColorBuffer:2522
E0414 17:29:51.225146 fd83000 FrameBuffer.cpp:3790] Failed to find ColorBuffer:2522
INFO    | Warning: delivering touch release to same window QWindow(0x0) not QWidgetWindow(0x12b889de0, name="EmulatorContainerClassWindow") ((null):0, (null))
INFO    | Warning: skipping QEventPoint(id=0 ts=0 pos=0,0 scn=1034,254.103 gbl=1034,254.103 Released ellipse=(1x1 ∡ 0) vel=0,0 press=-1034,-254.103 last=-1034,-254.103 Δ 1034,254.103) : no target window ((null):0, (null))
E0414 17:32:25.361066 fd83000 FrameBuffer.cpp:3790] Failed to find ColorBuffer:2538
E0414 17:32:25.361627 fd83000 FrameBuffer.cpp:3790] Failed to find ColorBuffer:2542
E0414 17:33:34.672297 fd83000 FrameBuffer.cpp:3790] Failed to find ColorBuffer:2574
E0414 17:33:34.672809 fd83000 FrameBuffer.cpp:3790] Failed to find ColorBuffer:2577
E0414 17:33:34.672835 fd83000 FrameBuffer.cpp:3790] Failed to find ColorBuffer:2576
INFO    | Warning: delivering touch release to same window QWindow(0x0) not QWidgetWindow(0x12b889de0, name="EmulatorContainerClassWindow") ((null):0, (null))
INFO    | Warning: skipping QEventPoint(id=0 ts=0 pos=0,0 scn=1096.28,382.228 gbl=1096.28,382.228 Released ellipse=(1x1 ∡ 0) vel=0,0 press=-1096.28,-382.228 last=-1096.28,-382.228 Δ 1096.28,382.228) : no target window ((null):0, (null))
E0414 17:35:58.402817 fd83000 FrameBuffer.cpp:3790] Failed to find ColorBuffer:2581
E0414 17:35:58.403445 fd83000 FrameBuffer.cpp:3790] Failed to find ColorBuffer:2580
E0414 17:35:58.403467 fd83000 FrameBuffer.cpp:3790] Failed to find ColorBuffer:2581
E0414 17:35:58.403474 fd83000 FrameBuffer.cpp:3790] Failed to find ColorBuffer:2580
E0414 17:36:18.736844 fd83000 FrameBuffer.cpp:3790] Failed to find ColorBuffer:2615
E0414 17:36:18.737336 fd83000 FrameBuffer.cpp:3790] Failed to find ColorBuffer:2619
E0414 17:44:13.425954 fd83000 FrameBuffer.cpp:3790] Failed to find ColorBuffer:2686
E0414 17:44:13.426686 fd83000 FrameBuffer.cpp:3790] Failed to find ColorBuffer:2690
E0414 17:44:16.681975 fd83000 FrameBuffer.cpp:3790] Failed to find ColorBuffer:2685
E0414 17:44:16.682037 fd83000 FrameBuffer.cpp:3790] Failed to find ColorBuffer:2684
E0414 17:44:16.682051 fd83000 FrameBuffer.cpp:3790] Failed to find ColorBuffer:2682
E0414 17:44:16.682085 fd83000 FrameBuffer.cpp:3790] Failed to find ColorBuffer:2685
E0414 17:44:16.682097 fd83000 FrameBuffer.cpp:3790] Failed to find ColorBuffer:2684
E0414 17:44:16.682559 fd83000 FrameBuffer.cpp:3790] Failed to find ColorBuffer:2682
E0414 17:44:16.682591 fd83000 FrameBuffer.cpp:3790] Failed to find ColorBuffer:2685
E0414 17:44:16.682603 fd83000 FrameBuffer.cpp:3790] Failed to find ColorBuffer:2684
E0414 17:44:16.682614 fd83000 FrameBuffer.cpp:3790] Failed to find ColorBuffer:2682
E0414 17:44:16.682694 fd83000 FrameBuffer.cpp:3790] Failed to find ColorBuffer:2685
E0414 17:44:16.682704 fd83000 FrameBuffer.cpp:3790] Failed to find ColorBuffer:2684
E0414 17:44:16.682714 fd83000 FrameBuffer.cpp:3790] Failed to find ColorBuffer:2682
E0414 17:47:48.672126 fd83000 FrameBuffer.cpp:3790] Failed to find ColorBuffer:2721
E0414 17:47:48.686492 fd83000 FrameBuffer.cpp:3790] Failed to find ColorBuffer:2720
E0414 17:47:48.689220 fd83000 FrameBuffer.cpp:3790] Failed to find ColorBuffer:2721
E0414 17:47:48.690550 fd83000 FrameBuffer.cpp:3790] Failed to find ColorBuffer:2720
E0414 17:48:05.342109 fd83000 FrameBuffer.cpp:3790] Failed to find ColorBuffer:2755
E0414 17:48:05.342655 fd83000 FrameBuffer.cpp:3790] Failed to find ColorBuffer:2759
E0414 17:48:07.080386 fd83000 FrameBuffer.cpp:3790] Failed to find ColorBuffer:2753
E0414 17:48:07.080434 fd83000 FrameBuffer.cpp:3790] Failed to find ColorBuffer:2751
E0414 17:48:07.080448 fd83000 FrameBuffer.cpp:3790] Failed to find ColorBuffer:2754
E0414 17:48:07.080468 fd83000 FrameBuffer.cpp:3790] Failed to find ColorBuffer:2753
E0414 17:48:07.080481 fd83000 FrameBuffer.cpp:3790] Failed to find ColorBuffer:2751
E0414 17:48:07.080490 fd83000 FrameBuffer.cpp:3790] Failed to find ColorBuffer:2754
E0414 17:48:07.080499 fd83000 FrameBuffer.cpp:3790] Failed to find ColorBuffer:2753
E0414 17:48:07.080506 fd83000 FrameBuffer.cpp:3790] Failed to find ColorBuffer:2751
E0414 17:48:07.080622 fd83000 FrameBuffer.cpp:3790] Failed to find ColorBuffer:2754
E0414 17:48:07.080632 fd83000 FrameBuffer.cpp:3790] Failed to find ColorBuffer:2753
E0414 17:48:07.080639 fd83000 FrameBuffer.cpp:3790] Failed to find ColorBuffer:2751
E0414 17:48:07.080646 fd83000 FrameBuffer.cpp:3790] Failed to find ColorBuffer:2754
E0414 17:48:07.080653 fd83000 FrameBuffer.cpp:3790] Failed to find ColorBuffer:2753
E0414 17:48:07.080659 fd83000 FrameBuffer.cpp:3790] Failed to find ColorBuffer:2751
E0414 17:48:07.080666 fd83000 FrameBuffer.cpp:3790] Failed to find ColorBuffer:2754
E0414 17:48:07.080673 fd83000 FrameBuffer.cpp:3790] Failed to find ColorBuffer:2753
INFO    | Warning: delivering touch release to same window QWindow(0x0) not QWidgetWindow(0x12b889de0, name="EmulatorContainerClassWindow") ((null):0, (null))
INFO    | Warning: skipping QEventPoint(id=0 ts=0 pos=0,0 scn=1111.41,434.404 gbl=1111.41,434.404 Released ellipse=(1x1 ∡ 0) vel=0,0 press=-1111.41,-434.404 last=-1111.41,-434.404 Δ 1111.41,434.404) : no target window ((null):0, (null))
E0414 18:00:35.908877 fd83000 FrameBuffer.cpp:3790] Failed to find ColorBuffer:2820
E0414 18:00:35.909755 fd83000 FrameBuffer.cpp:3790] Failed to find ColorBuffer:2824
E0414 18:00:40.313149 fd83000 FrameBuffer.cpp:3790] Failed to find ColorBuffer:2816
E0414 18:00:43.057836 fd83000 FrameBuffer.cpp:3790] Failed to find ColorBuffer:2857
E0414 18:00:43.057988 fd83000 FrameBuffer.cpp:3790] Failed to find ColorBuffer:2860
E0414 18:00:43.058001 fd83000 FrameBuffer.cpp:3790] Failed to find ColorBuffer:2859
INFO    | Warning: delivering touch release to same window QWindow(0x0) not QWidgetWindow(0x12b889de0, name="EmulatorContainerClassWindow") ((null):0, (null))
INFO    | Warning: skipping QEventPoint(id=1 ts=0 pos=0,0 scn=1201.09,625.231 gbl=1201.09,625.231 Released ellipse=(1x1 ∡ 0) vel=0,0 press=-1201.09,-625.231 last=-1201.09,-625.231 Δ 1201.09,625.231) : no target window ((null):0, (null))
INFO    | Warning: delivering touch release to same window QWindow(0x0) not QWidgetWindow(0x12b889de0, name="EmulatorContainerClassWindow") ((null):0, (null))
INFO    | Warning: skipping QEventPoint(id=0 ts=0 pos=0,0 scn=1179.62,702.026 gbl=1179.62,702.026 Released ellipse=(1x1 ∡ 0) vel=0,0 press=-1179.62,-702.026 last=-1179.62,-702.026 Δ 1179.62,702.026) : no target window ((null):0, (null))
INFO    | Warning: delivering touch release to same window QWindow(0x0) not QWidgetWindow(0x12b889de0, name="EmulatorContainerClassWindow") ((null):0, (null))
INFO    | Warning: skipping QEventPoint(id=0 ts=0 pos=0,0 scn=1263.02,101.211 gbl=1263.02,101.211 Released ellipse=(1x1 ∡ 0) vel=0,0 press=-1263.02,-101.211 last=-1263.02,-101.211 Δ 1263.02,101.211) : no target window ((null):0, (null))
INFO    | Warning: delivering touch release to same window QWindow(0x0) not QWidgetWindow(0x12b889de0, name="EmulatorContainerClassWindow") ((null):0, (null))
INFO    | Warning: skipping QEventPoint(id=0 ts=0 pos=0,0 scn=1102.14,56.9761 gbl=1102.14,56.9761 Released ellipse=(1x1 ∡ 0) vel=0,0 press=-1102.14,-56.9761 last=-1102.14,-56.9761 Δ 1102.14,56.9761) : no target window ((null):0, (null))
INFO    | Warning: delivering touch release to same window QWindow(0x0) not QWidgetWindow(0x12b889de0, name="EmulatorContainerClassWindow") ((null):0, (null))
INFO    | Warning: skipping QEventPoint(id=1 ts=0 pos=0,0 scn=1099.97,96.0789 gbl=1099.97,96.0789 Released ellipse=(1x1 ∡ 0) vel=0,0 press=-1099.97,-96.0789 last=-1099.97,-96.0789 Δ 1099.97,96.0789) : no target window ((null):0, (null))
E0414 18:04:11.143127 fd83000 FrameBuffer.cpp:3790] Failed to find ColorBuffer:2881
E0414 18:04:11.144654 fd83000 FrameBuffer.cpp:3790] Failed to find ColorBuffer:2883
E0414 18:04:11.144676 fd83000 FrameBuffer.cpp:3790] Failed to find ColorBuffer:2881
E0414 18:04:11.144689 fd83000 FrameBuffer.cpp:3790] Failed to find ColorBuffer:2883
E0414 18:04:11.144696 fd83000 FrameBuffer.cpp:3790] Failed to find ColorBuffer:2881
E0414 18:04:11.144701 fd83000 FrameBuffer.cpp:3790] Failed to find ColorBuffer:2883
E0414 18:04:11.144705 fd83000 FrameBuffer.cpp:3790] Failed to find ColorBuffer:2881
E0414 18:04:11.144711 fd83000 FrameBuffer.cpp:3790] Failed to find ColorBuffer:2883
E0414 18:04:11.144715 fd83000 FrameBuffer.cpp:3790] Failed to find ColorBuffer:2881
E0414 18:04:11.144720 fd83000 FrameBuffer.cpp:3790] Failed to find ColorBuffer:2883
E0414 18:04:11.144724 fd83000 FrameBuffer.cpp:3790] Failed to find ColorBuffer:2881
E0414 18:04:11.144728 fd83000 FrameBuffer.cpp:3790] Failed to find ColorBuffer:2883
E0414 18:04:11.144733 fd83000 FrameBuffer.cpp:3790] Failed to find ColorBuffer:2881
E0414 18:04:11.144738 fd83000 FrameBuffer.cpp:3790] Failed to find ColorBuffer:2883
E0414 18:04:11.144742 fd83000 FrameBuffer.cpp:3790] Failed to find ColorBuffer:2881
E0414 18:04:11.144747 fd83000 FrameBuffer.cpp:3790] Failed to find ColorBuffer:2883
E0414 18:04:11.144751 fd83000 FrameBuffer.cpp:3790] Failed to find ColorBuffer:2881
E0414 18:04:11.144756 fd83000 FrameBuffer.cpp:3790] Failed to find ColorBuffer:2883
E0414 18:04:11.144760 fd83000 FrameBuffer.cpp:3790] Failed to find ColorBuffer:2881
E0414 18:04:11.144765 fd83000 FrameBuffer.cpp:3790] Failed to find ColorBuffer:2883
E0414 18:04:11.144770 fd83000 FrameBuffer.cpp:3790] Failed to find ColorBuffer:2881
E0414 18:04:11.144802 fd83000 FrameBuffer.cpp:3790] Failed to find ColorBuffer:2883
E0414 18:04:52.740035 fd83000 FrameBuffer.cpp:3790] Failed to find ColorBuffer:2897
E0414 18:04:52.740974 fd83000 FrameBuffer.cpp:3790] Failed to find ColorBuffer:2900
E0414 18:04:52.740993 fd83000 FrameBuffer.cpp:3790] Failed to find ColorBuffer:2901
E0414 18:04:52.741002 fd83000 FrameBuffer.cpp:3790] Failed to find ColorBuffer:2903
E0414 18:04:52.741010 fd83000 FrameBuffer.cpp:3790] Failed to find ColorBuffer:2904
E0414 18:04:52.741019 fd83000 FrameBuffer.cpp:3790] Failed to find ColorBuffer:2901
E0414 18:04:52.741035 fd83000 FrameBuffer.cpp:3790] Failed to find ColorBuffer:2895
E0414 18:04:52.741050 fd83000 FrameBuffer.cpp:3790] Failed to find ColorBuffer:2903
E0414 18:04:52.741137 fd83000 FrameBuffer.cpp:3790] Failed to find ColorBuffer:2904
E0414 18:04:52.741503 fd83000 FrameBuffer.cpp:3790] Failed to find ColorBuffer:2901
E0414 18:04:59.224807 fd83000 FrameBuffer.cpp:3790] Failed to find ColorBuffer:2905
E0414 18:04:59.224935 fd83000 FrameBuffer.cpp:3790] Failed to find ColorBuffer:2908
E0414 18:04:59.224955 fd83000 FrameBuffer.cpp:3790] Failed to find ColorBuffer:2907
E0414 18:04:59.224967 fd83000 FrameBuffer.cpp:3790] Failed to find ColorBuffer:2905
E0414 18:04:59.224974 fd83000 FrameBuffer.cpp:3790] Failed to find ColorBuffer:2908
E0414 18:04:59.224979 fd83000 FrameBuffer.cpp:3790] Failed to find ColorBuffer:2907
E0414 18:04:59.225150 fd83000 FrameBuffer.cpp:3790] Failed to find ColorBuffer:2905
E0414 18:04:59.225165 fd83000 FrameBuffer.cpp:3790] Failed to find ColorBuffer:2908
E0414 18:04:59.225172 fd83000 FrameBuffer.cpp:3790] Failed to find ColorBuffer:2907
E0414 18:04:59.225180 fd83000 FrameBuffer.cpp:3790] Failed to find ColorBuffer:2905
E0414 18:04:59.225187 fd83000 FrameBuffer.cpp:3790] Failed to find ColorBuffer:2908
E0414 18:04:59.225193 fd83000 FrameBuffer.cpp:3790] Failed to find ColorBuffer:2907
E0414 18:04:59.225200 fd83000 FrameBuffer.cpp:3790] Failed to find ColorBuffer:2905
E0414 18:04:59.225206 fd83000 FrameBuffer.cpp:3790] Failed to find ColorBuffer:2908
E0414 18:04:59.225212 fd83000 FrameBuffer.cpp:3790] Failed to find ColorBuffer:2907
E0414 18:04:59.225218 fd83000 FrameBuffer.cpp:3790] Failed to find ColorBuffer:2905
E0414 18:04:59.225223 fd83000 FrameBuffer.cpp:3790] Failed to find ColorBuffer:2908
E0414 18:04:59.225228 fd83000 FrameBuffer.cpp:3790] Failed to find ColorBuffer:2907
E0414 18:04:59.225234 fd83000 FrameBuffer.cpp:3790] Failed to find ColorBuffer:2905
E0414 18:04:59.225239 fd83000 FrameBuffer.cpp:3790] Failed to find ColorBuffer:2908
E0414 18:04:59.225245 fd83000 FrameBuffer.cpp:3790] Failed to find ColorBuffer:2907
E0414 18:04:59.225250 fd83000 FrameBuffer.cpp:3790] Failed to find ColorBuffer:2905
E0414 18:04:59.225256 fd83000 FrameBuffer.cpp:3790] Failed to find ColorBuffer:2908
E0414 18:04:59.225261 fd83000 FrameBuffer.cpp:3790] Failed to find ColorBuffer:2907
E0414 18:04:59.225267 fd83000 FrameBuffer.cpp:3790] Failed to find ColorBuffer:2905
E0414 18:04:59.225272 fd83000 FrameBuffer.cpp:3790] Failed to find ColorBuffer:2908
E0414 18:04:59.225277 fd83000 FrameBuffer.cpp:3790] Failed to find ColorBuffer:2907
E0414 18:04:59.225282 fd83000 FrameBuffer.cpp:3790] Failed to find ColorBuffer:2905
E0414 18:04:59.225287 fd83000 FrameBuffer.cpp:3790] Failed to find ColorBuffer:2908
E0414 18:04:59.225292 fd83000 FrameBuffer.cpp:3790] Failed to find ColorBuffer:2907
E0414 18:04:59.225297 fd83000 FrameBuffer.cpp:3790] Failed to find ColorBuffer:2905
E0414 18:04:59.225301 fd83000 FrameBuffer.cpp:3790] Failed to find ColorBuffer:2908
E0414 18:04:59.225306 fd83000 FrameBuffer.cpp:3790] Failed to find ColorBuffer:2907
E0414 18:04:59.225311 fd83000 FrameBuffer.cpp:3790] Failed to find ColorBuffer:2905
E0414 18:04:59.225317 fd83000 FrameBuffer.cpp:3790] Failed to find ColorBuffer:2908
E0414 18:04:59.225345 fd83000 FrameBuffer.cpp:3790] Failed to find ColorBuffer:2907
E0414 18:05:15.124630 fd83000 FrameBuffer.cpp:3790] Failed to find ColorBuffer:2913
E0414 18:05:15.124872 fd83000 FrameBuffer.cpp:3790] Failed to find ColorBuffer:2916
E0414 18:05:15.124892 fd83000 FrameBuffer.cpp:3790] Failed to find ColorBuffer:2915
E0414 18:05:15.124901 fd83000 FrameBuffer.cpp:3790] Failed to find ColorBuffer:2913
E0414 18:05:15.124907 fd83000 FrameBuffer.cpp:3790] Failed to find ColorBuffer:2916
E0414 18:05:15.124912 fd83000 FrameBuffer.cpp:3790] Failed to find ColorBuffer:2915
E0414 18:05:15.124918 fd83000 FrameBuffer.cpp:3790] Failed to find ColorBuffer:2913
E0414 18:05:15.124923 fd83000 FrameBuffer.cpp:3790] Failed to find ColorBuffer:2916
E0414 18:05:15.124928 fd83000 FrameBuffer.cpp:3790] Failed to find ColorBuffer:2915
E0414 18:05:15.124933 fd83000 FrameBuffer.cpp:3790] Failed to find ColorBuffer:2913
E0414 18:05:15.124938 fd83000 FrameBuffer.cpp:3790] Failed to find ColorBuffer:2916
E0414 18:05:15.124943 fd83000 FrameBuffer.cpp:3790] Failed to find ColorBuffer:2915
E0414 18:05:15.124948 fd83000 FrameBuffer.cpp:3790] Failed to find ColorBuffer:2913
E0414 18:05:15.124953 fd83000 FrameBuffer.cpp:3790] Failed to find ColorBuffer:2916
E0414 18:05:15.124957 fd83000 FrameBuffer.cpp:3790] Failed to find ColorBuffer:2915
E0414 18:05:15.124962 fd83000 FrameBuffer.cpp:3790] Failed to find ColorBuffer:2913
E0414 18:05:15.124965 fd83000 FrameBuffer.cpp:3790] Failed to find ColorBuffer:2916
E0414 18:05:15.124969 fd83000 FrameBuffer.cpp:3790] Failed to find ColorBuffer:2915
E0414 18:05:15.125010 fd83000 FrameBuffer.cpp:3790] Failed to find ColorBuffer:2913
E0414 18:05:15.125015 fd83000 FrameBuffer.cpp:3790] Failed to find ColorBuffer:2916
E0414 18:05:15.125020 fd83000 FrameBuffer.cpp:3790] Failed to find ColorBuffer:2915
E0414 18:05:15.125024 fd83000 FrameBuffer.cpp:3790] Failed to find ColorBuffer:2913
E0414 18:05:15.125028 fd83000 FrameBuffer.cpp:3790] Failed to find ColorBuffer:2916
E0414 18:05:15.125032 fd83000 FrameBuffer.cpp:3790] Failed to find ColorBuffer:2915
E0414 18:05:15.125037 fd83000 FrameBuffer.cpp:3790] Failed to find ColorBuffer:2913
E0414 18:05:15.125040 fd83000 FrameBuffer.cpp:3790] Failed to find ColorBuffer:2916
E0414 18:05:15.125045 fd83000 FrameBuffer.cpp:3790] Failed to find ColorBuffer:2915
E0414 18:05:15.125049 fd83000 FrameBuffer.cpp:3790] Failed to find ColorBuffer:2913
E0414 18:05:15.125054 fd83000 FrameBuffer.cpp:3790] Failed to find ColorBuffer:2916
E0414 18:05:15.125058 fd83000 FrameBuffer.cpp:3790] Failed to find ColorBuffer:2915
E0414 18:05:15.125063 fd83000 FrameBuffer.cpp:3790] Failed to find ColorBuffer:2913
E0414 18:05:15.125067 fd83000 FrameBuffer.cpp:3790] Failed to find ColorBuffer:2916
E0414 18:05:15.125071 fd83000 FrameBuffer.cpp:3790] Failed to find ColorBuffer:2915
E0414 18:05:15.125075 fd83000 FrameBuffer.cpp:3790] Failed to find ColorBuffer:2913
E0414 18:05:15.125079 fd83000 FrameBuffer.cpp:3790] Failed to find ColorBuffer:2916
E0414 18:05:15.125084 fd83000 FrameBuffer.cpp:3790] Failed to find ColorBuffer:2915
E0414 18:05:15.125088 fd83000 FrameBuffer.cpp:3790] Failed to find ColorBuffer:2913
E0414 18:05:15.125092 fd83000 FrameBuffer.cpp:3790] Failed to find ColorBuffer:2916
E0414 18:05:15.125096 fd83000 FrameBuffer.cpp:3790] Failed to find ColorBuffer:2915
E0414 18:05:15.125100 fd83000 FrameBuffer.cpp:3790] Failed to find ColorBuffer:2913
E0414 18:05:15.125104 fd83000 FrameBuffer.cpp:3790] Failed to find ColorBuffer:2916
E0414 18:05:15.125109 fd83000 FrameBuffer.cpp:3790] Failed to find ColorBuffer:2915
E0414 18:05:15.125113 fd83000 FrameBuffer.cpp:3790] Failed to find ColorBuffer:2913
E0414 18:05:15.125118 fd83000 FrameBuffer.cpp:3790] Failed to find ColorBuffer:2916
E0414 18:05:15.125121 fd83000 FrameBuffer.cpp:3790] Failed to find ColorBuffer:2915
E0414 18:05:15.125125 fd83000 FrameBuffer.cpp:3790] Failed to find ColorBuffer:2913
E0414 18:05:15.125130 fd83000 FrameBuffer.cpp:3790] Failed to find ColorBuffer:2916
E0414 18:05:15.125134 fd83000 FrameBuffer.cpp:3790] Failed to find ColorBuffer:2915
E0414 18:05:15.125138 fd83000 FrameBuffer.cpp:3790] Failed to find ColorBuffer:2913
E0414 18:05:15.125142 fd83000 FrameBuffer.cpp:3790] Failed to find ColorBuffer:2916
E0414 18:05:15.125146 fd83000 FrameBuffer.cpp:3790] Failed to find ColorBuffer:2915
E0414 18:05:15.125151 fd83000 FrameBuffer.cpp:3790] Failed to find ColorBuffer:2913
E0414 18:05:15.125155 fd83000 FrameBuffer.cpp:3790] Failed to find ColorBuffer:2916
E0414 18:05:15.125164 fd83000 FrameBuffer.cpp:3790] Failed to find ColorBuffer:2915
E0414 18:05:15.125169 fd83000 FrameBuffer.cpp:3790] Failed to find ColorBuffer:2913
E0414 18:05:15.125173 fd83000 FrameBuffer.cpp:3790] Failed to find ColorBuffer:2916
E0414 18:05:15.125177 fd83000 FrameBuffer.cpp:3790] Failed to find ColorBuffer:2915
E0414 18:05:15.125181 fd83000 FrameBuffer.cpp:3790] Failed to find ColorBuffer:2913
E0414 18:05:15.125184 fd83000 FrameBuffer.cpp:3790] Failed to find ColorBuffer:2916
E0414 18:05:15.125188 fd83000 FrameBuffer.cpp:3790] Failed to find ColorBuffer:2915
E0414 18:05:15.125192 fd83000 FrameBuffer.cpp:3790] Failed to find ColorBuffer:2913
E0414 18:05:15.125197 fd83000 FrameBuffer.cpp:3790] Failed to find ColorBuffer:2916
E0414 18:05:15.125201 fd83000 FrameBuffer.cpp:3790] Failed to find ColorBuffer:2915
E0414 18:05:15.125206 fd83000 FrameBuffer.cpp:3790] Failed to find ColorBuffer:2913
E0414 18:05:15.125211 fd83000 FrameBuffer.cpp:3790] Failed to find ColorBuffer:2916
E0414 18:05:15.125214 fd83000 FrameBuffer.cpp:3790] Failed to find ColorBuffer:2915
E0414 18:05:15.125219 fd83000 FrameBuffer.cpp:3790] Failed to find ColorBuffer:2913
E0414 18:05:15.125238 fd83000 FrameBuffer.cpp:3790] Failed to find ColorBuffer:2916
E0414 18:05:15.125243 fd83000 FrameBuffer.cpp:3790] Failed to find ColorBuffer:2915
E0414 18:05:15.125248 fd83000 FrameBuffer.cpp:3790] Failed to find ColorBuffer:2913
E0414 18:05:15.125251 fd83000 FrameBuffer.cpp:3790] Failed to find ColorBuffer:2916
E0414 18:05:15.125257 fd83000 FrameBuffer.cpp:3790] Failed to find ColorBuffer:2915
E0414 18:05:15.125261 fd83000 FrameBuffer.cpp:3790] Failed to find ColorBuffer:2913
E0414 18:05:15.125265 fd83000 FrameBuffer.cpp:3790] Failed to find ColorBuffer:2916
E0414 18:05:15.125269 fd83000 FrameBuffer.cpp:3790] Failed to find ColorBuffer:2915
E0414 18:05:15.125273 fd83000 FrameBuffer.cpp:3790] Failed to find ColorBuffer:2913
E0414 18:05:15.125278 fd83000 FrameBuffer.cpp:3790] Failed to find ColorBuffer:2916
E0414 18:05:15.125283 fd83000 FrameBuffer.cpp:3790] Failed to find ColorBuffer:2915
E0414 18:05:15.125288 fd83000 FrameBuffer.cpp:3790] Failed to find ColorBuffer:2913
E0414 18:05:15.125292 fd83000 FrameBuffer.cpp:3790] Failed to find ColorBuffer:2916
E0414 18:05:15.125297 fd83000 FrameBuffer.cpp:3790] Failed to find ColorBuffer:2915
E0414 18:05:15.125301 fd83000 FrameBuffer.cpp:3790] Failed to find ColorBuffer:2913
E0414 18:05:15.125306 fd83000 FrameBuffer.cpp:3790] Failed to find ColorBuffer:2916
E0414 18:05:15.125311 fd83000 FrameBuffer.cpp:3790] Failed to find ColorBuffer:2915
E0414 18:05:15.125315 fd83000 FrameBuffer.cpp:3790] Failed to find ColorBuffer:2913
E0414 18:05:15.125320 fd83000 FrameBuffer.cpp:3790] Failed to find ColorBuffer:2916
E0414 18:05:15.125324 fd83000 FrameBuffer.cpp:3790] Failed to find ColorBuffer:2915
E0414 18:05:15.125329 fd83000 FrameBuffer.cpp:3790] Failed to find ColorBuffer:2913
E0414 18:05:15.125333 fd83000 FrameBuffer.cpp:3790] Failed to find ColorBuffer:2916
E0414 18:05:15.125337 fd83000 FrameBuffer.cpp:3790] Failed to find ColorBuffer:2915
E0414 18:05:15.125342 fd83000 FrameBuffer.cpp:3790] Failed to find ColorBuffer:2913
E0414 18:05:15.125346 fd83000 FrameBuffer.cpp:3790] Failed to find ColorBuffer:2916
E0414 18:05:15.125350 fd83000 FrameBuffer.cpp:3790] Failed to find ColorBuffer:2915
E0414 18:05:15.125354 fd83000 FrameBuffer.cpp:3790] Failed to find ColorBuffer:2913
E0414 18:05:15.125358 fd83000 FrameBuffer.cpp:3790] Failed to find ColorBuffer:2916
E0414 18:05:15.125362 fd83000 FrameBuffer.cpp:3790] Failed to find ColorBuffer:2915
E0414 18:05:15.125367 fd83000 FrameBuffer.cpp:3790] Failed to find ColorBuffer:2913
E0414 18:05:15.125370 fd83000 FrameBuffer.cpp:3790] Failed to find ColorBuffer:2916
E0414 18:05:15.125376 fd83000 FrameBuffer.cpp:3790] Failed to find ColorBuffer:2915
E0414 18:05:15.125380 fd83000 FrameBuffer.cpp:3790] Failed to find ColorBuffer:2913
E0414 18:05:15.125384 fd83000 FrameBuffer.cpp:3790] Failed to find ColorBuffer:2916
E0414 18:05:15.125388 fd83000 FrameBuffer.cpp:3790] Failed to find ColorBuffer:2915
E0414 18:05:15.125393 fd83000 FrameBuffer.cpp:3790] Failed to find ColorBuffer:2913
E0414 18:05:15.125397 fd83000 FrameBuffer.cpp:3790] Failed to find ColorBuffer:2916
E0414 18:05:15.125401 fd83000 FrameBuffer.cpp:3790] Failed to find ColorBuffer:2915
E0414 18:05:15.125405 fd83000 FrameBuffer.cpp:3790] Failed to find ColorBuffer:2913
E0414 18:05:15.125410 fd83000 FrameBuffer.cpp:3790] Failed to find ColorBuffer:2916
E0414 18:05:15.125413 fd83000 FrameBuffer.cpp:3790] Failed to find ColorBuffer:2915
E0414 18:05:15.125419 fd83000 FrameBuffer.cpp:3790] Failed to find ColorBuffer:2913
E0414 18:05:15.125423 fd83000 FrameBuffer.cpp:3790] Failed to find ColorBuffer:2916
E0414 18:05:15.125427 fd83000 FrameBuffer.cpp:3790] Failed to find ColorBuffer:2915
E0414 18:05:15.125432 fd83000 FrameBuffer.cpp:3790] Failed to find ColorBuffer:2913
E0414 18:05:15.125436 fd83000 FrameBuffer.cpp:3790] Failed to find ColorBuffer:2916
E0414 18:05:15.125440 fd83000 FrameBuffer.cpp:3790] Failed to find ColorBuffer:2915
E0414 18:05:39.239271 fd83000 FrameBuffer.cpp:3790] Failed to find ColorBuffer:2917
E0414 18:05:39.239547 fd83000 FrameBuffer.cpp:3790] Failed to find ColorBuffer:2920
E0414 18:05:39.239588 fd83000 FrameBuffer.cpp:3790] Failed to find ColorBuffer:2919
E0414 18:05:39.239602 fd83000 FrameBuffer.cpp:3790] Failed to find ColorBuffer:2917
E0414 18:05:39.239609 fd83000 FrameBuffer.cpp:3790] Failed to find ColorBuffer:2920
E0414 18:05:39.239615 fd83000 FrameBuffer.cpp:3790] Failed to find ColorBuffer:2919
E0414 18:05:39.239619 fd83000 FrameBuffer.cpp:3790] Failed to find ColorBuffer:2917
E0414 18:05:39.239623 fd83000 FrameBuffer.cpp:3790] Failed to find ColorBuffer:2920
E0414 18:05:39.239628 fd83000 FrameBuffer.cpp:3790] Failed to find ColorBuffer:2919
E0414 18:05:39.239632 fd83000 FrameBuffer.cpp:3790] Failed to find ColorBuffer:2917
E0414 18:05:39.239636 fd83000 FrameBuffer.cpp:3790] Failed to find ColorBuffer:2920
E0414 18:05:39.239639 fd83000 FrameBuffer.cpp:3790] Failed to find ColorBuffer:2919
E0414 18:05:39.239643 fd83000 FrameBuffer.cpp:3790] Failed to find ColorBuffer:2917
E0414 18:05:39.239647 fd83000 FrameBuffer.cpp:3790] Failed to find ColorBuffer:2920
E0414 18:05:39.239651 fd83000 FrameBuffer.cpp:3790] Failed to find ColorBuffer:2919
E0414 18:05:39.239655 fd83000 FrameBuffer.cpp:3790] Failed to find ColorBuffer:2917
E0414 18:05:39.239659 fd83000 FrameBuffer.cpp:3790] Failed to find ColorBuffer:2920
E0414 18:05:39.239664 fd83000 FrameBuffer.cpp:3790] Failed to find ColorBuffer:2919
E0414 18:05:39.239668 fd83000 FrameBuffer.cpp:3790] Failed to find ColorBuffer:2917
E0414 18:05:39.239672 fd83000 FrameBuffer.cpp:3790] Failed to find ColorBuffer:2920
E0414 18:05:39.239676 fd83000 FrameBuffer.cpp:3790] Failed to find ColorBuffer:2919
E0414 18:05:39.239680 fd83000 FrameBuffer.cpp:3790] Failed to find ColorBuffer:2917
E0414 18:05:39.239685 fd83000 FrameBuffer.cpp:3790] Failed to find ColorBuffer:2920
E0414 18:05:39.239689 fd83000 FrameBuffer.cpp:3790] Failed to find ColorBuffer:2919
E0414 18:05:39.239693 fd83000 FrameBuffer.cpp:3790] Failed to find ColorBuffer:2917
E0414 18:05:39.239697 fd83000 FrameBuffer.cpp:3790] Failed to find ColorBuffer:2920
E0414 18:05:39.239701 fd83000 FrameBuffer.cpp:3790] Failed to find ColorBuffer:2919
E0414 18:05:39.239705 fd83000 FrameBuffer.cpp:3790] Failed to find ColorBuffer:2917
E0414 18:05:39.239709 fd83000 FrameBuffer.cpp:3790] Failed to find ColorBuffer:2920
E0414 18:05:39.239713 fd83000 FrameBuffer.cpp:3790] Failed to find ColorBuffer:2919
E0414 18:05:39.239716 fd83000 FrameBuffer.cpp:3790] Failed to find ColorBuffer:2917
E0414 18:05:39.239721 fd83000 FrameBuffer.cpp:3790] Failed to find ColorBuffer:2920
E0414 18:05:39.239725 fd83000 FrameBuffer.cpp:3790] Failed to find ColorBuffer:2919
E0414 18:05:39.239730 fd83000 FrameBuffer.cpp:3790] Failed to find ColorBuffer:2917
E0414 18:05:39.239739 fd83000 FrameBuffer.cpp:3790] Failed to find ColorBuffer:2920
INFO    | Warning: delivering touch release to same window QWindow(0x0) not QWidgetWindow(0x12b889de0, name="EmulatorContainerClassWindow") ((null):0, (null))
INFO    | Warning: skipping QEventPoint(id=0 ts=0 pos=0,0 scn=954.889,539.984 gbl=954.889,539.984 Released ellipse=(1x1 ∡ 0) vel=0,0 press=-954.889,-539.984 last=-954.889,-539.984 Δ 954.889,539.984) : no target window ((null):0, (null))
INFO    | Warning: delivering touch release to same window QWindow(0x0) not QWidgetWindow(0x12b889de0, name="EmulatorContainerClassWindow") ((null):0, (null))
INFO    | Warning: skipping QEventPoint(id=0 ts=0 pos=0,0 scn=895.446,411.439 gbl=895.446,411.439 Released ellipse=(1x1 ∡ 0) vel=0,0 press=-895.446,-411.439 last=-895.446,-411.439 Δ 895.446,411.439) : no target window ((null):0, (null))
INFO    | Warning: delivering touch release to same window QWindow(0x0) not QWidgetWindow(0x12b889de0, name="EmulatorContainerClassWindow") ((null):0, (null))
INFO    | Warning: skipping QEventPoint(id=0 ts=0 pos=0,0 scn=736.059,422.153 gbl=736.059,422.153 Released ellipse=(1x1 ∡ 0) vel=0,0 press=-736.059,-422.153 last=-736.059,-422.153 Δ 736.059,422.153) : no target window ((null):0, (null))
INFO    | Warning: delivering touch release to same window QWindow(0x0) not QWidgetWindow(0x12b889de0, name="EmulatorContainerClassWindow") ((null):0, (null))
INFO    | Warning: skipping QEventPoint(id=0 ts=0 pos=0,0 scn=1133.99,187.411 gbl=1133.99,187.411 Released ellipse=(1x1 ∡ 0) vel=0,0 press=-1133.99,-187.411 last=-1133.99,-187.411 Δ 1133.99,187.411) : no target window ((null):0, (null))
E0414 18:13:57.054700 fd83000 FrameBuffer.cpp:3790] Failed to find ColorBuffer:2958
E0414 18:13:57.055719 fd83000 FrameBuffer.cpp:3790] Failed to find ColorBuffer:2961
E0414 18:13:57.055737 fd83000 FrameBuffer.cpp:3790] Failed to find ColorBuffer:2960
E0414 18:13:57.055744 fd83000 FrameBuffer.cpp:3790] Failed to find ColorBuffer:2958
E0414 18:13:57.055757 fd83000 FrameBuffer.cpp:3790] Failed to find ColorBuffer:2961
E0414 18:14:04.956286 fd83000 FrameBuffer.cpp:3790] Failed to find ColorBuffer:2962
E0414 18:14:04.956410 fd83000 FrameBuffer.cpp:3790] Failed to find ColorBuffer:2965
E0414 18:14:04.956508 fd83000 FrameBuffer.cpp:3790] Failed to find ColorBuffer:2962
E0414 18:14:04.956612 fd83000 FrameBuffer.cpp:3790] Failed to find ColorBuffer:2965
E0414 18:14:04.956728 fd83000 FrameBuffer.cpp:3790] Failed to find ColorBuffer:2962
E0414 18:14:04.956751 fd83000 FrameBuffer.cpp:3790] Failed to find ColorBuffer:2965
E0414 18:14:31.222069 fd83000 FrameBuffer.cpp:3790] Failed to find ColorBuffer:2966
E0414 18:14:31.222238 fd83000 FrameBuffer.cpp:3790] Failed to find ColorBuffer:2969
E0414 18:14:31.222272 fd83000 FrameBuffer.cpp:3790] Failed to find ColorBuffer:2968
E0414 18:14:31.222287 fd83000 FrameBuffer.cpp:3790] Failed to find ColorBuffer:2966
E0414 18:14:31.222293 fd83000 FrameBuffer.cpp:3790] Failed to find ColorBuffer:2969
E0414 18:14:31.222300 fd83000 FrameBuffer.cpp:3790] Failed to find ColorBuffer:2968
E0414 18:14:31.222306 fd83000 FrameBuffer.cpp:3790] Failed to find ColorBuffer:2966
E0414 18:14:31.222313 fd83000 FrameBuffer.cpp:3790] Failed to find ColorBuffer:2969
E0414 18:14:31.222318 fd83000 FrameBuffer.cpp:3790] Failed to find ColorBuffer:2968
E0414 18:14:31.222324 fd83000 FrameBuffer.cpp:3790] Failed to find ColorBuffer:2966
E0414 18:14:31.222329 fd83000 FrameBuffer.cpp:3790] Failed to find ColorBuffer:2969
E0414 18:14:31.222335 fd83000 FrameBuffer.cpp:3790] Failed to find ColorBuffer:2968
E0414 18:14:31.222340 fd83000 FrameBuffer.cpp:3790] Failed to find ColorBuffer:2966
E0414 18:14:31.222345 fd83000 FrameBuffer.cpp:3790] Failed to find ColorBuffer:2969
E0414 18:14:31.222350 fd83000 FrameBuffer.cpp:3790] Failed to find ColorBuffer:2968
E0414 18:14:31.222356 fd83000 FrameBuffer.cpp:3790] Failed to find ColorBuffer:2966
E0414 18:14:31.222361 fd83000 FrameBuffer.cpp:3790] Failed to find ColorBuffer:2969
E0414 18:14:31.222366 fd83000 FrameBuffer.cpp:3790] Failed to find ColorBuffer:2968
E0414 18:14:31.222371 fd83000 FrameBuffer.cpp:3790] Failed to find ColorBuffer:2966
E0414 18:14:31.222376 fd83000 FrameBuffer.cpp:3790] Failed to find ColorBuffer:2969
E0414 18:14:31.222382 fd83000 FrameBuffer.cpp:3790] Failed to find ColorBuffer:2968
E0414 18:14:31.222388 fd83000 FrameBuffer.cpp:3790] Failed to find ColorBuffer:2966
E0414 18:14:31.222393 fd83000 FrameBuffer.cpp:3790] Failed to find ColorBuffer:2969
E0414 18:14:31.222398 fd83000 FrameBuffer.cpp:3790] Failed to find ColorBuffer:2968
E0414 18:14:31.222403 fd83000 FrameBuffer.cpp:3790] Failed to find ColorBuffer:2966
E0414 18:14:31.222410 fd83000 FrameBuffer.cpp:3790] Failed to find ColorBuffer:2969
E0414 18:14:31.222415 fd83000 FrameBuffer.cpp:3790] Failed to find ColorBuffer:2968
E0414 18:14:31.222421 fd83000 FrameBuffer.cpp:3790] Failed to find ColorBuffer:2966
E0414 18:14:31.222426 fd83000 FrameBuffer.cpp:3790] Failed to find ColorBuffer:2969
E0414 18:14:31.222432 fd83000 FrameBuffer.cpp:3790] Failed to find ColorBuffer:2968
E0414 18:14:31.222438 fd83000 FrameBuffer.cpp:3790] Failed to find ColorBuffer:2966
E0414 18:15:39.785466 fd83000 FrameBuffer.cpp:3790] Failed to find ColorBuffer:2970
E0414 18:15:39.786218 fd83000 FrameBuffer.cpp:3790] Failed to find ColorBuffer:2973
E0414 18:15:39.786237 fd83000 FrameBuffer.cpp:3790] Failed to find ColorBuffer:2972
E0414 18:15:39.786251 fd83000 FrameBuffer.cpp:3790] Failed to find ColorBuffer:2970
E0414 18:15:54.052434 fd83000 FrameBuffer.cpp:3790] Failed to find ColorBuffer:2974
E0414 18:15:54.052598 fd83000 FrameBuffer.cpp:3790] Failed to find ColorBuffer:2977
E0414 18:15:54.052641 fd83000 FrameBuffer.cpp:3790] Failed to find ColorBuffer:2976
E0414 18:15:56.350918 fd83000 FrameBuffer.cpp:3790] Failed to find ColorBuffer:2978
E0414 18:15:56.350967 fd83000 FrameBuffer.cpp:3790] Failed to find ColorBuffer:2981
E0414 18:15:56.351183 fd83000 FrameBuffer.cpp:3790] Failed to find ColorBuffer:2978
E0414 18:15:56.351197 fd83000 FrameBuffer.cpp:3790] Failed to find ColorBuffer:2981
E0414 18:15:56.351204 fd83000 FrameBuffer.cpp:3790] Failed to find ColorBuffer:2978
E0414 18:15:56.351210 fd83000 FrameBuffer.cpp:3790] Failed to find ColorBuffer:2981
E0414 18:15:56.351218 fd83000 FrameBuffer.cpp:3790] Failed to find ColorBuffer:2978
E0414 18:15:56.351224 fd83000 FrameBuffer.cpp:3790] Failed to find ColorBuffer:2981
E0414 18:15:56.351229 fd83000 FrameBuffer.cpp:3790] Failed to find ColorBuffer:2978
E0414 18:15:56.351234 fd83000 FrameBuffer.cpp:3790] Failed to find ColorBuffer:2981
E0414 18:15:56.351239 fd83000 FrameBuffer.cpp:3790] Failed to find ColorBuffer:2978
E0414 18:15:56.351244 fd83000 FrameBuffer.cpp:3790] Failed to find ColorBuffer:2981
E0414 18:15:56.351250 fd83000 FrameBuffer.cpp:3790] Failed to find ColorBuffer:2978
E0414 18:15:56.351254 fd83000 FrameBuffer.cpp:3790] Failed to find ColorBuffer:2981
E0414 18:15:56.351259 fd83000 FrameBuffer.cpp:3790] Failed to find ColorBuffer:2978
E0414 18:15:56.351264 fd83000 FrameBuffer.cpp:3790] Failed to find ColorBuffer:2981
E0414 18:15:56.351269 fd83000 FrameBuffer.cpp:3790] Failed to find ColorBuffer:2978
E0414 18:15:56.351273 fd83000 FrameBuffer.cpp:3790] Failed to find ColorBuffer:2981
E0414 18:15:56.351277 fd83000 FrameBuffer.cpp:3790] Failed to find ColorBuffer:2978
E0414 18:15:56.351282 fd83000 FrameBuffer.cpp:3790] Failed to find ColorBuffer:2981
E0414 18:15:56.351287 fd83000 FrameBuffer.cpp:3790] Failed to find ColorBuffer:2978
E0414 18:15:56.351291 fd83000 FrameBuffer.cpp:3790] Failed to find ColorBuffer:2981
E0414 18:15:56.351300 fd83000 FrameBuffer.cpp:3790] Failed to find ColorBuffer:2978
E0414 18:15:56.351304 fd83000 FrameBuffer.cpp:3790] Failed to find ColorBuffer:2981
E0414 18:15:56.351309 fd83000 FrameBuffer.cpp:3790] Failed to find ColorBuffer:2978
E0414 18:15:56.351313 fd83000 FrameBuffer.cpp:3790] Failed to find ColorBuffer:2981
E0414 18:15:56.351318 fd83000 FrameBuffer.cpp:3790] Failed to find ColorBuffer:2978
E0414 18:15:56.351322 fd83000 FrameBuffer.cpp:3790] Failed to find ColorBuffer:2981
E0414 18:19:45.231891 fd83000 FrameBuffer.cpp:3790] Failed to find ColorBuffer:2998
E0414 18:19:45.232715 fd83000 FrameBuffer.cpp:3790] Failed to find ColorBuffer:2997
E0414 18:19:57.014170 fd83000 FrameBuffer.cpp:3790] Failed to find ColorBuffer:3011
E0414 18:19:57.014377 fd83000 FrameBuffer.cpp:3790] Failed to find ColorBuffer:3014
E0414 18:19:57.014399 fd83000 FrameBuffer.cpp:3790] Failed to find ColorBuffer:3013
E0414 18:19:57.014409 fd83000 FrameBuffer.cpp:3790] Failed to find ColorBuffer:3011
E0414 18:19:57.014415 fd83000 FrameBuffer.cpp:3790] Failed to find ColorBuffer:3014
E0414 18:19:57.014421 fd83000 FrameBuffer.cpp:3790] Failed to find ColorBuffer:3013
E0414 18:19:57.014427 fd83000 FrameBuffer.cpp:3790] Failed to find ColorBuffer:3011
E0414 18:19:57.014432 fd83000 FrameBuffer.cpp:3790] Failed to find ColorBuffer:3014
E0414 18:19:57.014441 fd83000 FrameBuffer.cpp:3790] Failed to find ColorBuffer:3013
E0414 18:19:57.014447 fd83000 FrameBuffer.cpp:3790] Failed to find ColorBuffer:3011
E0414 18:19:57.014452 fd83000 FrameBuffer.cpp:3790] Failed to find ColorBuffer:3014
E0414 18:19:57.014476 fd83000 FrameBuffer.cpp:3790] Failed to find ColorBuffer:3013
E0414 18:20:39.563838 fd83000 FrameBuffer.cpp:3790] Failed to find ColorBuffer:3019
E0414 18:20:39.565060 fd83000 FrameBuffer.cpp:3790] Failed to find ColorBuffer:3021
E0414 18:20:39.565079 fd83000 FrameBuffer.cpp:3790] Failed to find ColorBuffer:3022
E0414 18:20:39.565242 fd83000 FrameBuffer.cpp:3790] Failed to find ColorBuffer:3019
E0414 18:20:39.565347 fd83000 FrameBuffer.cpp:3790] Failed to find ColorBuffer:3021
E0414 18:20:39.565355 fd83000 FrameBuffer.cpp:3790] Failed to find ColorBuffer:3022
E0414 18:20:39.565360 fd83000 FrameBuffer.cpp:3790] Failed to find ColorBuffer:3019
E0414 18:20:39.565365 fd83000 FrameBuffer.cpp:3790] Failed to find ColorBuffer:3021
E0414 18:20:39.565369 fd83000 FrameBuffer.cpp:3790] Failed to find ColorBuffer:3022
E0414 18:20:39.565374 fd83000 FrameBuffer.cpp:3790] Failed to find ColorBuffer:3019
E0414 18:20:39.565378 fd83000 FrameBuffer.cpp:3790] Failed to find ColorBuffer:3021
E0414 18:20:39.565382 fd83000 FrameBuffer.cpp:3790] Failed to find ColorBuffer:3022
E0414 18:20:39.565386 fd83000 FrameBuffer.cpp:3790] Failed to find ColorBuffer:3019
E0414 18:20:39.565390 fd83000 FrameBuffer.cpp:3790] Failed to find ColorBuffer:3021
E0414 18:20:39.565394 fd83000 FrameBuffer.cpp:3790] Failed to find ColorBuffer:3022
E0414 18:20:39.565398 fd83000 FrameBuffer.cpp:3790] Failed to find ColorBuffer:3019
E0414 18:20:39.565402 fd83000 FrameBuffer.cpp:3790] Failed to find ColorBuffer:3021
E0414 18:20:39.565406 fd83000 FrameBuffer.cpp:3790] Failed to find ColorBuffer:3022
E0414 18:20:39.565410 fd83000 FrameBuffer.cpp:3790] Failed to find ColorBuffer:3019
E0414 18:20:39.565414 fd83000 FrameBuffer.cpp:3790] Failed to find ColorBuffer:3021
E0414 18:20:39.565418 fd83000 FrameBuffer.cpp:3790] Failed to find ColorBuffer:3022
E0414 18:20:39.565422 fd83000 FrameBuffer.cpp:3790] Failed to find ColorBuffer:3019
E0414 18:20:39.565426 fd83000 FrameBuffer.cpp:3790] Failed to find ColorBuffer:3021
E0414 18:20:39.565430 fd83000 FrameBuffer.cpp:3790] Failed to find ColorBuffer:3022
E0414 18:20:39.565434 fd83000 FrameBuffer.cpp:3790] Failed to find ColorBuffer:3019
E0414 18:20:39.565438 fd83000 FrameBuffer.cpp:3790] Failed to find ColorBuffer:3021
E0414 18:20:39.565442 fd83000 FrameBuffer.cpp:3790] Failed to find ColorBuffer:3022
E0414 18:20:39.565445 fd83000 FrameBuffer.cpp:3790] Failed to find ColorBuffer:3019
E0414 18:20:39.565449 fd83000 FrameBuffer.cpp:3790] Failed to find ColorBuffer:3021
E0414 18:20:39.565453 fd83000 FrameBuffer.cpp:3790] Failed to find ColorBuffer:3022
E0414 18:20:39.565457 fd83000 FrameBuffer.cpp:3790] Failed to find ColorBuffer:3019
E0414 18:20:39.565461 fd83000 FrameBuffer.cpp:3790] Failed to find ColorBuffer:3021
E0414 18:20:39.565465 fd83000 FrameBuffer.cpp:3790] Failed to find ColorBuffer:3022
E0414 18:20:39.565469 fd83000 FrameBuffer.cpp:3790] Failed to find ColorBuffer:3019
E0414 18:20:39.565473 fd83000 FrameBuffer.cpp:3790] Failed to find ColorBuffer:3021
E0414 18:20:39.565477 fd83000 FrameBuffer.cpp:3790] Failed to find ColorBuffer:3022
E0414 18:20:39.565481 fd83000 FrameBuffer.cpp:3790] Failed to find ColorBuffer:3019
E0414 18:20:39.565484 fd83000 FrameBuffer.cpp:3790] Failed to find ColorBuffer:3021
E0414 18:20:39.565488 fd83000 FrameBuffer.cpp:3790] Failed to find ColorBuffer:3022
E0414 18:20:39.565492 fd83000 FrameBuffer.cpp:3790] Failed to find ColorBuffer:3019
E0414 18:20:39.565496 fd83000 FrameBuffer.cpp:3790] Failed to find ColorBuffer:3021
E0414 18:20:39.565499 fd83000 FrameBuffer.cpp:3790] Failed to find ColorBuffer:3022
E0414 18:20:39.565503 fd83000 FrameBuffer.cpp:3790] Failed to find ColorBuffer:3019
E0414 18:20:39.565507 fd83000 FrameBuffer.cpp:3790] Failed to find ColorBuffer:3021
E0414 18:20:39.565511 fd83000 FrameBuffer.cpp:3790] Failed to find ColorBuffer:3022
E0414 18:20:39.565515 fd83000 FrameBuffer.cpp:3790] Failed to find ColorBuffer:3019
E0414 18:20:39.565518 fd83000 FrameBuffer.cpp:3790] Failed to find ColorBuffer:3021
E0414 18:20:39.565523 fd83000 FrameBuffer.cpp:3790] Failed to find ColorBuffer:3022
E0414 18:20:39.565526 fd83000 FrameBuffer.cpp:3790] Failed to find ColorBuffer:3019
E0414 18:20:39.565530 fd83000 FrameBuffer.cpp:3790] Failed to find ColorBuffer:3021
E0414 18:20:39.565534 fd83000 FrameBuffer.cpp:3790] Failed to find ColorBuffer:3022
E0414 18:20:39.565538 fd83000 FrameBuffer.cpp:3790] Failed to find ColorBuffer:3019
E0414 18:20:39.565585 fd83000 FrameBuffer.cpp:3790] Failed to find ColorBuffer:3021
E0414 18:20:39.565590 fd83000 FrameBuffer.cpp:3790] Failed to find ColorBuffer:3022
E0414 18:20:39.565595 fd83000 FrameBuffer.cpp:3790] Failed to find ColorBuffer:3019
E0414 18:20:39.565599 fd83000 FrameBuffer.cpp:3790] Failed to find ColorBuffer:3021
E0414 18:20:39.565603 fd83000 FrameBuffer.cpp:3790] Failed to find ColorBuffer:3022
E0414 18:20:39.565607 fd83000 FrameBuffer.cpp:3790] Failed to find ColorBuffer:3019
E0414 18:20:39.565611 fd83000 FrameBuffer.cpp:3790] Failed to find ColorBuffer:3021
E0414 18:20:39.565615 fd83000 FrameBuffer.cpp:3790] Failed to find ColorBuffer:3022
E0414 18:20:39.565619 fd83000 FrameBuffer.cpp:3790] Failed to find ColorBuffer:3019
E0414 18:20:39.565623 fd83000 FrameBuffer.cpp:3790] Failed to find ColorBuffer:3021
E0414 18:20:39.565627 fd83000 FrameBuffer.cpp:3790] Failed to find ColorBuffer:3022
E0414 18:20:39.565631 fd83000 FrameBuffer.cpp:3790] Failed to find ColorBuffer:3019
E0414 18:20:39.565634 fd83000 FrameBuffer.cpp:3790] Failed to find ColorBuffer:3021
E0414 18:20:39.565638 fd83000 FrameBuffer.cpp:3790] Failed to find ColorBuffer:3022
E0414 18:20:39.565642 fd83000 FrameBuffer.cpp:3790] Failed to find ColorBuffer:3019
E0414 18:20:39.565646 fd83000 FrameBuffer.cpp:3790] Failed to find ColorBuffer:3021
E0414 18:20:39.565650 fd83000 FrameBuffer.cpp:3790] Failed to find ColorBuffer:3022
E0414 18:20:39.565654 fd83000 FrameBuffer.cpp:3790] Failed to find ColorBuffer:3019
E0414 18:20:39.565658 fd83000 FrameBuffer.cpp:3790] Failed to find ColorBuffer:3021
E0414 18:20:39.565662 fd83000 FrameBuffer.cpp:3790] Failed to find ColorBuffer:3022
E0414 18:20:39.565666 fd83000 FrameBuffer.cpp:3790] Failed to find ColorBuffer:3019
E0414 18:20:39.565670 fd83000 FrameBuffer.cpp:3790] Failed to find ColorBuffer:3021
E0414 18:20:39.565674 fd83000 FrameBuffer.cpp:3790] Failed to find ColorBuffer:3022
E0414 18:20:39.565678 fd83000 FrameBuffer.cpp:3790] Failed to find ColorBuffer:3019
E0414 18:20:39.565682 fd83000 FrameBuffer.cpp:3790] Failed to find ColorBuffer:3021
E0414 18:20:39.565686 fd83000 FrameBuffer.cpp:3790] Failed to find ColorBuffer:3022
E0414 18:20:39.565689 fd83000 FrameBuffer.cpp:3790] Failed to find ColorBuffer:3019
E0414 18:20:39.565693 fd83000 FrameBuffer.cpp:3790] Failed to find ColorBuffer:3021
E0414 18:20:39.565697 fd83000 FrameBuffer.cpp:3790] Failed to find ColorBuffer:3022
E0414 18:20:39.565701 fd83000 FrameBuffer.cpp:3790] Failed to find ColorBuffer:3019
E0414 18:20:39.565705 fd83000 FrameBuffer.cpp:3790] Failed to find ColorBuffer:3021
E0414 18:20:39.565709 fd83000 FrameBuffer.cpp:3790] Failed to find ColorBuffer:3022
E0414 18:20:39.565713 fd83000 FrameBuffer.cpp:3790] Failed to find ColorBuffer:3019
E0414 18:20:39.565716 fd83000 FrameBuffer.cpp:3790] Failed to find ColorBuffer:3021
E0414 18:20:39.565720 fd83000 FrameBuffer.cpp:3790] Failed to find ColorBuffer:3022
E0414 18:20:39.565724 fd83000 FrameBuffer.cpp:3790] Failed to find ColorBuffer:3019
E0414 18:20:39.565728 fd83000 FrameBuffer.cpp:3790] Failed to find ColorBuffer:3021
E0414 18:20:39.565732 fd83000 FrameBuffer.cpp:3790] Failed to find ColorBuffer:3022
E0414 18:20:39.565735 fd83000 FrameBuffer.cpp:3790] Failed to find ColorBuffer:3019
E0414 18:20:39.565739 fd83000 FrameBuffer.cpp:3790] Failed to find ColorBuffer:3021
E0414 18:20:39.565743 fd83000 FrameBuffer.cpp:3790] Failed to find ColorBuffer:3022
E0414 18:20:39.565747 fd83000 FrameBuffer.cpp:3790] Failed to find ColorBuffer:3019
E0414 18:20:39.565751 fd83000 FrameBuffer.cpp:3790] Failed to find ColorBuffer:3021
E0414 18:20:39.565755 fd83000 FrameBuffer.cpp:3790] Failed to find ColorBuffer:3022
E0414 18:20:39.565758 fd83000 FrameBuffer.cpp:3790] Failed to find ColorBuffer:3019
E0414 18:20:39.565762 fd83000 FrameBuffer.cpp:3790] Failed to find ColorBuffer:3021
E0414 18:20:39.565766 fd83000 FrameBuffer.cpp:3790] Failed to find ColorBuffer:3022
E0414 18:20:39.565770 fd83000 FrameBuffer.cpp:3790] Failed to find ColorBuffer:3019
E0414 18:20:39.565774 fd83000 FrameBuffer.cpp:3790] Failed to find ColorBuffer:3021
E0414 18:20:39.565794 fd83000 FrameBuffer.cpp:3790] Failed to find ColorBuffer:3022
E0414 18:20:39.565798 fd83000 FrameBuffer.cpp:3790] Failed to find ColorBuffer:3019
E0414 18:20:39.565802 fd83000 FrameBuffer.cpp:3790] Failed to find ColorBuffer:3021
E0414 18:20:39.565806 fd83000 FrameBuffer.cpp:3790] Failed to find ColorBuffer:3022
E0414 18:20:39.565810 fd83000 FrameBuffer.cpp:3790] Failed to find ColorBuffer:3019
E0414 18:20:39.565814 fd83000 FrameBuffer.cpp:3790] Failed to find ColorBuffer:3021
E0414 18:20:39.565818 fd83000 FrameBuffer.cpp:3790] Failed to find ColorBuffer:3022
E0414 18:20:39.565822 fd83000 FrameBuffer.cpp:3790] Failed to find ColorBuffer:3019
E0414 18:20:39.565825 fd83000 FrameBuffer.cpp:3790] Failed to find ColorBuffer:3021
E0414 18:20:39.565829 fd83000 FrameBuffer.cpp:3790] Failed to find ColorBuffer:3022
E0414 18:20:39.565833 fd83000 FrameBuffer.cpp:3790] Failed to find ColorBuffer:3019
E0414 18:20:39.565837 fd83000 FrameBuffer.cpp:3790] Failed to find ColorBuffer:3021
E0414 18:20:39.565841 fd83000 FrameBuffer.cpp:3790] Failed to find ColorBuffer:3022
E0414 18:20:39.565845 fd83000 FrameBuffer.cpp:3790] Failed to find ColorBuffer:3019
E0414 18:20:39.565848 fd83000 FrameBuffer.cpp:3790] Failed to find ColorBuffer:3021
E0414 18:20:39.565852 fd83000 FrameBuffer.cpp:3790] Failed to find ColorBuffer:3022
E0414 18:20:39.565856 fd83000 FrameBuffer.cpp:3790] Failed to find ColorBuffer:3019
E0414 18:20:39.565860 fd83000 FrameBuffer.cpp:3790] Failed to find ColorBuffer:3021
E0414 18:20:39.565864 fd83000 FrameBuffer.cpp:3790] Failed to find ColorBuffer:3022
E0414 18:20:39.565868 fd83000 FrameBuffer.cpp:3790] Failed to find ColorBuffer:3019
E0414 18:20:39.565872 fd83000 FrameBuffer.cpp:3790] Failed to find ColorBuffer:3021
E0414 18:20:39.565876 fd83000 FrameBuffer.cpp:3790] Failed to find ColorBuffer:3022
E0414 18:20:39.565879 fd83000 FrameBuffer.cpp:3790] Failed to find ColorBuffer:3019
E0414 18:20:39.565883 fd83000 FrameBuffer.cpp:3790] Failed to find ColorBuffer:3021
E0414 18:20:39.565887 fd83000 FrameBuffer.cpp:3790] Failed to find ColorBuffer:3022
E0414 18:20:39.565891 fd83000 FrameBuffer.cpp:3790] Failed to find ColorBuffer:3019
E0414 18:20:39.565895 fd83000 FrameBuffer.cpp:3790] Failed to find ColorBuffer:3021
E0414 18:20:39.565898 fd83000 FrameBuffer.cpp:3790] Failed to find ColorBuffer:3022
E0414 18:20:39.565902 fd83000 FrameBuffer.cpp:3790] Failed to find ColorBuffer:3019
E0414 18:20:39.565906 fd83000 FrameBuffer.cpp:3790] Failed to find ColorBuffer:3021
E0414 18:20:39.565910 fd83000 FrameBuffer.cpp:3790] Failed to find ColorBuffer:3022
E0414 18:20:39.565914 fd83000 FrameBuffer.cpp:3790] Failed to find ColorBuffer:3019
E0414 18:20:39.565918 fd83000 FrameBuffer.cpp:3790] Failed to find ColorBuffer:3021
E0414 18:20:39.565922 fd83000 FrameBuffer.cpp:3790] Failed to find ColorBuffer:3022
E0414 18:20:39.565926 fd83000 FrameBuffer.cpp:3790] Failed to find ColorBuffer:3019
E0414 18:20:39.565929 fd83000 FrameBuffer.cpp:3790] Failed to find ColorBuffer:3021
E0414 18:20:39.565933 fd83000 FrameBuffer.cpp:3790] Failed to find ColorBuffer:3022
E0414 18:20:39.565937 fd83000 FrameBuffer.cpp:3790] Failed to find ColorBuffer:3019
E0414 18:20:39.565941 fd83000 FrameBuffer.cpp:3790] Failed to find ColorBuffer:3021
E0414 18:20:39.565945 fd83000 FrameBuffer.cpp:3790] Failed to find ColorBuffer:3022
E0414 18:20:39.565949 fd83000 FrameBuffer.cpp:3790] Failed to find ColorBuffer:3019
E0414 18:20:39.565953 fd83000 FrameBuffer.cpp:3790] Failed to find ColorBuffer:3021
E0414 18:20:39.565957 fd83000 FrameBuffer.cpp:3790] Failed to find ColorBuffer:3022
E0414 18:20:39.565961 fd83000 FrameBuffer.cpp:3790] Failed to find ColorBuffer:3019
E0414 18:20:39.565965 fd83000 FrameBuffer.cpp:3790] Failed to find ColorBuffer:3021
E0414 18:20:39.565969 fd83000 FrameBuffer.cpp:3790] Failed to find ColorBuffer:3022
E0414 18:20:39.565973 fd83000 FrameBuffer.cpp:3790] Failed to find ColorBuffer:3019
E0414 18:20:39.565977 fd83000 FrameBuffer.cpp:3790] Failed to find ColorBuffer:3021
E0414 18:20:39.565981 fd83000 FrameBuffer.cpp:3790] Failed to find ColorBuffer:3022
E0414 18:20:39.565996 fd83000 FrameBuffer.cpp:3790] Failed to find ColorBuffer:3019
E0414 18:20:39.566001 fd83000 FrameBuffer.cpp:3790] Failed to find ColorBuffer:3021
E0414 18:20:39.566004 fd83000 FrameBuffer.cpp:3790] Failed to find ColorBuffer:3022
E0414 18:20:39.566008 fd83000 FrameBuffer.cpp:3790] Failed to find ColorBuffer:3019
E0414 18:20:39.566012 fd83000 FrameBuffer.cpp:3790] Failed to find ColorBuffer:3021
E0414 18:20:39.566016 fd83000 FrameBuffer.cpp:3790] Failed to find ColorBuffer:3022
E0414 18:20:39.566020 fd83000 FrameBuffer.cpp:3790] Failed to find ColorBuffer:3019
E0414 18:20:39.566025 fd83000 FrameBuffer.cpp:3790] Failed to find ColorBuffer:3021
E0414 18:20:39.566028 fd83000 FrameBuffer.cpp:3790] Failed to find ColorBuffer:3022
E0414 18:20:39.566033 fd83000 FrameBuffer.cpp:3790] Failed to find ColorBuffer:3019
E0414 18:20:39.566037 fd83000 FrameBuffer.cpp:3790] Failed to find ColorBuffer:3021
E0414 18:20:39.566041 fd83000 FrameBuffer.cpp:3790] Failed to find ColorBuffer:3022
E0414 18:20:39.566045 fd83000 FrameBuffer.cpp:3790] Failed to find ColorBuffer:3019
E0414 18:20:39.566049 fd83000 FrameBuffer.cpp:3790] Failed to find ColorBuffer:3021
E0414 18:20:39.566053 fd83000 FrameBuffer.cpp:3790] Failed to find ColorBuffer:3022
E0414 18:20:39.566057 fd83000 FrameBuffer.cpp:3790] Failed to find ColorBuffer:3019
E0414 18:20:39.566061 fd83000 FrameBuffer.cpp:3790] Failed to find ColorBuffer:3021
E0414 18:20:39.566065 fd83000 FrameBuffer.cpp:3790] Failed to find ColorBuffer:3022
E0414 18:20:39.566069 fd83000 FrameBuffer.cpp:3790] Failed to find ColorBuffer:3019
E0414 18:20:39.566073 fd83000 FrameBuffer.cpp:3790] Failed to find ColorBuffer:3021
E0414 18:20:39.566077 fd83000 FrameBuffer.cpp:3790] Failed to find ColorBuffer:3022
E0414 18:20:39.566081 fd83000 FrameBuffer.cpp:3790] Failed to find ColorBuffer:3019
E0414 18:20:39.566085 fd83000 FrameBuffer.cpp:3790] Failed to find ColorBuffer:3021
E0414 18:20:39.566089 fd83000 FrameBuffer.cpp:3790] Failed to find ColorBuffer:3022
E0414 18:20:39.566093 fd83000 FrameBuffer.cpp:3790] Failed to find ColorBuffer:3019
E0414 18:20:39.566097 fd83000 FrameBuffer.cpp:3790] Failed to find ColorBuffer:3021
E0414 18:20:39.566101 fd83000 FrameBuffer.cpp:3790] Failed to find ColorBuffer:3022
E0414 18:20:39.566105 fd83000 FrameBuffer.cpp:3790] Failed to find ColorBuffer:3019
E0414 18:20:39.566109 fd83000 FrameBuffer.cpp:3790] Failed to find ColorBuffer:3021
E0414 18:20:39.566113 fd83000 FrameBuffer.cpp:3790] Failed to find ColorBuffer:3022
E0414 18:20:39.566117 fd83000 FrameBuffer.cpp:3790] Failed to find ColorBuffer:3019
E0414 18:20:39.566121 fd83000 FrameBuffer.cpp:3790] Failed to find ColorBuffer:3021
E0414 18:20:39.566125 fd83000 FrameBuffer.cpp:3790] Failed to find ColorBuffer:3022
E0414 18:20:39.566129 fd83000 FrameBuffer.cpp:3790] Failed to find ColorBuffer:3019
E0414 18:20:39.566134 fd83000 FrameBuffer.cpp:3790] Failed to find ColorBuffer:3021
E0414 18:20:39.566138 fd83000 FrameBuffer.cpp:3790] Failed to find ColorBuffer:3022
E0414 18:20:39.566142 fd83000 FrameBuffer.cpp:3790] Failed to find ColorBuffer:3019
E0414 18:20:39.566146 fd83000 FrameBuffer.cpp:3790] Failed to find ColorBuffer:3021
E0414 18:20:39.566150 fd83000 FrameBuffer.cpp:3790] Failed to find ColorBuffer:3022
E0414 18:20:39.566154 fd83000 FrameBuffer.cpp:3790] Failed to find ColorBuffer:3019
E0414 18:20:39.566158 fd83000 FrameBuffer.cpp:3790] Failed to find ColorBuffer:3021
E0414 18:20:39.566162 fd83000 FrameBuffer.cpp:3790] Failed to find ColorBuffer:3022
E0414 18:20:39.566166 fd83000 FrameBuffer.cpp:3790] Failed to find ColorBuffer:3019
E0414 18:20:39.566170 fd83000 FrameBuffer.cpp:3790] Failed to find ColorBuffer:3021
E0414 18:20:39.566174 fd83000 FrameBuffer.cpp:3790] Failed to find ColorBuffer:3022
E0414 18:20:39.566178 fd83000 FrameBuffer.cpp:3790] Failed to find ColorBuffer:3019
E0414 18:20:39.566182 fd83000 FrameBuffer.cpp:3790] Failed to find ColorBuffer:3021
E0414 18:20:39.566186 fd83000 FrameBuffer.cpp:3790] Failed to find ColorBuffer:3022
E0414 18:20:39.566202 fd83000 FrameBuffer.cpp:3790] Failed to find ColorBuffer:3019
E0414 18:20:39.566206 fd83000 FrameBuffer.cpp:3790] Failed to find ColorBuffer:3021
E0414 18:20:39.566210 fd83000 FrameBuffer.cpp:3790] Failed to find ColorBuffer:3022
E0414 18:20:39.566214 fd83000 FrameBuffer.cpp:3790] Failed to find ColorBuffer:3019
E0414 18:20:39.566218 fd83000 FrameBuffer.cpp:3790] Failed to find ColorBuffer:3021
INFO    | Wait for emulator (pid 45414) 20 seconds to shutdown gracefully before kill;you can set environment variable ANDROID_EMULATOR_WAIT_TIME_BEFORE_KILL(in seconds) to change the default value (20 seconds)
